timestamp,edge_id,cpu_percent,memory_percent,disk_io_MBps,net_latency_ms,failed
2025-07-13 06:00:00,edge-1,54.57075619631647,46.707479998737384,112.22320767609921,16.420712781093833,0
2025-07-13 07:00:00,edge-1,34.40023840639257,67.21183355313683,135.75194983741827,20.50071456230038,0
2025-07-13 08:00:00,edge-1,61.25676793709686,32.18629140049487,130.09534930850714,12.521698745623162,0
2025-07-13 09:00:00,edge-1,64.1084707458682,88.77410964718462,145.63251157445524,20.58234207525711,0
2025-07-13 10:00:00,edge-1,20.734472170192454,57.11944679890647,99.92326399963784,15.333872246553325,0
2025-07-13 11:00:00,edge-1,30.467307397065227,65.8008079296707,112.1386760326668,17.787635285749946,0
2025-07-13 12:00:00,edge-1,51.91760604750928,100.0,120.46054807676765,25.22532332885562,0
2025-07-13 13:00:00,edge-1,45.256361114846264,90.32880201178807,105.66626789564103,22.36004784189037,0
2025-07-13 14:00:00,edge-1,49.74798263743567,53.86868757425884,84.11222760331705,22.842047622874095,0
2025-07-13 15:00:00,edge-1,37.2043410863963,48.135596302592816,86.70229862640919,11.143975808040686,0
2025-07-13 16:00:00,edge-1,63.19096962294243,53.48909976960937,67.29766406680139,29.184475849145066,0
2025-07-13 17:00:00,edge-1,61.66687903143422,70.19796496953072,116.86467319639318,14.040593445290625,0
2025-07-13 18:00:00,edge-1,50.99046046341824,57.89551731498258,96.23939303659378,27.642804071469325,0
2025-07-13 19:00:00,edge-1,66.90861810452049,52.09511709993057,73.4730499745294,25.107719329907432,0
2025-07-13 20:00:00,edge-1,57.012640133780685,89.34362501418084,73.5102072270163,22.8866637089234,0
2025-07-13 21:00:00,edge-1,37.110613056751426,57.71580216444326,51.58405088868846,15.725076095458093,0
2025-07-13 22:00:00,edge-1,55.53126176123748,100.0,139.15365364948798,20.757949224097615,0
2025-07-13 23:00:00,edge-1,35.616760987565016,61.81485127504346,103.14470678127151,17.6453929467757,0
2025-07-14 00:00:00,edge-1,63.17675451960909,95.70636788449454,65.48799921706919,20.14519785752646,0
2025-07-14 01:00:00,edge-1,49.251111335206204,67.14638845421254,132.34190998408073,18.7506387045722,0
2025-07-14 02:00:00,edge-1,47.22706454682109,79.25921146498897,77.58204760822508,9.80694746713796,0
2025-07-14 03:00:00,edge-1,39.786056833940876,45.507778969645514,43.73997491951069,25.60892075492294,0
2025-07-14 04:00:00,edge-1,68.33812008011046,42.924815548251765,140.8488915687653,19.594464217253194,0
2025-07-14 05:00:00,edge-1,47.682057768967965,69.19411910029974,78.51612041735548,17.575998002488816,0
2025-07-14 06:00:00,edge-1,43.57508266755339,79.7710648493063,83.64403639164843,17.19836383585116,1
2025-07-14 07:00:00,edge-1,44.717996742676554,60.80513004000926,101.6472008139671,21.79229788183384,0
2025-07-14 08:00:00,edge-1,57.98463778330023,34.272133298326054,145.70356891160458,15.531218308527638,0
2025-07-14 09:00:00,edge-1,55.481660965461174,32.79483267421346,100.80149163465246,8.724122207629783,0
2025-07-14 10:00:00,edge-1,56.190989173939826,31.45727195627518,52.03531495419079,22.03564901604138,0
2025-07-14 11:00:00,edge-1,56.46231504511824,24.64755774121238,121.75508016448721,22.595514989784107,0
2025-07-14 12:00:00,edge-1,82.12471401305692,62.18970718894175,80.60041102953105,19.001840876611837,0
2025-07-14 13:00:00,edge-1,43.90377475423077,82.50087843416051,175.51695886117864,14.260485624049956,0
2025-07-14 14:00:00,edge-1,42.31635906392694,59.73168426150382,99.9552111200844,20.444677704446427,0
2025-07-14 15:00:00,edge-1,37.79340907628183,14.791704853242955,10.598580084053353,12.677338158432057,0
2025-07-14 16:00:00,edge-1,59.23969133863243,56.18479079330903,114.29459888622696,14.863847016561703,0
2025-07-14 17:00:00,edge-1,66.93458439081337,56.74402006734786,177.78391169040913,16.246510317479196,0
2025-07-14 18:00:00,edge-1,48.290788135176875,100.0,163.03681154181558,24.21969535445778,0
2025-07-14 19:00:00,edge-1,37.39765284556208,30.857241741608874,173.23817155026262,18.186945247815416,0
2025-07-14 20:00:00,edge-1,37.6327817646314,52.18644794801609,59.20959258474146,17.760667941117696,0
2025-07-14 21:00:00,edge-1,59.75889181737052,94.11705361089128,136.48609583907114,29.77346257705623,0
2025-07-14 22:00:00,edge-1,61.14881256805163,68.99956682693096,71.12021841053154,21.762312485943568,0
2025-07-14 23:00:00,edge-1,58.14731402457792,71.26626147032849,108.97157597667697,21.69497255237413,0
2025-07-15 00:00:00,edge-1,40.01735439066958,62.29168874047757,49.0819028504107,18.151496273956127,0
2025-07-15 01:00:00,edge-1,53.482419846000795,66.5988707731453,74.22176940469134,17.01814166181611,0
2025-07-15 02:00:00,edge-1,51.750287137110924,75.55219060557071,72.9501321054554,9.067967799914246,0
2025-07-15 03:00:00,edge-1,53.28032895093519,43.81027362214468,135.94221120570467,24.84370265961779,0
2025-07-15 04:00:00,edge-1,63.07143166922285,77.561171578164,132.02876486678622,22.241548528781895,0
2025-07-15 05:00:00,edge-1,53.35393323162023,32.539939662289214,111.07278917323283,19.104170033932935,0
2025-07-15 06:00:00,edge-1,60.183703446078425,66.56735945663077,45.98314327778458,19.31386649081872,0
2025-07-15 07:00:00,edge-1,51.01368604233337,63.574819265726546,87.53442264201121,23.680721311305277,0
2025-07-15 08:00:00,edge-1,54.33679098034976,47.674138236157845,70.15534068229096,12.226449634600733,0
2025-07-15 09:00:00,edge-1,59.46932338757811,59.54629449348707,134.78703026777964,17.05059334223097,0
2025-07-15 10:00:00,edge-1,28.142662702165005,47.54919694668894,147.1273941126874,14.318485685537347,0
2025-07-15 11:00:00,edge-1,45.204931754640484,38.565973462765115,142.25542344123534,28.85754641243373,0
2025-07-15 12:00:00,edge-1,42.944410185608064,52.92770516772711,69.79122322331918,24.3782776592665,0
2025-07-15 13:00:00,edge-1,40.41683227634987,37.92022729256677,10.0,8.986536794323179,0
2025-07-15 14:00:00,edge-1,45.872866231599744,66.45594928186496,29.32152407479782,12.431191866800122,0
2025-07-15 15:00:00,edge-1,72.42411966851594,36.99829011695273,156.86507912328835,19.338271633212567,0
2025-07-15 16:00:00,edge-1,37.01253326460135,74.23954045982103,83.94980242720705,17.637798939637875,0
2025-07-15 17:00:00,edge-1,64.52417531887221,36.3704186414236,69.97101526939551,13.378088959615559,0
2025-07-15 18:00:00,edge-1,24.75695342576293,48.67410168837988,165.70641173744934,29.723811188252448,0
2025-07-15 19:00:00,edge-1,44.976724550213376,47.50793183569642,150.60639781953307,21.562699569912894,0
2025-07-15 20:00:00,edge-1,52.441295976575084,86.50293457749677,100.97794887679147,22.374081614315458,0
2025-07-15 21:00:00,edge-1,58.79333497038917,66.60579891233184,88.26387635744105,16.53992525383893,0
2025-07-15 22:00:00,edge-1,60.66839869689282,55.765323949112116,94.715951487475,23.611370735890013,0
2025-07-15 23:00:00,edge-1,61.90020852799888,69.97438882139447,109.08651193549863,18.09783619508994,0
2025-07-16 00:00:00,edge-1,44.769123916273436,17.85615305340624,164.00189125278433,18.583284131462502,0
2025-07-16 01:00:00,edge-1,43.064723110031494,59.13732820718185,116.89869696948907,23.0550097991263,0
2025-07-16 02:00:00,edge-1,62.869638218857304,99.95028355609526,129.04116132156565,11.855012174698501,0
2025-07-16 03:00:00,edge-1,47.13043512677578,62.64693012805345,146.77080436280687,27.98513929925491,0
2025-07-16 04:00:00,edge-1,30.864705149931172,61.35826338338671,53.212959959023244,20.91194607361938,0
2025-07-16 05:00:00,edge-1,33.000691789947794,70.96256759284393,130.19447569896172,26.40472104390212,0
2025-07-16 06:00:00,edge-1,36.20821570997583,77.91210486628691,88.21724981353555,14.622901216905909,0
2025-07-16 07:00:00,edge-1,57.45741116080646,20.050666142202807,10.0,15.384174379859035,0
2025-07-16 08:00:00,edge-1,52.13638604105848,26.353470364179465,14.873218320567517,14.190498892000939,0
2025-07-16 09:00:00,edge-1,60.357280311016524,64.20582582172293,59.275295539252575,21.251488363324196,0
2025-07-16 10:00:00,edge-1,43.591210304951986,45.702468762049804,121.24892914370326,20.32991650959123,0
2025-07-16 11:00:00,edge-1,52.37809536615072,86.24050524439829,104.55198261361186,17.677940903844096,0
2025-07-16 12:00:00,edge-1,59.38385590951005,53.69651220229552,107.37466828702657,14.929654035573602,0
2025-07-16 13:00:00,edge-1,45.35980190419642,21.30938528573764,178.0377393074677,13.667018651345789,0
2025-07-16 14:00:00,edge-1,56.851628563361174,34.639721663120056,49.23641540560751,19.75758049764672,0
2025-07-16 15:00:00,edge-1,40.071110884000234,5.006479607388492,98.90266583265105,17.672066102057,0
2025-07-16 16:00:00,edge-1,44.554192301523926,55.31748925434175,112.17742091255262,16.57196503820869,0
2025-07-16 17:00:00,edge-1,44.273931590025065,56.23231745471233,70.54907533846658,27.73544743065805,0
2025-07-16 18:00:00,edge-1,32.0624053161644,51.510745804362045,101.13306980331764,19.58837160903633,0
2025-07-16 19:00:00,edge-1,57.304587211783726,81.57758078059477,36.002026636626205,26.350214669634624,0
2025-07-16 20:00:00,edge-1,42.958964896959145,83.97039673033387,156.39624869100112,17.33373908658652,0
2025-07-16 21:00:00,edge-1,50.18741178091531,56.592231532877776,72.73541789878266,21.223881418993283,0
2025-07-16 22:00:00,edge-1,57.211199883588634,17.30612665046288,181.25600659114014,19.722619918718326,0
2025-07-16 23:00:00,edge-1,56.697967640449164,72.34563160984517,98.70102704330179,11.511888452409387,0
2025-07-17 00:00:00,edge-1,59.98077663459179,71.1072045701715,141.12214261596733,27.141691531319566,0
2025-07-17 01:00:00,edge-1,48.52271773235864,66.1878314031389,97.86788524035383,19.32423196483792,0
2025-07-17 02:00:00,edge-1,43.650525319337696,79.62959498616232,98.77024670957881,23.7320910981648,0
2025-07-17 03:00:00,edge-1,48.80422683640401,36.7034380707792,76.63882667111969,16.239856387692203,0
2025-07-17 04:00:00,edge-1,24.68998349062955,100.0,104.7649571746511,19.175778092101176,0
2025-07-17 05:00:00,edge-1,28.29331291365369,40.81144493716264,112.7199477765619,15.665738200383228,0
2025-07-17 06:00:00,edge-1,30.159505814683964,74.98445854401709,68.62965964339281,26.17999241381697,0
2025-07-17 07:00:00,edge-1,35.04129758597777,26.25304611173297,94.99822336560463,21.55704673725338,0
2025-07-17 08:00:00,edge-1,55.99661340085155,41.39470625459899,75.59604535771545,21.83526763340444,0
2025-07-17 09:00:00,edge-1,36.41781416959909,90.32737293450673,191.98656278459356,26.790920735524892,0
2025-07-17 10:00:00,edge-1,44.32756168940915,54.782003539983,96.41076920353525,25.781706484495114,0
2025-07-17 11:00:00,edge-1,69.48842446679097,76.79845210265596,161.8092860678624,23.826712680681425,0
2025-07-17 12:00:00,edge-1,44.65604043407861,64.73910777438492,92.17510676769247,12.891363264812686,0
2025-07-17 13:00:00,edge-1,61.0627335270063,57.90083687999655,110.37150566139631,16.521604402416582,0
2025-07-17 14:00:00,edge-1,35.995734799851846,87.27700649865379,47.14543713418923,14.980559319943236,0
2025-07-17 15:00:00,edge-1,46.91843663198555,55.26682350696199,82.11709632528542,23.637668468128997,0
2025-07-17 16:00:00,edge-1,35.749669176341285,24.38523784873059,108.42138683156988,20.853259708750258,0
2025-07-17 17:00:00,edge-1,44.91450386149156,43.935198160965896,163.44015323839466,13.047437831847027,0
2025-07-17 18:00:00,edge-1,62.60462206186094,71.02383457403388,108.87931110705085,19.05627893494386,0
2025-07-17 19:00:00,edge-1,24.09019365211477,67.91018212725017,155.34881444771997,12.529438321406108,0
2025-07-17 20:00:00,edge-1,56.51635465318786,28.658834995291237,125.62916440811681,19.7342175596512,0
2025-07-17 21:00:00,edge-1,53.56603403498417,45.51314961183598,165.09605357858743,11.723137480064077,0
2025-07-17 22:00:00,edge-1,41.08775066454808,48.365573015955064,97.63831130779778,22.644137466923063,0
2025-07-17 23:00:00,edge-1,28.30913218417318,52.6906081177155,195.60890842607216,21.889813130170367,0
2025-07-18 00:00:00,edge-1,51.081942615708044,32.48172822796897,80.58415188343508,29.53974246673441,0
2025-07-18 01:00:00,edge-1,42.05760936404296,47.432577837610424,69.34152663209323,24.239366447486713,0
2025-07-18 02:00:00,edge-1,53.49014317032056,45.427790294809455,51.597886012438636,17.885428720887486,0
2025-07-18 03:00:00,edge-1,50.32778218285164,75.43066519523839,193.2409868623228,24.090350466372428,0
2025-07-18 04:00:00,edge-1,74.02668336981372,76.18242621980488,132.77790290471592,13.011680595274107,0
2025-07-18 05:00:00,edge-1,46.409665587904634,57.08379083822368,86.63517066478767,15.187636981594572,0
2025-07-18 06:00:00,edge-1,34.647537610672025,52.15920408258537,149.9609078749398,21.66571266037555,0
2025-07-18 07:00:00,edge-1,52.689134524344745,62.79848624078227,127.50768740471128,9.208751686260364,0
2025-07-18 08:00:00,edge-1,53.29995025957648,43.6684978508885,178.6450988550236,19.814196075330585,0
2025-07-18 09:00:00,edge-1,70.38781362860655,37.06335835665118,38.086686690403546,14.898683539407896,0
2025-07-18 10:00:00,edge-1,62.52666868871868,41.19557582148566,89.38559566742981,20.506535275766318,0
2025-07-18 11:00:00,edge-1,55.35306588724264,47.30373672057087,81.49914464228698,14.611318209763683,0
2025-07-18 12:00:00,edge-1,71.94954336829343,36.730524004154574,21.05269294365594,22.121240687275943,0
2025-07-18 13:00:00,edge-1,32.168554185157234,63.24119118125749,142.41308819118777,20.096637118336947,0
2025-07-18 14:00:00,edge-1,40.40372700875378,74.59431347567417,89.18413776786566,27.001829584406654,0
2025-07-18 15:00:00,edge-1,36.10136087891713,28.258033984035166,129.58524819946248,20.03367267050811,0
2025-07-18 16:00:00,edge-1,44.15285295266348,60.50257422432067,194.39087737318448,16.15678597519267,0
2025-07-18 17:00:00,edge-1,29.34970778665537,55.60128409467329,85.87025232689567,18.765570720863586,0
2025-07-18 18:00:00,edge-1,59.52726420221607,66.83017371073606,83.1538806937138,13.278818014916343,0
2025-07-18 19:00:00,edge-1,46.6666595435184,59.74122463792824,104.74656678895984,22.0306862735272,0
2025-07-18 20:00:00,edge-1,27.937905582460132,30.928014401367385,139.48989411933638,22.949251231576362,0
2025-07-18 21:00:00,edge-1,34.76631378188688,34.75221402285669,77.33147898759401,32.34598018346409,0
2025-07-18 22:00:00,edge-1,54.70270771175293,60.58847151169945,74.76153611471477,16.890820046977975,0
2025-07-18 23:00:00,edge-1,62.571898518415715,80.57561839491018,142.28757080965465,18.661027131624085,0
2025-07-19 00:00:00,edge-1,79.9509633753768,15.71625257913994,115.14557295352142,17.121207377808922,0
2025-07-19 01:00:00,edge-1,93.70793699010994,66.9145315960316,18.210869479807172,21.06056850565612,0
2025-07-19 02:00:00,edge-1,56.216141499139944,83.79244010575286,50.984328021235676,21.90845267239807,0
2025-07-19 03:00:00,edge-1,35.15692819952204,56.939482475875735,160.04943455308842,19.733125777857445,0
2025-07-19 04:00:00,edge-1,18.019305789030362,71.00404992052881,116.0771313231525,25.43162958436516,0
2025-07-19 05:00:00,edge-1,54.015671935157535,45.938618382043956,69.51216275851004,16.915102481226114,0
2025-07-19 06:00:00,edge-1,37.80588357034511,57.612676014462465,93.18361371060071,24.93087023945356,1
2025-07-19 07:00:00,edge-1,43.76964109730472,27.58172963383697,100.52946691206681,22.692489268205414,0
2025-07-19 08:00:00,edge-1,40.81854801410288,13.11313383162252,129.42933441120655,19.939850400505268,0
2025-07-19 09:00:00,edge-1,47.88813670375422,78.8553160245055,45.669464205648424,18.425316796214272,0
2025-07-19 10:00:00,edge-1,65.98970346181466,40.30010144551116,66.36203445318168,32.13333879365685,0
2025-07-19 11:00:00,edge-1,52.35572851168017,50.88944309993139,110.91823019453555,15.914956746289603,0
2025-07-19 12:00:00,edge-1,47.62047744441968,32.27115493459614,96.00661678018199,21.489665884842072,0
2025-07-19 13:00:00,edge-1,34.465193707612826,31.800605938322484,122.8743673054684,16.24890464878934,0
2025-07-19 14:00:00,edge-1,24.879755829434647,56.523245998107676,50.81970410561609,28.92810374310653,0
2025-07-19 15:00:00,edge-1,42.70538136390004,45.40845611728707,114.28514705085284,24.434131643996018,0
2025-07-19 16:00:00,edge-1,49.193261737725194,67.55941995989397,143.6633447750989,16.60825060579428,0
2025-07-19 17:00:00,edge-1,76.51894870369824,69.05076837959184,119.47274188597135,22.56297496715614,0
2025-07-19 18:00:00,edge-1,51.95411782209329,66.41699292649214,105.56446959046367,21.28847860638278,0
2025-07-19 19:00:00,edge-1,64.74109266534586,64.77201581856887,96.16465589736117,17.416876190126306,0
2025-07-19 20:00:00,edge-1,42.51056602191272,91.55536409863772,66.60595388913993,23.790821086140866,0
2025-07-19 21:00:00,edge-1,32.22584350374463,38.648124619102276,97.12005630240846,21.94652695552205,0
2025-07-19 22:00:00,edge-1,35.523248566514425,58.90130267594164,150.38823411521622,21.07849356942976,0
2025-07-19 23:00:00,edge-1,39.1216090319637,82.65379641039178,95.23885973599499,19.790401443788355,0
2025-07-20 00:00:00,edge-1,81.92704598652747,85.29079618676073,64.40784042606359,22.155272462998255,0
2025-07-20 01:00:00,edge-1,37.679199811634206,31.56472701310854,80.31011644938455,21.146938307462296,0
2025-07-20 02:00:00,edge-1,62.57733805604518,53.752891166882605,108.03401189103721,20.295466665125087,0
2025-07-20 03:00:00,edge-1,36.4560923286946,87.16242191734521,85.05944011276613,16.794920420062184,0
2025-07-20 04:00:00,edge-1,63.97359519311366,70.1615821039813,119.41213132252562,28.468831203812464,0
2025-07-20 05:00:00,edge-1,55.77426449158795,63.90526062959545,120.91375042996121,14.747900283257264,0
2025-07-20 06:00:00,edge-1,47.65043153512865,55.646306131306865,135.55932721618592,22.138181094398725,0
2025-07-20 07:00:00,edge-1,49.38856210796849,52.32398148584509,156.94237889060133,18.398796288492836,0
2025-07-20 08:00:00,edge-1,40.178184568559146,65.76438126180648,139.83434897489443,28.7977363472465,0
2025-07-20 09:00:00,edge-1,56.69108302223121,54.952517500310336,62.63043743408161,15.482587313880796,0
2025-07-20 10:00:00,edge-1,43.1752477948883,59.148427579111114,63.85862213694911,16.32368369119834,0
2025-07-20 11:00:00,edge-1,31.615913543491278,61.571974122300745,96.96914094160702,15.150909683690873,0
2025-07-20 12:00:00,edge-1,30.83093638520571,46.438569430130016,81.95298571042342,21.61732525475305,0
2025-07-20 13:00:00,edge-1,52.58881876583179,70.64258747762877,54.466930921562295,13.134746702156791,0
2025-07-20 14:00:00,edge-1,73.68636884615653,100.0,82.33232823308023,17.607357526211167,0
2025-07-20 15:00:00,edge-1,52.39987420360158,24.460267213478495,81.01948265523845,9.238170885728575,0
2025-07-20 16:00:00,edge-1,48.22042510835176,66.4802504837996,73.12609040955176,21.20210677064045,0
2025-07-20 17:00:00,edge-1,54.28739209403814,44.796198227621886,87.36842055379978,17.498925706218685,0
2025-07-20 18:00:00,edge-1,69.59002612560238,71.548051550385,147.13803401273324,12.559716280340734,0
2025-07-20 19:00:00,edge-1,53.290737520457846,60.931149466557216,107.96952164996956,25.428047014870295,0
2025-07-20 20:00:00,edge-1,43.83609153749394,75.23709548084926,198.87236304221878,13.461665508075303,0
2025-07-20 21:00:00,edge-1,66.59433065089833,83.51013153017558,106.82032744078597,23.984718450141077,0
2025-07-20 22:00:00,edge-1,56.4313465769242,63.848422355363624,88.39736904250992,16.494795880060977,0
2025-07-20 23:00:00,edge-1,73.03633987993987,82.64104576828356,100.16531530619464,28.00785688947713,0
2025-07-21 00:00:00,edge-1,52.74851655832859,13.11404212422645,110.2596791377416,23.74775269463073,0
2025-07-21 01:00:00,edge-1,31.632964524192495,91.80904595832047,117.41015828684255,14.95976064562986,0
2025-07-21 02:00:00,edge-1,29.477612011315024,67.5012430378468,183.06845303436094,15.414587238948467,0
2025-07-21 03:00:00,edge-1,74.76391898346874,81.55686711490364,66.18718140089726,23.02762602612155,0
2025-07-21 04:00:00,edge-1,75.85498581174946,35.60248510316957,134.36184232710943,18.688109346449167,0
2025-07-21 05:00:00,edge-1,47.30721180076099,43.38460236789329,108.31002390456496,19.15328746489317,0
2025-07-21 06:00:00,edge-1,44.252190182960184,62.918765882895485,37.1560902971753,26.36119430886049,0
2025-07-21 07:00:00,edge-1,71.92166438363303,59.65924221325074,130.82795128379053,16.256555633150217,0
2025-07-21 08:00:00,edge-1,33.39431476934768,65.66137176019978,150.7049424321562,20.456468860877273,0
2025-07-21 09:00:00,edge-1,36.579094715662606,81.69030321859933,65.71294384890281,24.77313896826153,0
2025-07-21 10:00:00,edge-1,59.649901920335665,24.695593693943017,99.64264528432118,24.045587441928,0
2025-07-21 11:00:00,edge-1,44.080923157106156,79.47638143434618,30.985829519691862,19.201936662396637,0
2025-07-21 12:00:00,edge-1,49.92317199919893,60.16563819915854,49.64774161262654,18.555470595736708,0
2025-07-21 13:00:00,edge-1,47.54835652213231,55.924362777509046,141.9211831046901,11.305922687395341,0
2025-07-21 14:00:00,edge-1,55.063618231984,30.577695312302193,81.34333975970262,14.718775036674021,0
2025-07-21 15:00:00,edge-1,71.11222791970576,70.0609733675373,55.64788100247843,21.591796132873668,0
2025-07-21 16:00:00,edge-1,51.35877360352618,11.717842979379256,109.17841457833718,19.31058905528882,0
2025-07-21 17:00:00,edge-1,59.659081899152866,72.96788022477425,79.10350274275908,20.37463539283113,0
2025-07-21 18:00:00,edge-1,19.247418484534663,30.157883290540163,81.16713368897855,25.196268048170303,0
2025-07-21 19:00:00,edge-1,49.269223971048234,61.06915825234948,129.57304102699612,14.063384454688627,0
2025-07-21 20:00:00,edge-1,37.35154594560693,57.61662325344159,53.53066564262613,18.81909848883675,0
2025-07-21 21:00:00,edge-1,31.71780409364558,83.39076294587767,63.78539149272671,20.94355481705609,0
2025-07-21 22:00:00,edge-1,36.82771449606874,56.4268966197222,106.16319968595475,16.47920031212742,0
2025-07-21 23:00:00,edge-1,44.98814838948782,46.11722877708669,138.7763916299282,27.157385569637086,0
2025-07-22 00:00:00,edge-1,63.73853813534019,49.86794608057594,149.52641205959398,24.542934008065735,0
2025-07-22 01:00:00,edge-1,30.10410923390654,85.45765537509327,73.39753118553509,21.450666635443778,0
2025-07-22 02:00:00,edge-1,50.45947238891626,70.72593938361787,137.4950786767859,28.971158896642933,0
2025-07-22 03:00:00,edge-1,42.73745849999632,52.287400369536776,68.63430826118365,12.505523601949289,0
2025-07-22 04:00:00,edge-1,45.08490358457059,55.27107160070973,173.048373876272,19.96136859447159,0
2025-07-22 05:00:00,edge-1,65.04136737956907,28.65645818829106,54.64915898321087,21.831684844670306,0
2025-07-22 06:00:00,edge-1,58.07173155505889,67.76948401703082,153.13915243166923,15.42722476603039,0
2025-07-22 07:00:00,edge-1,70.06097161164115,24.803685846090687,73.74055572725105,21.50357270908864,0
2025-07-22 08:00:00,edge-1,47.68241481125149,75.03592931670912,180.529858191784,14.46708753106061,0
2025-07-22 09:00:00,edge-1,39.56086082493945,62.572431849825314,123.65282915409938,23.452786591371265,0
2025-07-22 10:00:00,edge-1,46.64211774679251,100.0,59.35933882367112,25.289173840644533,0
2025-07-22 11:00:00,edge-1,53.63745186906832,37.997288925513885,79.11046081829973,21.361667005641642,0
2025-07-22 12:00:00,edge-1,52.64860037680567,57.94675817918734,131.24724820894966,10.736010924675272,1
2025-07-22 13:00:00,edge-1,33.7341789164995,95.96575401846125,142.10577670462246,15.166032394169827,0
2025-07-22 14:00:00,edge-1,51.357346724418115,83.8277928058283,97.17137633102149,22.823550016065802,0
2025-07-22 15:00:00,edge-1,53.42342495208358,46.075758968402006,101.78633123853865,20.105993217561828,0
2025-07-22 16:00:00,edge-1,87.7621105630088,64.47934856746896,130.3341213057626,6.529986911537559,0
2025-07-22 17:00:00,edge-1,78.15266916922505,60.039987128301746,105.27193708043279,26.2141519193412,0
2025-07-22 18:00:00,edge-1,37.2013497416177,65.63911734788314,48.25980562646497,20.68328253126916,0
2025-07-22 19:00:00,edge-1,45.68924957676236,46.0263912803034,67.48103901439278,15.904626679999776,0
2025-07-22 20:00:00,edge-1,28.048369972444952,58.21359194598531,109.4047977260666,24.97477798783332,1
2025-07-22 21:00:00,edge-1,41.139394790547705,28.038952494465725,148.61929665990775,16.612299935465504,0
2025-07-22 22:00:00,edge-1,54.73407505385511,62.70246903736164,164.6392969664819,16.557739411978925,0
2025-07-22 23:00:00,edge-1,68.0878043133235,69.00041346843665,131.18117683085802,21.79176325507018,0
2025-07-23 00:00:00,edge-1,39.063742433845874,55.45161174712232,111.49163044145455,28.905192296211474,0
2025-07-23 01:00:00,edge-1,40.18780339898305,27.698982188304242,129.9525554392991,28.117935889864434,0
2025-07-23 02:00:00,edge-1,17.79066455392018,79.77063725702925,73.32996599172577,21.798557494520534,0
2025-07-23 03:00:00,edge-1,47.56001119182638,67.29050075985604,93.87076158967143,22.311928294251597,0
2025-07-23 04:00:00,edge-1,34.06378382210656,45.47969804598046,67.03477114642094,23.957494660424125,0
2025-07-23 05:00:00,edge-1,42.05840858950889,54.38799106323872,50.050295571691535,13.715081623153255,0
2025-07-23 06:00:00,edge-1,36.847088327486176,29.986611944363226,113.3419604654482,23.22074168575991,0
2025-07-23 07:00:00,edge-1,48.58606168621164,39.491797444441914,107.42053226338975,16.32963265928236,0
2025-07-23 08:00:00,edge-1,23.634074129650532,49.24377307285721,127.50609938036051,21.592390333982905,0
2025-07-23 09:00:00,edge-1,27.994321319135143,84.56841624560303,121.84447323569789,18.862661861963314,0
2025-07-23 10:00:00,edge-1,81.93870668042447,47.20993218225048,109.70577085295449,22.506041635571073,0
2025-07-23 11:00:00,edge-1,30.688661280889534,72.80427318657517,122.26466662710217,20.5905173250323,0
2025-07-23 12:00:00,edge-1,33.548216323180405,49.2336759427684,98.29267615090093,4.634848645893502,0
2025-07-23 13:00:00,edge-1,77.5537029248197,64.9589512170375,116.51565580889603,20.894458558525905,0
2025-07-23 14:00:00,edge-1,93.5760075386061,57.17208995712396,70.95422389254561,23.210764761496314,0
2025-07-23 15:00:00,edge-1,32.426500567619875,77.46113200185486,114.7882370255652,22.22964174169227,0
2025-07-23 16:00:00,edge-1,44.47626564817954,49.30377323562884,126.73670741144038,19.4870702689571,0
2025-07-23 17:00:00,edge-1,55.12333326410764,28.54943499995118,73.21274287711188,28.21080845965203,0
2025-07-23 18:00:00,edge-1,75.93046466608388,32.36101937272735,102.07328395971388,21.556865645608305,0
2025-07-23 19:00:00,edge-1,35.19714382357644,49.36245012114485,75.05589961482562,22.188366500965532,0
2025-07-23 20:00:00,edge-1,46.320832310868354,35.01880058643894,78.9397321393554,25.222459470252844,0
2025-07-23 21:00:00,edge-1,61.66006364092616,68.20424031359103,55.002825795913814,21.812964998482993,0
2025-07-23 22:00:00,edge-1,56.52149111699928,50.684636702838446,150.63099700666223,15.509911232928982,0
2025-07-23 23:00:00,edge-1,44.357658931548514,100.0,142.6274069888019,7.808312931101888,0
2025-07-24 00:00:00,edge-1,47.992655532259384,25.245708097257364,121.49735416909348,17.614395489909594,0
2025-07-24 01:00:00,edge-1,29.376562874450272,64.07266357419603,178.88783807775258,23.804727629405583,0
2025-07-24 02:00:00,edge-1,46.42739384038002,37.44093952988662,92.43017213726434,18.23451834291097,0
2025-07-24 03:00:00,edge-1,46.00418764986567,50.13197319234643,221.27049660442538,24.00589186140865,1
2025-07-24 04:00:00,edge-1,53.48254834439384,62.82838946681088,90.89882338547119,20.743640879601365,0
2025-07-24 05:00:00,edge-1,41.67009171771476,13.492572502514264,110.20773407024066,26.440330351310923,0
2025-07-24 06:00:00,edge-1,57.073077838177085,64.73652233576055,84.08888344239168,18.523916464396695,0
2025-07-24 07:00:00,edge-1,65.19073726729744,98.05814924548335,114.8930224024122,22.33807413283844,0
2025-07-24 08:00:00,edge-1,52.33143991502699,50.93123403262814,133.42459711544979,22.529425322676797,0
2025-07-24 09:00:00,edge-1,55.276346125988056,65.19615713611019,95.44334427787665,27.508009363155963,0
2025-07-24 10:00:00,edge-1,50.79733021366801,80.498433862508,171.06879388470483,11.46681346832861,0
2025-07-24 11:00:00,edge-1,50.001265896371216,56.72092999946007,109.56597138533843,17.707958627234213,0
2025-07-24 12:00:00,edge-1,39.17662949685729,48.38079622937033,110.81941544440797,24.24258052694252,0
2025-07-24 13:00:00,edge-1,54.74741392509962,14.485271925564959,63.640092219451304,27.72948239889324,0
2025-07-24 14:00:00,edge-1,48.54070102379766,72.81981438789947,116.73996298201538,21.200357563210403,0
2025-07-24 15:00:00,edge-1,81.39752463395892,57.73663180542206,94.63891116762538,18.536479177892566,0
2025-07-24 16:00:00,edge-1,73.60032353712865,39.74632297223677,75.67041082650853,23.785591843372224,0
2025-07-24 17:00:00,edge-1,55.787698288347514,62.531934205553874,68.94102367406545,24.343513376158416,0
2025-07-24 18:00:00,edge-1,38.55414185457849,48.32639286387637,206.8705351902674,18.201691606663463,0
2025-07-24 19:00:00,edge-1,33.31382792024873,49.43147737768949,89.46090999283858,21.65153656088773,0
2025-07-24 20:00:00,edge-1,67.86714429633298,72.12582312217417,41.720583168749286,25.902636312059848,0
2025-07-24 21:00:00,edge-1,53.94123837720708,33.232351773523106,72.0711416106971,29.452294966372257,0
2025-07-24 22:00:00,edge-1,57.202151050874164,80.94630572147517,97.93728642095145,23.71302479617646,0
2025-07-24 23:00:00,edge-1,23.83121019538711,32.04627673763193,121.8666813046594,20.220694483327964,0
2025-07-25 00:00:00,edge-1,63.91157722337271,46.745971832894725,122.19186086901254,19.72962411981046,0
2025-07-25 01:00:00,edge-1,56.816305073215446,98.45892388133154,127.06458207106101,22.786982785968114,0
2025-07-25 02:00:00,edge-1,33.34353973378283,82.54709523284845,74.20558773450682,19.42163578760275,0
2025-07-25 03:00:00,edge-1,42.927127888250766,61.952079849908806,113.61761774006182,20.948202495111943,0
2025-07-25 04:00:00,edge-1,53.955758065347794,41.18939568997567,64.95762143557687,14.710618677345625,0
2025-07-25 05:00:00,edge-1,50.78700197534366,49.41455386600214,75.21428067943953,26.485285982455796,0
2025-07-25 06:00:00,edge-1,45.617432212946674,61.46550629171393,63.29164101998962,14.299076364256607,0
2025-07-25 07:00:00,edge-1,48.44767597901059,60.75046464679197,52.46444581606922,17.83944119773494,0
2025-07-25 08:00:00,edge-1,46.22033932689672,58.18258140748074,142.56837955432036,20.487966304259068,0
2025-07-25 09:00:00,edge-1,52.288437681537026,59.38334971831631,127.5444680391555,29.954934399443193,0
2025-07-25 10:00:00,edge-1,72.07237959489736,55.71249780589772,139.0666147991252,17.886585075738363,0
2025-07-25 11:00:00,edge-1,11.500123386030538,31.160425287199743,101.57252264097185,16.669920930198018,0
2025-07-25 12:00:00,edge-1,46.447246032354734,49.66978515678335,131.07230795460586,17.24591541333103,0
2025-07-25 13:00:00,edge-1,52.64768632058671,78.29248107973693,29.548423814298204,28.294485838056563,0
2025-07-25 14:00:00,edge-1,54.439909845306495,32.63331404897765,134.5235007218142,5.938265032469893,0
2025-07-25 15:00:00,edge-1,44.42128128018065,56.20888976921443,107.0847932002012,14.986309939257065,0
2025-07-25 16:00:00,edge-1,23.64917326282126,43.604921424583125,125.08438400596663,33.65644354579776,0
2025-07-25 17:00:00,edge-1,54.91993225571164,62.227008587962224,115.20093196194452,22.954410367458184,0
2025-07-25 18:00:00,edge-1,75.91025321246278,52.22733637866364,60.51779381852454,14.4700752533039,0
2025-07-25 19:00:00,edge-1,26.992078926257935,89.54787329949338,40.078408984358134,19.79041008912614,0
2025-07-25 20:00:00,edge-1,62.95742020547282,70.13166308380508,71.51783335268146,20.33727283033931,0
2025-07-25 21:00:00,edge-1,45.07212165315659,33.76393668445577,122.59669125091648,24.230626229528028,0
2025-07-25 22:00:00,edge-1,49.08013481256729,73.42456023227398,127.60365660701581,29.197510014112815,0
2025-07-25 23:00:00,edge-1,34.20652233944077,44.50696287475874,45.28230890472549,21.942758406396077,0
2025-07-26 00:00:00,edge-1,44.98315741466185,48.46007257244933,60.756025301271414,17.301058484935197,0
2025-07-26 01:00:00,edge-1,69.50066892048437,66.27638040214244,71.07057256236644,23.935422210491023,0
2025-07-26 02:00:00,edge-1,58.739828629815605,50.16505160539731,85.70779758932737,16.508736515685694,0
2025-07-26 03:00:00,edge-1,75.98467408114917,77.8571163264591,45.51796676589391,14.833312520054854,0
2025-07-26 04:00:00,edge-1,67.66117833466541,44.50979876973209,43.1179293543947,11.200455640217776,0
2025-07-26 05:00:00,edge-1,56.58630018394364,47.621068948172734,67.12658814369784,12.174358027497995,0
2025-07-26 06:00:00,edge-1,76.15901789251689,46.87258212903782,103.45015344900023,15.51777421937864,0
2025-07-26 07:00:00,edge-1,56.584897381074484,48.68722503289922,52.77622640986038,14.111051161495645,0
2025-07-26 08:00:00,edge-1,62.41982265195588,81.98383111095626,95.36785960112935,21.566182636873588,0
2025-07-26 09:00:00,edge-1,45.551435696979375,72.57592587220606,142.34211264567261,14.002990870879824,0
2025-07-26 10:00:00,edge-1,50.998187237888075,94.19887908024143,47.9288105034596,4.28166848987628,0
2025-07-26 11:00:00,edge-1,39.538642650495845,100.0,91.74216966357842,14.780441127052672,0
2025-07-26 12:00:00,edge-1,64.8437590189228,39.385659361353206,140.9902693500309,17.640701761392904,0
2025-07-26 13:00:00,edge-1,32.325445653277015,61.40838254654578,83.26926438544763,16.972752560640174,0
2025-07-26 14:00:00,edge-1,61.73525513626492,36.47599366713134,77.05321236566324,27.59762339654592,0
2025-07-26 15:00:00,edge-1,47.14023413742261,44.44788144503466,146.53983257225894,16.93228720355425,0
2025-07-26 16:00:00,edge-1,67.5687064020098,47.39834979488661,87.75191684113808,24.40461731599599,0
2025-07-26 17:00:00,edge-1,61.2630348309689,38.856902517234516,144.1798010082227,19.905087001595692,0
2025-07-26 18:00:00,edge-1,77.30969236470202,38.96225454203173,117.15861564508795,19.788476371637007,0
2025-07-26 19:00:00,edge-1,60.961620367079675,57.114312429594904,86.28621388360654,15.823098555759815,0
2025-07-26 20:00:00,edge-1,26.41939616520139,35.66563163227186,119.18762122390122,19.706086742096165,0
2025-07-26 21:00:00,edge-1,48.99570240652699,76.84253918275266,112.81798055384151,16.174519365512914,0
2025-07-26 22:00:00,edge-1,32.41989211107776,41.644929251649714,140.83531284009896,20.85012157127285,0
2025-07-26 23:00:00,edge-1,42.22580236450588,100.0,78.06617848539926,18.81875183688156,0
2025-07-27 00:00:00,edge-1,72.66842649915083,50.972310980712095,101.64824267126478,15.276860334041999,0
2025-07-27 01:00:00,edge-1,59.56300716346544,61.44035283834104,97.5393728158145,24.959471698502977,0
2025-07-27 02:00:00,edge-1,39.516043571318804,34.0931763106793,128.1659256655914,22.134202400107128,0
2025-07-27 03:00:00,edge-1,34.79423950339402,94.12183516255278,58.99283222223297,17.75968632928876,0
2025-07-27 04:00:00,edge-1,50.491731393143915,82.39001361605833,140.67908192951424,20.72746523517655,0
2025-07-27 05:00:00,edge-1,31.751597759283083,65.93831741472225,118.65315088681666,19.580887392490183,0
2025-07-27 06:00:00,edge-1,39.932895839051284,33.063949024408686,47.32299705468215,15.662045313683631,0
2025-07-27 07:00:00,edge-1,54.680142073268655,64.21333755449241,148.33051301922,20.35248114510582,0
2025-07-27 08:00:00,edge-1,67.32968054160044,37.5713790796549,189.36372323190926,16.894941225963127,0
2025-07-27 09:00:00,edge-1,59.131422083366594,89.24710526946721,140.0733587819763,15.275330821899503,0
2025-07-27 10:00:00,edge-1,15.630657371028498,76.18389463706345,157.07939068905876,11.886163348667376,0
2025-07-27 11:00:00,edge-1,54.5655009354539,61.90878076975472,103.41485526410352,18.206963232306848,0
2025-07-27 12:00:00,edge-1,51.08050359848867,11.272486735053555,33.539803210459596,22.834853297918617,0
2025-07-27 13:00:00,edge-1,56.2083542805904,40.33168042681939,26.235181953299005,16.526703233105703,0
2025-07-27 14:00:00,edge-1,74.24314522476811,73.75522263199744,110.20328175471033,32.60354346078985,0
2025-07-27 15:00:00,edge-1,19.051425847928858,84.25767383446312,76.3208476908008,24.428428268263662,0
2025-07-27 16:00:00,edge-1,41.133448622133415,82.18339622984263,63.41694886690595,26.521650663302392,0
2025-07-27 17:00:00,edge-1,58.86359484190032,28.159739955170892,97.49013264125298,23.976215060368794,0
2025-07-27 18:00:00,edge-1,26.276084008190864,66.03104613625808,124.62341151445153,29.264324874692864,0
2025-07-27 19:00:00,edge-1,72.13923572080263,80.31030432965859,41.889698129514116,16.06499008263729,0
2025-07-27 20:00:00,edge-1,55.52534919050988,26.833288688355097,82.04489518878461,7.196313071706893,0
2025-07-27 21:00:00,edge-1,62.698759787651056,59.841909692535275,160.3948273248126,17.769371958235585,0
2025-07-27 22:00:00,edge-1,41.435845077173084,65.47684796616912,56.98846479114501,22.79109287773769,0
2025-07-27 23:00:00,edge-1,62.206455349493154,53.984708303065304,134.79044748659825,20.757584858739893,0
2025-07-28 00:00:00,edge-1,66.02707333983557,22.95676289197597,80.61076953804024,21.37736305483892,0
2025-07-28 01:00:00,edge-1,53.49317030205753,53.48603779852543,121.8317503939981,26.60455001334936,0
2025-07-28 02:00:00,edge-1,53.51601339048044,53.45389139489952,143.89310028811468,21.910287872312498,0
2025-07-28 03:00:00,edge-1,54.05514858922589,57.03855190904492,129.65127067940085,23.994564637955108,0
2025-07-28 04:00:00,edge-1,37.04982102890928,48.73057149149861,136.36638408855507,15.302186290736206,0
2025-07-28 05:00:00,edge-1,47.787069796394704,51.13975693517065,53.936258663681755,14.523031553919816,0
2025-07-28 06:00:00,edge-1,47.712162013214616,59.205874353060445,144.54638826965194,28.070569615122437,0
2025-07-28 07:00:00,edge-1,55.750907965302424,68.84909209939423,65.89227541460721,20.50450767573534,0
2025-07-28 08:00:00,edge-1,64.99736370365441,53.911464742866656,110.38167062286153,16.883854082769325,0
2025-07-28 09:00:00,edge-1,34.12195877032386,51.807021432639964,110.32984747988908,16.89302753226441,0
2025-07-28 10:00:00,edge-1,48.124864545206336,61.84708076508916,119.40490235478325,16.754384391808713,0
2025-07-28 11:00:00,edge-1,72.2218332148846,21.58168148209637,113.47826704240762,16.45520489477079,0
2025-07-28 12:00:00,edge-1,38.84617656781154,69.54070254452915,66.24760085901107,13.5842609869817,0
2025-07-28 13:00:00,edge-1,37.6662497406452,59.98873805754082,46.00530350817135,12.497897988897456,0
2025-07-28 14:00:00,edge-1,53.0345928774679,60.793870531951235,134.89394719847076,19.024978111727904,0
2025-07-28 15:00:00,edge-1,62.6657778572798,79.21468615188928,107.43338310075663,17.035370648398004,0
2025-07-28 16:00:00,edge-1,50.17139083340989,20.943689399035037,145.97507363831272,25.535796427216475,0
2025-07-28 17:00:00,edge-1,69.93440885655484,20.523322602820727,98.21068263248529,21.465383266334584,0
2025-07-28 18:00:00,edge-1,62.8519097384979,65.4760769064704,43.793425572921585,21.326588400389916,0
2025-07-28 19:00:00,edge-1,62.62730100335093,59.857662897429684,138.64518724016426,16.284397962227747,0
2025-07-28 20:00:00,edge-1,58.3117475198614,63.40353886383865,85.18517561355571,19.394857921100122,0
2025-07-28 21:00:00,edge-1,84.91479650519128,50.75745849655109,113.68013829684085,21.805005518157202,0
2025-07-28 22:00:00,edge-1,46.922574667009336,73.28707348479863,74.10162286081923,23.580978698563378,0
2025-07-28 23:00:00,edge-1,19.94716561900229,78.6527768598224,165.77206840934764,19.530540867408174,0
2025-07-29 00:00:00,edge-1,74.06381542275712,69.67964587903055,64.93740703267213,25.395618896621045,0
2025-07-29 01:00:00,edge-1,43.13450853564761,54.78343083190833,86.50280983575301,20.039946544539713,0
2025-07-29 02:00:00,edge-1,51.61820666514549,17.84621224771194,104.29794810789265,23.9642355925884,0
2025-07-29 03:00:00,edge-1,69.64326027290791,75.38472416074256,56.31270691652168,17.55073895705425,0
2025-07-29 04:00:00,edge-1,25.96610688411612,84.43457332435186,113.22078114350381,10.937058167156792,0
2025-07-29 05:00:00,edge-1,31.225291788407908,72.8911682396796,164.4764190986996,21.341794940092612,0
2025-07-29 06:00:00,edge-1,25.980830943217196,42.40715145264987,80.38151357225158,23.626620315733128,0
2025-07-29 07:00:00,edge-1,38.08795564961864,73.47588787335516,115.80571276126902,22.876736659037846,0
2025-07-29 08:00:00,edge-1,56.5945490902549,77.2105941592289,10.0,22.1109333071872,0
2025-07-29 09:00:00,edge-1,57.862817642191565,91.17632495598171,98.44283198060637,18.257065170225065,0
2025-07-29 10:00:00,edge-1,54.144112689928306,42.477801515440845,87.47830856295178,15.966268742772039,0
2025-07-29 11:00:00,edge-1,28.808511741614502,55.470908309117235,67.2600959035846,22.7586413452189,0
2025-07-29 12:00:00,edge-1,15.34844845051034,74.9454410228691,143.25801878514127,22.132237080991374,0
2025-07-29 13:00:00,edge-1,50.815303780855736,61.14820142876316,86.95025273504687,17.195504545780867,0
2025-07-29 14:00:00,edge-1,42.92335949542496,37.6534479589745,92.9009005162565,25.547120945960284,0
2025-07-29 15:00:00,edge-1,56.890786575749175,68.29232570053406,84.91228500843715,15.585672427261997,0
2025-07-29 16:00:00,edge-1,60.52930439331905,71.57323267630333,23.327365129396938,17.082383106044798,0
2025-07-29 17:00:00,edge-1,52.07362148088023,61.75925792662004,54.72054239692156,28.182126061708324,0
2025-07-29 18:00:00,edge-1,61.4019962806378,64.39169854359888,138.44373944480864,24.342909688669565,0
2025-07-29 19:00:00,edge-1,53.43817061172603,54.825881966285394,15.601974124801131,18.20995347054489,0
2025-07-29 20:00:00,edge-1,57.950970584022,89.56557871432119,69.34738601537177,21.436903548217753,0
2025-07-29 21:00:00,edge-1,39.42990105695176,41.986156325746464,84.01119774840944,20.773961222619192,0
2025-07-29 22:00:00,edge-1,47.305828792528125,48.25358474472442,169.74487469166263,6.271930675113108,0
2025-07-29 23:00:00,edge-1,52.95164144985436,60.219710270550515,130.74415061985476,15.467630252633093,0
2025-07-30 00:00:00,edge-1,62.30792713126128,77.57908055401785,77.71317891787602,19.745766914453593,0
2025-07-30 01:00:00,edge-1,44.093882416631416,30.052536598109263,152.18054788462206,18.21694261720347,0
2025-07-30 02:00:00,edge-1,57.81750883598169,33.79406500469122,70.37936717995521,21.235512824152103,0
2025-07-30 03:00:00,edge-1,46.01241812126931,19.245429845305644,140.36399214936023,25.6474115647396,0
2025-07-30 04:00:00,edge-1,48.23686749007805,60.65390450506541,45.64491016307937,18.39232107673036,0
2025-07-30 05:00:00,edge-1,62.442785630361094,37.63388365586913,142.9303132715663,14.711726019385676,0
2025-07-30 06:00:00,edge-1,20.10409443418766,52.308997799641666,83.75465418116057,21.624258292555226,0
2025-07-30 07:00:00,edge-1,30.552915078878584,73.22756379783416,58.859830362349214,18.36688333216098,0
2025-07-30 08:00:00,edge-1,27.767219038357688,47.16914558434307,91.31425547694744,19.21968249589049,0
2025-07-30 09:00:00,edge-1,14.995758202275425,64.6256404548673,111.0937671888086,18.541131404234605,0
2025-07-30 10:00:00,edge-1,39.82603339767235,54.01324184496556,80.21006277897152,31.209189000054927,0
2025-07-30 11:00:00,edge-1,61.24150849591611,73.44228630192873,122.15814023981295,8.796478695010276,0
2025-07-30 12:00:00,edge-1,45.726739004261375,69.50256134696018,76.6802446534373,18.058330484336768,0
2025-07-30 13:00:00,edge-1,52.96685122912778,46.1613260765078,124.81489575725432,19.98155487175804,0
2025-07-30 14:00:00,edge-1,66.33826245066189,56.62696493199095,117.68888248146398,16.094287538586105,0
2025-07-30 15:00:00,edge-1,69.91529198401537,80.8748679544099,97.5630778116826,24.499129160641417,0
2025-07-30 16:00:00,edge-1,48.96293097910791,67.86753740508195,82.34470750536201,24.066288393598196,0
2025-07-30 17:00:00,edge-1,70.30378834354096,32.06075884497737,106.06163183061065,19.761226907557297,0
2025-07-30 18:00:00,edge-1,51.38189987651164,73.11236122342765,122.01014972134797,18.646631223281528,0
2025-07-30 19:00:00,edge-1,37.43902664258807,38.30778755127524,182.47196610926434,19.440215828841765,0
2025-07-30 20:00:00,edge-1,41.08399471701897,88.25026139922012,137.57681687192724,19.476066731760945,0
2025-07-30 21:00:00,edge-1,27.791952311524756,80.4819767968205,139.03959799263365,19.608134859371187,0
2025-07-30 22:00:00,edge-1,36.677992193995216,65.79770951836801,223.54048779441135,19.060004492416002,0
2025-07-30 23:00:00,edge-1,44.62974967888356,63.14465686872387,120.63833907071377,21.262246572961963,0
2025-07-31 00:00:00,edge-1,62.05377529067903,55.8193548794516,119.3857404524681,23.766060324139325,0
2025-07-31 01:00:00,edge-1,75.81154746748976,73.57047902800056,128.16060297286617,13.848699262007116,0
2025-07-31 02:00:00,edge-1,29.2672772693444,52.584436610758765,59.64136089646988,14.746680503834256,0
2025-07-31 03:00:00,edge-1,55.892412023898785,64.71139741279788,82.24393454324975,11.257409852582382,0
2025-07-31 04:00:00,edge-1,34.39184091263698,77.43868733038903,79.75322933230665,24.331987001787997,0
2025-07-31 05:00:00,edge-1,57.12045632694803,48.76386912948821,125.90455908878246,21.251616465952317,0
2025-07-31 06:00:00,edge-1,48.0337002396841,47.67614520018611,93.03301751115205,22.526337579663853,0
2025-07-31 07:00:00,edge-1,22.536412612287045,36.11269038551082,105.52893701897212,12.852508808182659,0
2025-07-31 08:00:00,edge-1,63.92445487352727,38.71054507747655,143.4981848059386,28.92474061440069,0
2025-07-31 09:00:00,edge-1,40.92498930786903,23.432093771169953,134.52602954816555,16.95574545927321,0
2025-07-31 10:00:00,edge-1,41.99149642439668,74.59657578031059,93.53115987835012,20.84102903555628,0
2025-07-31 11:00:00,edge-1,33.95371383065465,96.17829084165541,73.2001961248711,24.27192330339186,0
2025-07-31 12:00:00,edge-1,40.18575084968667,88.50657886940611,145.41098926612756,15.06510122101964,0
2025-07-31 13:00:00,edge-1,56.41835661042376,27.47831022746967,130.95564723639464,17.268378207436665,0
2025-07-31 14:00:00,edge-1,47.16133488595392,74.497093431124,35.749727268184714,20.89585887300437,0
2025-07-31 15:00:00,edge-1,54.929930034237216,88.44212699847112,87.47384244366877,34.28736537732353,0
2025-07-31 16:00:00,edge-1,55.42882780893265,50.86380038522672,106.6206184806705,21.50562371426012,0
2025-07-31 17:00:00,edge-1,69.8099248329225,62.02894861300099,131.15318868484127,28.03180575315359,0
2025-07-31 18:00:00,edge-1,44.85820773703431,19.842138983906594,136.40405979759083,26.028365725959777,0
2025-07-31 19:00:00,edge-1,27.847132747314024,65.33472335953283,111.35624004701894,21.840050182472595,0
2025-07-31 20:00:00,edge-1,66.00833624857975,38.72880541130565,123.40990125435424,15.054021141846606,0
2025-07-31 21:00:00,edge-1,45.02767741854118,63.99270035823029,102.56547209512614,25.298768054091177,0
2025-07-31 22:00:00,edge-1,66.71888666866066,28.775941556222392,73.04593247277758,12.509448291759764,0
2025-07-31 23:00:00,edge-1,55.75065669773706,70.85716448955192,89.54942435834984,28.00437561838546,0
2025-08-01 00:00:00,edge-1,48.032937046949826,80.4902535085338,100.75964746560433,21.000026541091277,0
2025-08-01 01:00:00,edge-1,55.23163841069443,44.33640276569665,98.6128299992564,6.74888226350912,0
2025-08-01 02:00:00,edge-1,79.26518840189449,37.26154837179131,24.577083822261173,18.297469524840807,0
2025-08-01 03:00:00,edge-1,81.1547079358063,16.87953914900038,84.10066660282276,23.2697391046147,0
2025-08-01 04:00:00,edge-1,51.04071702699168,54.67172931849646,102.24822612356607,18.814880634801167,0
2025-08-01 05:00:00,edge-1,52.402858899756126,48.3681213143679,88.74520032377197,23.575029054967867,0
2025-08-01 06:00:00,edge-1,66.14360236199579,28.979611753038906,90.12704817953657,15.749879161438523,0
2025-08-01 07:00:00,edge-1,37.31508450848979,69.06037512624343,119.51965483218349,13.470088136061964,0
2025-08-01 08:00:00,edge-1,54.99605558927382,51.00059236270702,56.84171251805465,19.642772984761972,0
2025-08-01 09:00:00,edge-1,49.612057280692156,38.48528082709535,34.87831144195155,20.157828336449573,0
2025-08-01 10:00:00,edge-1,54.7086231718633,48.90855188719106,86.07320836653301,18.25807824468839,0
2025-08-01 11:00:00,edge-1,37.49946791075891,81.42609077859231,130.5645762200716,26.136455733210962,0
2025-08-01 12:00:00,edge-1,26.156487600365466,72.05873887510444,167.50212157946555,15.748963124304712,0
2025-08-01 13:00:00,edge-1,18.905248460130622,57.3994787700302,131.2851295637896,21.56582803666175,0
2025-08-01 14:00:00,edge-1,33.23923830515588,72.38210036929705,41.26944960524611,20.339849855818127,0
2025-08-01 15:00:00,edge-1,43.119870725910005,36.781760872265224,90.70531042492915,12.216420239319582,0
2025-08-01 16:00:00,edge-1,45.60212620026857,60.64740201454061,110.26537524326118,13.404849081657439,0
2025-08-01 17:00:00,edge-1,79.05846743644275,62.94644660972941,107.10364467694369,20.059555081243158,0
2025-08-01 18:00:00,edge-1,66.58990054860948,50.60326983002546,121.57218211771496,29.90599999343482,0
2025-08-01 19:00:00,edge-1,35.56863325487559,68.70916671914836,63.31804214156957,22.896349059494057,0
2025-08-01 20:00:00,edge-1,55.21562678676435,44.39133090711098,102.59772350202971,11.371825874276837,0
2025-08-01 21:00:00,edge-1,43.893826454745124,70.19641415552236,116.81291319104517,4.447559674403312,0
2025-08-01 22:00:00,edge-1,45.73454242939857,71.03717543062584,133.0268381321464,23.665267965021897,0
2025-08-01 23:00:00,edge-1,52.77988474123073,1.656802386058672,67.77127333548832,19.518932585359003,0
2025-08-02 00:00:00,edge-1,59.2875667546309,83.80611407020236,86.19372531028408,25.70632984755185,0
2025-08-02 01:00:00,edge-1,44.91112274173977,0.0,10.0,15.596410396442792,0
2025-08-02 02:00:00,edge-1,65.95777299101537,47.67901948887749,75.14152129688904,21.751062489292632,0
2025-08-02 03:00:00,edge-1,32.870926607863936,80.5069606851551,79.02340428115828,24.230867315139314,0
2025-08-02 04:00:00,edge-1,50.09508593543403,53.65426549495119,59.216619673302276,17.762681808967592,0
2025-08-02 05:00:00,edge-1,88.96510589893748,30.67628035060916,106.62448600930607,17.86957214884467,0
2025-08-02 06:00:00,edge-1,53.346196139379124,38.12525876566659,97.76218271818927,20.12631415549195,0
2025-08-02 07:00:00,edge-1,71.49821759909258,80.53811492641239,10.0,22.713381732801643,0
2025-08-02 08:00:00,edge-1,51.37280267259812,21.569909389027238,108.62031877207026,19.928329977440445,0
2025-08-02 09:00:00,edge-1,58.71165642994695,82.57982201924034,62.867034768438906,24.86998168879743,0
2025-08-02 10:00:00,edge-1,49.14825208410963,58.89795801915421,119.4275583676206,17.69032405366485,0
2025-08-02 11:00:00,edge-1,47.44388628253694,36.152093391151325,48.72595009085338,13.358023972684451,0
2025-08-02 12:00:00,edge-1,38.3077640491187,48.337698553946176,101.20026154123761,29.8848768405659,0
2025-08-02 13:00:00,edge-1,56.4545203843633,39.65551317796717,88.67346684453976,16.97683131728777,0
2025-08-02 14:00:00,edge-1,37.22694216221348,77.32450401717057,112.12407539801322,17.157789581411265,0
2025-08-02 15:00:00,edge-1,59.98377854470144,74.64855619525676,104.98789110605388,19.670983394639077,0
2025-08-02 16:00:00,edge-1,66.27930506668865,25.616777322479066,89.79343299914183,20.335905548269906,0
2025-08-02 17:00:00,edge-1,55.497971108558446,51.92815762961332,38.54910743823021,18.066581787558587,0
2025-08-02 18:00:00,edge-1,45.70626899666462,42.736286753114456,40.911681461558736,19.912830515254957,0
2025-08-02 19:00:00,edge-1,56.80948368963044,85.8701993691874,76.64452243631123,19.80118884285913,0
2025-08-02 20:00:00,edge-1,45.36990416680381,32.99801763747158,99.66880464281653,20.874096635104035,0
2025-08-02 21:00:00,edge-1,64.03320688197724,92.08458209370028,75.67008211203532,8.21256270506342,0
2025-08-02 22:00:00,edge-1,22.528908736773147,59.334105209661246,125.00847722317863,29.40438153503925,0
2025-08-02 23:00:00,edge-1,44.965889478220305,36.76131187239825,88.83116323153266,19.263558432327212,0
2025-08-03 00:00:00,edge-1,20.137820073140034,46.454516319814445,61.39949100881959,22.903113097234925,0
2025-08-03 01:00:00,edge-1,27.574087546591926,43.96762318463099,88.87614828048362,13.10949329232988,0
2025-08-03 02:00:00,edge-1,70.45793344720863,34.50763195968988,109.0343934526621,17.64499869375375,0
2025-08-03 03:00:00,edge-1,63.42777472957529,61.89653719460751,112.99538875298337,16.638420668397927,0
2025-08-03 04:00:00,edge-1,39.20779650072814,35.44168898616313,175.1351652797252,27.348618822542726,0
2025-08-03 05:00:00,edge-1,27.462448159386547,16.392675825236225,73.24362639986322,17.070931965820584,0
2025-08-03 06:00:00,edge-1,5.532067432375229,52.40647058303654,97.06085353638399,23.790399934700456,0
2025-08-03 07:00:00,edge-1,41.84756738101048,23.942876071642345,117.04495787277705,16.747897736634023,1
2025-08-03 08:00:00,edge-1,86.30622518371104,44.95678263864959,99.06308163196739,17.73690530173028,0
2025-08-03 09:00:00,edge-1,56.52326407195471,41.81794222793288,79.97527416045386,18.77224917399657,0
2025-08-03 10:00:00,edge-1,41.60641570925766,42.57567855948372,38.02971294623026,26.4192256341465,0
2025-08-03 11:00:00,edge-1,56.976203142504595,100.0,79.56661763787938,10.550736704849408,0
2025-08-03 12:00:00,edge-1,26.585624705083358,61.12823134339141,57.05190349128796,13.421682223627837,0
2025-08-03 13:00:00,edge-1,45.540149559535465,64.90742017990664,30.93573275504886,10.263474171550916,0
2025-08-03 14:00:00,edge-1,51.492162095236075,24.472034073154106,68.17284633317655,14.56248940119275,0
2025-08-03 15:00:00,edge-1,48.708490222684276,46.92073732726156,58.11633116934182,15.941999744039464,0
2025-08-03 16:00:00,edge-1,61.86209182535121,64.30605259883023,123.35146181171793,11.927593729548056,0
2025-08-03 17:00:00,edge-1,55.169678393540785,39.50942174173987,124.04367349657176,16.329261266926654,0
2025-08-03 18:00:00,edge-1,60.02489027161995,78.16125687035971,63.844828416765004,9.926427595332925,0
2025-08-03 19:00:00,edge-1,39.67441576653861,35.94606828197939,89.59085477747516,14.910056381161594,0
2025-08-03 20:00:00,edge-1,63.467231126158225,54.272677282696485,25.670293515498585,26.002101999551,0
2025-08-03 21:00:00,edge-1,74.43405421435988,48.27896720048883,80.22640199269223,22.017940351405514,0
2025-08-03 22:00:00,edge-1,35.44775720522881,63.28641318763832,115.95927602809383,20.93733836086264,0
2025-08-03 23:00:00,edge-1,36.6845651642816,47.19019856289148,132.9975155845641,14.986107218604428,0
2025-08-04 00:00:00,edge-1,70.03676504480349,54.582127458581255,71.47811673234744,12.31957520477638,0
2025-08-04 01:00:00,edge-1,47.1298401995741,55.277398164440285,142.0741944211008,14.304219622328596,0
2025-08-04 02:00:00,edge-1,71.05732088099836,45.312244852173976,39.37232313946113,19.783950865519927,0
2025-08-04 03:00:00,edge-1,43.36196432161724,69.70187736994225,50.0948880342483,24.340883898633344,0
2025-08-04 04:00:00,edge-1,71.82568364406066,64.7677674967485,128.38647462551506,24.511837085676603,0
2025-08-04 05:00:00,edge-1,51.972287252081784,58.227721094936655,166.84484914252988,23.153061812416666,0
2025-08-04 06:00:00,edge-1,53.87343234984043,51.39083333076084,119.73727952734782,16.31221567966028,0
2025-08-04 07:00:00,edge-1,73.47077032504856,75.93088061039994,98.38630453863951,20.12274916201994,0
2025-08-04 08:00:00,edge-1,44.57344283833743,55.28331512371637,12.192650139111663,18.39328734981377,0
2025-08-04 09:00:00,edge-1,35.88316856112563,53.86605424348126,19.10211775826083,18.99405118252625,0
2025-08-04 10:00:00,edge-1,43.27153687957468,62.093800597762524,105.17638147583476,30.185639484799065,0
2025-08-04 11:00:00,edge-1,56.78500925964708,93.931733659417,85.67749321715301,11.189998814981937,0
2025-08-04 12:00:00,edge-1,26.513613917292286,33.19287583957592,55.76659271391528,18.826615920388697,0
2025-08-04 13:00:00,edge-1,59.562063539766825,75.3971378611071,102.62130323320203,26.058744535980782,0
2025-08-04 14:00:00,edge-1,41.91843023573385,22.1365767752379,104.60525470031239,12.670542524832308,0
2025-08-04 15:00:00,edge-1,67.21718991100346,64.34546316457248,137.7766347416109,16.781262873668748,0
2025-08-04 16:00:00,edge-1,14.086095426492925,91.50165655217461,105.46409132050803,17.354807512161802,0
2025-08-04 17:00:00,edge-1,38.20151337343747,69.77337048934615,149.1357747333754,18.883551389730076,0
2025-08-04 18:00:00,edge-1,24.70297773148847,63.412501570795854,100.31976118195253,12.020214201968914,0
2025-08-04 19:00:00,edge-1,37.606558004540716,48.79101062393849,95.38660020770655,22.976430301690197,0
2025-08-04 20:00:00,edge-1,53.71498851663415,60.62094400977109,142.5724874498873,23.331436412565722,0
2025-08-04 21:00:00,edge-1,47.31160061825368,54.958743691932874,60.86236479834262,22.54187662508974,0
2025-08-04 22:00:00,edge-1,46.19933646577977,44.2804678413729,212.57789813064647,15.648131628544593,0
2025-08-04 23:00:00,edge-1,47.61222692929909,54.2024876905026,115.01029912666944,20.432553953936477,0
2025-08-05 00:00:00,edge-1,53.05082360929915,63.96762321252879,115.23317011350693,15.502798802154562,0
2025-08-05 01:00:00,edge-1,34.87195937085338,44.65565862938719,121.0038389589039,18.337016696142438,0
2025-08-05 02:00:00,edge-1,60.60274461348576,43.874363586306316,175.08545901326568,30.76733963585439,0
2025-08-05 03:00:00,edge-1,59.93998955578226,32.79513124815651,131.70029646690426,20.47847688798128,0
2025-08-05 04:00:00,edge-1,55.77556906484151,67.81450052177792,35.79776083984305,14.062367120064133,0
2025-08-05 05:00:00,edge-1,58.34800164126895,70.9064652393412,156.1388153907002,20.90167670331957,0
2025-08-05 06:00:00,edge-1,54.446270012129894,64.63320888473035,86.36413682219931,13.24102036968345,0
2025-08-05 07:00:00,edge-1,80.52609954096602,79.30340985457332,104.28620291357294,14.004948037424942,0
2025-08-05 08:00:00,edge-1,48.693587434212354,61.757352741614554,48.82984111298934,14.794384320256047,0
2025-08-05 09:00:00,edge-1,45.39375172498135,67.84021874731513,121.04808072495582,17.77845273902158,0
2025-08-05 10:00:00,edge-1,38.697086294639334,66.07674851275125,73.9450283972979,24.684844977946007,0
2025-08-05 11:00:00,edge-1,34.51605994133244,58.16919961163584,104.00678551973895,22.891990990084196,0
2025-08-05 12:00:00,edge-1,31.33292318598387,49.383563437407055,88.63603978556868,22.61497664123664,0
2025-08-05 13:00:00,edge-1,36.66804030153622,100.0,177.00051206943408,14.505377172047288,0
2025-08-05 14:00:00,edge-1,48.93979427521893,50.96098040292983,179.29041200582358,17.293428222821756,0
2025-08-05 15:00:00,edge-1,55.01442692746572,46.68244577759127,101.86052680858965,21.36000553441594,0
2025-08-05 16:00:00,edge-1,50.76713087828243,68.68019646900214,102.5591084547542,16.858400073057936,0
2025-08-05 17:00:00,edge-1,38.51697083855431,65.0370883059001,85.0622813460194,18.60816779849451,0
2025-08-05 18:00:00,edge-1,63.50276846029945,31.904169047793452,144.24025166011145,22.20679346264975,0
2025-08-05 19:00:00,edge-1,61.09119008451421,82.45356509127477,86.84320518666492,18.25613659399349,0
2025-08-05 20:00:00,edge-1,47.605275388669746,58.11610849298334,83.14650901417203,21.130297945510126,0
2025-08-05 21:00:00,edge-1,40.206257830029315,37.78137809568559,139.14371454659857,27.963642280097844,0
2025-08-05 22:00:00,edge-1,58.226418812446994,83.77568228707747,78.46803618733402,19.140706005065013,0
2025-08-05 23:00:00,edge-1,52.81960381229157,72.51351143192308,98.48979862205877,25.89668904859603,0
2025-08-06 00:00:00,edge-1,28.278091108774287,34.709160161041716,36.747568739560286,22.796850336536792,0
2025-08-06 01:00:00,edge-1,48.98029616023393,95.54365680515448,128.16761380492667,12.663790032566167,0
2025-08-06 02:00:00,edge-1,53.93053718111572,73.17594736732386,177.63467756727476,14.48931485368238,0
2025-08-06 03:00:00,edge-1,36.50457820268369,59.79607768749908,128.84901491199167,15.832020584650518,0
2025-08-06 04:00:00,edge-1,52.847650892561646,91.80437611243559,158.4719667018922,15.725825415336082,0
2025-08-06 05:00:00,edge-1,28.177662721133164,63.18595567659281,66.15591455290676,19.54855126946593,0
2025-08-06 06:00:00,edge-1,70.04279150018256,59.43833849791936,109.45297128112803,23.07322024040911,0
2025-08-06 07:00:00,edge-1,68.71924977589148,46.79399767956022,62.27360302522442,26.275792083523612,0
2025-08-06 08:00:00,edge-1,46.212239985455525,71.63700878614156,90.88937817674629,21.54087544362541,0
2025-08-06 09:00:00,edge-1,55.4518150675861,69.5320593464796,130.8884590941002,17.77160221973395,0
2025-08-06 10:00:00,edge-1,13.851170513001875,60.29360279779423,104.07282452413195,9.58879378185063,0
2025-08-06 11:00:00,edge-1,32.65478509602001,44.20027292264794,43.49435909595114,20.352947877086688,0
2025-08-06 12:00:00,edge-1,45.59331619771805,62.59859708332148,47.39883577848986,20.128850968474957,0
2025-08-06 13:00:00,edge-1,33.918004678597114,58.604024284757244,44.75344274036905,20.914643767694788,0
2025-08-06 14:00:00,edge-1,60.71594723945988,33.33051362531598,119.65810359758362,30.531201488516665,0
2025-08-06 15:00:00,edge-1,79.95944796121991,30.563752973516287,182.55578142626672,26.20298273096536,0
2025-08-06 16:00:00,edge-1,32.35077920856047,71.30306757619539,154.49832976000852,23.92530459124993,0
2025-08-06 17:00:00,edge-1,37.43804893872211,7.962233698966223,24.160592034157432,15.189614349642001,0
2025-08-06 18:00:00,edge-1,53.531725524648955,64.1082105392252,156.84303752279135,17.435026254016282,0
2025-08-06 19:00:00,edge-1,74.16674222749431,50.43833884492351,137.4560166805859,19.52577696535749,0
2025-08-06 20:00:00,edge-1,31.66438531190145,86.1649321375982,38.18800217884969,16.122964379948233,0
2025-08-06 21:00:00,edge-1,53.73554183460413,50.130635816922485,87.8719353315801,22.50232262492559,0
2025-08-06 22:00:00,edge-1,77.31948276219663,73.18968428503791,143.8208964598324,21.78454424607852,0
2025-08-06 23:00:00,edge-1,25.22361277731099,52.06172317524417,122.01734043739141,14.558461034726538,0
2025-08-07 00:00:00,edge-1,30.78396189731252,62.27496306972287,47.636197904480575,25.984083545480622,0
2025-08-07 01:00:00,edge-1,43.64590090308742,74.73673061840103,124.42968623184777,20.5115516690443,0
2025-08-07 02:00:00,edge-1,42.19117380716884,50.7488856735084,14.499976156776484,11.354644266288744,0
2025-08-07 03:00:00,edge-1,62.189019316304666,79.93109768996808,91.08711296971154,19.743285708275153,0
2025-08-07 04:00:00,edge-1,53.62489579731257,40.12604245787034,145.51827077600194,21.406032279614525,0
2025-08-07 05:00:00,edge-1,23.375569105368076,65.89185685116757,100.73576862285279,24.863961807178704,0
2025-08-07 06:00:00,edge-1,57.731156043512165,78.45279445575706,80.04249800152216,18.31261798436692,0
2025-08-07 07:00:00,edge-1,41.336916689665244,73.2007498358067,135.57385015089397,24.139691337236037,0
2025-08-07 08:00:00,edge-1,69.11670825411858,98.3288975347082,138.99007260346326,20.93570993385108,0
2025-08-07 09:00:00,edge-1,40.5861869534462,44.73121365378679,152.40158771467802,13.424726954812103,0
2025-08-07 10:00:00,edge-1,40.450770753466465,32.417014973028245,134.97369713785548,12.92416613258743,0
2025-08-07 11:00:00,edge-1,58.116974162067976,40.11329783009761,143.25499175748587,25.612799350746744,0
2025-08-07 12:00:00,edge-1,61.44389723505405,73.20885133096874,129.3163422975014,25.979920891908847,0
2025-08-07 13:00:00,edge-1,56.72149045904305,69.95845868538757,110.62114596465888,21.614546152023614,0
2025-08-07 14:00:00,edge-1,24.716040239227876,62.04513319294831,103.58035999055257,27.478533605900143,0
2025-08-07 15:00:00,edge-1,58.07051659892377,37.5408590178574,90.50961123610392,25.283049245208034,0
2025-08-07 16:00:00,edge-1,34.485379224884014,75.33734586658122,51.50526827761097,23.418143647398605,0
2025-08-07 17:00:00,edge-1,53.52914167382395,35.50590444698919,61.78753964720765,15.44344255633164,0
2025-08-07 18:00:00,edge-1,28.643983469014096,83.178991647538,88.71942072259161,28.65714375516172,0
2025-08-07 19:00:00,edge-1,56.69483221314596,100.0,109.65808638409717,22.681507161041367,0
2025-08-07 20:00:00,edge-1,37.90101643538941,67.32902293143101,157.63250392017054,18.070806126941893,0
2025-08-07 21:00:00,edge-1,30.760480246092175,71.66216271315486,98.3281108849795,16.65864997347351,0
2025-08-07 22:00:00,edge-1,60.70730204723599,50.14280462208881,140.13905163510657,21.283918907569284,0
2025-08-07 23:00:00,edge-1,53.62466782515127,23.795733578263672,143.17262625728483,11.644704575807726,0
2025-08-08 00:00:00,edge-1,40.79034797910654,47.94561273939556,90.74212809244835,23.498366376764313,0
2025-08-08 01:00:00,edge-1,71.76768273531596,38.142095178025016,123.78760845480735,15.232145926529867,0
2025-08-08 02:00:00,edge-1,43.39021367645386,31.059908471699686,90.25887833100555,21.853040544121434,0
2025-08-08 03:00:00,edge-1,50.48161510956402,94.44719883991299,152.88543576313907,17.391898313209204,0
2025-08-08 04:00:00,edge-1,54.03370171517901,65.45725036051546,125.43373353063728,18.67790643637648,0
2025-08-08 05:00:00,edge-1,40.705010988070796,67.59375161227968,52.38064981246579,16.215450636174676,0
2025-08-08 06:00:00,edge-1,57.06704440099894,53.81955269607501,106.46098608615387,19.193852844095993,0
2025-08-08 07:00:00,edge-1,41.99821479252913,56.542578351131276,165.92448647295518,29.446897730086768,0
2025-08-08 08:00:00,edge-1,43.82542516675686,79.29101364478666,92.75075861813195,26.925298135243203,0
2025-08-08 09:00:00,edge-1,70.43963959705012,59.35325762609569,117.90860120380273,21.772394774977283,0
2025-08-08 10:00:00,edge-1,34.391209212313505,70.61387876049466,121.83515350956581,19.873528672175237,0
2025-08-08 11:00:00,edge-1,13.80829503605765,56.079914043099684,58.535084033415984,24.221005953464427,0
2025-08-08 12:00:00,edge-1,74.16405492517842,53.15694218535906,120.42831796854055,25.64985197053778,0
2025-08-08 13:00:00,edge-1,88.23991928910505,31.861716687962762,44.24659391861497,15.850908088962353,0
2025-08-08 14:00:00,edge-1,43.92096101826002,20.44501875265744,74.97503574394415,19.61280566183899,0
2025-08-08 15:00:00,edge-1,20.94742939069722,54.76876197867196,143.02891869976767,10.8902088521596,0
2025-08-08 16:00:00,edge-1,45.34274035706085,61.129933839864655,114.27025161233432,25.615510551304475,0
2025-08-08 17:00:00,edge-1,45.70665575238996,34.27739926582419,87.82088769013892,30.325121288504278,0
2025-08-08 18:00:00,edge-1,47.151142384666144,59.31050269930734,117.8584408498075,20.400413123115428,0
2025-08-08 19:00:00,edge-1,33.29917937117227,61.07505125981004,97.59631008979474,9.374949375484917,0
2025-08-08 20:00:00,edge-1,58.693417137147165,16.87983987881242,100.50314009407333,23.044452582885157,0
2025-08-08 21:00:00,edge-1,57.86761062929129,41.697506810409976,126.2727410688055,15.479554169254598,0
2025-08-08 22:00:00,edge-1,27.583915702710403,68.14527787470936,70.90529037363473,16.6832527916777,0
2025-08-08 23:00:00,edge-1,60.48795097542332,67.74117458791488,101.61345622218762,23.13288194895502,0
2025-08-09 00:00:00,edge-1,80.79027472918837,36.92650167200479,87.50927221573389,21.272770627563624,0
2025-08-09 01:00:00,edge-1,52.5794049865559,63.168961009994696,36.57586501598978,17.55945612330699,0
2025-08-09 02:00:00,edge-1,44.94012256897241,80.44814450720943,63.18176975002801,16.75197183699168,0
2025-08-09 03:00:00,edge-1,47.86995178388718,75.54145917981796,162.7282578825533,20.629180276104165,0
2025-08-09 04:00:00,edge-1,59.22885150452842,58.094284259721306,115.38893258340936,17.95267223743816,0
2025-08-09 05:00:00,edge-1,24.039925917391727,50.640473733514156,47.05646794394443,14.453814331984963,0
2025-08-09 06:00:00,edge-1,52.465860544659535,47.413110313309915,38.38582496606357,18.3371840926082,0
2025-08-09 07:00:00,edge-1,44.14304075805785,69.35639565819314,95.51344399557664,21.697963116275922,0
2025-08-09 08:00:00,edge-1,77.71737519434069,63.90207946285776,162.44746132705927,19.109482665901833,0
2025-08-09 09:00:00,edge-1,47.38740899292563,72.588080122044,92.5296746078259,12.932457008759073,0
2025-08-09 10:00:00,edge-1,75.0183141667928,62.63747626242304,152.27998213616064,24.945323106877698,0
2025-08-09 11:00:00,edge-1,33.443889533269896,76.37527900694883,114.0772308327463,6.305942815283332,0
2025-08-09 12:00:00,edge-1,58.808887502041884,61.891850659154,118.85001831383575,17.768174224857823,0
2025-08-09 13:00:00,edge-1,54.79100395686843,75.69377432263373,46.57117962781722,16.89900772723042,0
2025-08-09 14:00:00,edge-1,36.96429128202826,77.41645540733278,137.5009168699903,20.740894389357074,0
2025-08-09 15:00:00,edge-1,52.66094171955411,43.909467395503725,86.6027185090557,22.80830903901368,0
2025-08-09 16:00:00,edge-1,68.187782552474,23.83711906258508,134.52369814443634,25.633824041305175,0
2025-08-09 17:00:00,edge-1,45.14312443570099,90.86985712029107,67.43320072055548,16.437975633239198,0
2025-08-09 18:00:00,edge-1,24.62056026245355,65.13317461424523,107.0819739003965,22.93291168666741,0
2025-08-09 19:00:00,edge-1,49.73655760283831,25.71028209007757,114.08011815750525,20.979091939407304,0
2025-08-09 20:00:00,edge-1,36.463653578112314,45.72361005562578,93.83866733696534,11.442303124083884,0
2025-08-09 21:00:00,edge-1,44.864885920041765,75.43748584739657,116.18180772344627,29.502701277170548,0
2025-08-09 22:00:00,edge-1,48.77618345472319,54.40646337734214,89.34411699229965,12.806124363799004,0
2025-08-09 23:00:00,edge-1,24.41521675976724,49.758771613617455,74.03760987834883,22.097486361548576,0
2025-08-10 00:00:00,edge-1,25.76512491018983,88.01763720625934,164.21933531175858,21.94979972098874,0
2025-08-10 01:00:00,edge-1,57.23100253288288,39.05425707232379,141.9581146544577,21.378183911645387,0
2025-08-10 02:00:00,edge-1,42.1592195574548,44.03693284490332,69.56541019807293,17.52711558919196,0
2025-08-10 03:00:00,edge-1,11.52883487269149,64.22772950096535,122.73777222378452,24.13626325570251,0
2025-08-10 04:00:00,edge-1,61.77266054912202,67.80909864107764,70.29284581195388,12.198162630284521,0
2025-08-10 05:00:00,edge-1,54.0855463291136,69.92686068681463,52.61261425350703,19.670856056630385,0
2025-08-10 06:00:00,edge-1,39.29187763945274,78.22476089137893,141.35237765595906,17.180626617237706,0
2025-08-10 07:00:00,edge-1,30.24754683412638,63.97157241363034,31.836014974103776,16.61351028966484,0
2025-08-10 08:00:00,edge-1,62.537118444715055,69.78767877876818,137.07423654306166,22.143738937267727,0
2025-08-10 09:00:00,edge-1,55.240259338406446,54.81581481369834,89.89110749707766,25.387392713598416,0
2025-08-10 10:00:00,edge-1,85.7390342402611,61.253966064734286,91.53813587677885,18.28372119081567,0
2025-08-10 11:00:00,edge-1,56.30282898087406,62.150683601072686,116.3900487849316,23.903405449628888,0
2025-08-10 12:00:00,edge-1,55.815547118930226,64.30196271638073,123.24795247977009,20.24870332722299,0
2025-08-10 13:00:00,edge-1,47.49608104837152,75.45079615165521,66.94627292684368,15.536338953809956,0
2025-08-10 14:00:00,edge-1,62.25163800801187,71.10291363889662,128.70902435000255,18.71023953379468,0
2025-08-10 15:00:00,edge-1,59.3762780187223,60.88434005800366,104.53482152100894,18.502570546041927,0
2025-08-10 16:00:00,edge-1,68.77587512847792,43.8174803011792,49.75780828527847,16.516700437472768,0
2025-08-10 17:00:00,edge-1,42.18015622044073,61.353425161254194,93.20502065681043,22.142414643279167,0
2025-08-10 18:00:00,edge-1,43.46888790584057,59.43964430208512,155.25116062235702,21.173230938523798,0
2025-08-10 19:00:00,edge-1,42.8134524363203,63.863631596263964,167.06379192982786,12.04675150865291,0
2025-08-10 20:00:00,edge-1,61.86202581768484,100.0,128.69393830434709,11.742370023803211,0
2025-08-10 21:00:00,edge-1,72.47561660445098,49.52454442917529,52.386260473265196,22.123422266028772,0
2025-08-10 22:00:00,edge-1,43.11739260276049,68.4457803825072,119.62427609823553,15.923567856027326,0
2025-08-10 23:00:00,edge-1,43.62839408310363,81.36924134488596,134.0344361543677,21.51020577550162,1
2025-08-11 00:00:00,edge-1,54.71115835804699,61.96003828198766,129.02831933274888,23.90465789054594,0
2025-08-11 01:00:00,edge-1,46.31357749980648,100.0,131.3981715475167,13.645235812972203,0
2025-08-11 02:00:00,edge-1,64.28080479709836,52.439214165370466,114.53052316990123,12.942313727119075,0
2025-08-11 03:00:00,edge-1,16.223340640714298,66.48178444640094,97.10350644677825,28.372158411976475,0
2025-08-11 04:00:00,edge-1,37.59942429624658,44.02388510214036,75.66530016383926,21.757853914812294,0
2025-08-11 05:00:00,edge-1,38.26375499057831,52.969505297134134,24.082579259940147,17.903796716633646,0
2025-08-11 06:00:00,edge-1,15.194659814207824,64.97867820793316,113.58567066853404,15.330297736768681,0
2025-08-11 07:00:00,edge-1,35.54542333446794,76.9260812461546,107.44211374608754,17.447795755463602,0
2025-08-11 08:00:00,edge-1,36.27265826231111,66.38189668047148,122.30303371299264,14.047138319433449,0
2025-08-11 09:00:00,edge-1,46.983430182217546,85.18229698669472,46.49825226828423,24.41706087045295,0
2025-08-11 10:00:00,edge-1,66.69448837490395,58.100693788146565,125.8006675726024,16.116244231968395,0
2025-08-11 11:00:00,edge-1,46.32409023213946,53.35662940321989,182.1818037848311,25.467672941081336,0
2025-08-11 12:00:00,edge-1,34.53779419593269,100.0,103.13800523111645,17.996855401149944,0
2025-08-11 13:00:00,edge-1,49.14568188179707,67.88475298884062,97.53338723173837,14.783249081913427,0
2025-08-11 14:00:00,edge-1,65.73760432162024,45.610369080429045,112.36009424342804,17.868492059930993,0
2025-08-11 15:00:00,edge-1,35.360617758276426,46.11472475503862,181.2934809884135,6.879166112492916,0
2025-08-11 16:00:00,edge-1,36.34137674117827,41.146401709373194,59.05408953200436,19.396157116629965,0
2025-08-11 17:00:00,edge-1,58.37823438911335,78.73138711713575,108.1282773357562,19.149404044349208,0
2025-08-11 18:00:00,edge-1,46.67695826403799,52.712454142135165,68.01370310809423,24.123713732739837,0
2025-08-11 19:00:00,edge-1,59.712270360642115,62.547249513129714,78.11981116620021,10.568475360083102,0
2025-08-11 20:00:00,edge-1,49.79529812307055,58.72982651123463,98.01638768472243,25.80933180431774,0
2025-08-11 21:00:00,edge-1,60.524954721343505,74.62984815881869,153.89292966454235,24.10299647498828,0
2025-08-11 22:00:00,edge-1,34.47382828939038,43.0651181423196,172.03962402754948,26.260217818493313,0
2025-08-11 23:00:00,edge-1,49.81873023817599,38.48855427713969,117.92568578506825,19.73639311997931,0
2025-08-12 00:00:00,edge-1,46.83964978455265,64.48594614363188,84.93621107906058,25.06948417051378,0
2025-08-12 01:00:00,edge-1,31.76163613843804,72.01918569399794,199.70955466554074,12.643779825465474,0
2025-08-12 02:00:00,edge-1,26.547830781969672,66.65064626195282,82.89782074681919,23.565237826022667,0
2025-08-12 03:00:00,edge-1,60.28623552911993,43.81092541805344,77.1545634256105,16.144186189500275,0
2025-08-12 04:00:00,edge-1,44.73571426673033,73.54969684182788,29.002278216850925,11.74299083788532,0
2025-08-12 05:00:00,edge-1,34.66579577529006,45.12278145808732,155.84366276978974,14.379297409178196,0
2025-08-12 06:00:00,edge-1,48.55731594615002,49.56922710427233,138.72982369485175,20.027655693146354,0
2025-08-12 07:00:00,edge-1,66.92028286023954,41.12092950555996,196.71222144465784,15.878503958911983,0
2025-08-12 08:00:00,edge-1,15.788932319421157,86.02316697304062,44.41906591127497,21.880367658479,0
2025-08-12 09:00:00,edge-1,27.550419651450106,72.66843082054699,158.32683229916438,10.958812224979914,0
2025-08-12 10:00:00,edge-1,36.156703371570984,72.09986751357746,102.8054207346451,9.364512281920693,0
2025-08-12 11:00:00,edge-1,71.91768300080494,84.94422842284901,132.24400867200546,26.86193717071788,1
2025-08-12 12:00:00,edge-1,54.238804743789444,100.0,34.08891435582116,24.51900064700717,0
2025-08-12 13:00:00,edge-1,61.5097586069184,25.81547792179689,158.7232729066119,14.753515820430962,0
2025-08-12 14:00:00,edge-1,32.89758621310654,45.23246838245784,131.46067005327322,19.985001782647302,0
2025-08-12 15:00:00,edge-1,33.20696187094211,47.67649831650952,98.4435986085513,25.09753530100662,0
2025-08-12 16:00:00,edge-1,56.717205750840655,42.98360755234614,125.80450750644485,22.096003041453027,0
2025-08-12 17:00:00,edge-1,50.8741149640317,38.44833504792575,69.38018795831003,20.741115480917394,0
2025-08-12 18:00:00,edge-1,58.2310822829619,54.006938718892684,76.82239657673202,25.475770406562987,0
2025-08-12 19:00:00,edge-1,47.18493513607322,35.6679256942119,81.46221545498415,16.3464376239939,0
2025-08-12 20:00:00,edge-1,54.172155896819405,66.70084735074826,25.89088553238888,20.155892243323144,0
2025-08-12 21:00:00,edge-1,52.37178627357664,61.03396642857229,134.4703397681347,19.910756808538043,0
2025-08-12 22:00:00,edge-1,61.66651083627388,69.6205732952731,147.66374456730264,18.636189761644786,0
2025-08-12 23:00:00,edge-1,62.10512422916706,70.15456903276505,71.94623400944633,18.05097244289624,0
2025-08-13 00:00:00,edge-1,25.70192008412345,72.06013706853354,113.92812063779274,20.364341189142454,0
2025-08-13 01:00:00,edge-1,16.290971669887163,52.53182126352235,89.37838101483055,20.17203747992764,0
2025-08-13 02:00:00,edge-1,65.0261809647726,100.0,113.13095848324122,14.757861787327371,0
2025-08-13 03:00:00,edge-1,67.81587639892905,64.68862232964196,74.89691035155883,24.008979549502236,0
2025-08-13 04:00:00,edge-1,34.69065470729994,22.750304947504098,64.66299375649456,15.118073961168708,0
2025-08-13 05:00:00,edge-1,22.10246890181557,39.95248508467565,142.0829954409497,18.90883277726413,0
2025-08-13 06:00:00,edge-1,51.485522315108014,25.189940219443685,97.4451765950203,18.523597636399742,0
2025-08-13 07:00:00,edge-1,63.96257339525794,60.34669258302615,180.88435803413904,21.79051806329608,0
2025-08-13 08:00:00,edge-1,76.96391783651472,57.56389551893333,101.85239859176559,9.404480298913336,0
2025-08-13 09:00:00,edge-1,57.744463581521764,50.63148604201084,62.95687838598031,24.45454907464729,0
2025-08-13 10:00:00,edge-1,44.42424955121457,100.0,149.07763505743756,16.61504826193918,0
2025-08-13 11:00:00,edge-1,36.60304067622706,70.97965748153821,125.23200656584079,26.09981647388527,0
2025-08-13 12:00:00,edge-1,50.17176937505982,74.52196722892668,129.07491454785693,17.609175377419227,0
2025-08-13 13:00:00,edge-1,45.511029441721156,41.37853024115793,147.62402715471674,19.755782071329946,0
2025-08-13 14:00:00,edge-1,34.77398141406776,40.017102173379755,73.88814824616821,29.568930200342116,0
2025-08-13 15:00:00,edge-1,80.7313347629493,60.736109981939094,94.9098676405885,18.61330895603166,0
2025-08-13 16:00:00,edge-1,76.77752603108196,63.46014279304452,93.14200674048827,26.194249423367296,0
2025-08-13 17:00:00,edge-1,67.04073025333142,22.873768657710862,48.37013852337527,20.195225427822802,0
2025-08-13 18:00:00,edge-1,36.187244032863084,56.39385954300932,89.45639399367026,22.07709415146745,0
2025-08-13 19:00:00,edge-1,62.82528986445918,60.2814416574701,153.45517831507297,20.349792947056873,0
2025-08-13 20:00:00,edge-1,59.594396142468526,55.69701668457742,109.49352415175389,24.23925813150062,0
2025-08-13 21:00:00,edge-1,56.638184363060795,43.73219175306647,46.15754688620049,16.572341935734745,0
2025-08-13 22:00:00,edge-1,68.74497900565666,49.2092963615772,37.7664235334026,15.079757384904074,0
2025-08-13 23:00:00,edge-1,59.53056714291916,56.46281612854408,166.59104234993086,16.80711904811489,0
2025-08-14 00:00:00,edge-1,61.10021354456504,61.816000472200955,96.3872395897948,20.498551881620454,0
2025-08-14 01:00:00,edge-1,59.55359425058315,72.09583165101137,74.1035917719353,18.89590607224835,0
2025-08-14 02:00:00,edge-1,55.11187112003159,81.61712409901742,89.04032940411987,23.55137438235588,0
2025-08-14 03:00:00,edge-1,23.24583305428725,54.11304552945501,40.90768982730672,26.5236584991076,0
2025-08-14 04:00:00,edge-1,51.25431616115836,50.87687607769284,156.9238059804648,15.120808313824957,0
2025-08-14 05:00:00,edge-1,41.65712061726312,68.75311347068612,84.27788249655882,16.330256041930337,0
2025-08-14 06:00:00,edge-1,30.80238563539969,72.21689832821708,154.69606110953688,12.81880290843573,0
2025-08-14 07:00:00,edge-1,75.22724928951236,51.315991334822286,102.06606857789261,30.15186495379552,0
2025-08-14 08:00:00,edge-1,75.93493011328556,75.80786953932345,157.18127898273758,21.523347495609134,0
2025-08-14 09:00:00,edge-1,70.38830900443418,79.59170682311947,110.26777996172342,22.39901160025789,0
2025-08-14 10:00:00,edge-1,53.82820125283812,85.83372931317346,134.12930651476304,13.298958074844759,0
2025-08-14 11:00:00,edge-1,70.25937681428985,95.56641813439646,128.76372184353346,19.994150054965626,0
2025-08-14 12:00:00,edge-1,50.18079770902738,42.67167722681123,124.93164265007883,22.546239922065425,0
2025-08-14 13:00:00,edge-1,53.04195915346669,60.27796418665022,113.91737908730842,18.736211547327876,0
2025-08-14 14:00:00,edge-1,33.59792944307026,60.2255539323732,90.68597135537661,25.37852812413197,0
2025-08-14 15:00:00,edge-1,55.9548695674826,58.03852862934985,176.6173876629144,31.55915562821415,0
2025-08-14 16:00:00,edge-1,50.905788926366256,47.014741607797276,63.722520596163974,15.264685864530241,0
2025-08-14 17:00:00,edge-1,30.460218247483034,30.28875993537857,100.17230569372639,14.889563770116517,0
2025-08-14 18:00:00,edge-1,49.232043322751046,61.85358892058007,100.59543500830382,15.611219672357116,0
2025-08-14 19:00:00,edge-1,48.804056542147876,44.63288680904175,116.09763013374086,28.03099580008245,0
2025-08-14 20:00:00,edge-1,76.9634174996696,61.7198696149525,82.82109416421996,25.21177658514842,0
2025-08-14 21:00:00,edge-1,63.41319992770114,44.11912916602293,112.5898522235835,19.32236091103176,0
2025-08-14 22:00:00,edge-1,50.17168158637199,38.00683308311317,93.24629659188136,20.18279832200437,0
2025-08-14 23:00:00,edge-1,53.73180964701624,64.68596720753796,36.72189930248403,15.917281869016392,0
2025-08-15 00:00:00,edge-1,50.66318567156297,63.01843053612992,100.38209145027386,24.45013578871592,0
2025-08-15 01:00:00,edge-1,46.956290228066784,71.58563942641865,55.977386678793934,18.100490879457233,0
2025-08-15 02:00:00,edge-1,33.7635920391757,100.0,30.624569502043954,18.699617302725002,0
2025-08-15 03:00:00,edge-1,47.73422183589606,65.54579062421693,105.4749328275754,23.043948857646285,0
2025-08-15 04:00:00,edge-1,38.8085261502123,69.7016353412826,119.51533368078266,19.060025309583892,0
2025-08-15 05:00:00,edge-1,31.245266916152804,38.44877342265349,121.06792168418306,18.82517003251077,0
2025-08-15 06:00:00,edge-1,57.66832721821302,34.261851189272505,122.68682828078776,20.052876027645375,0
2025-08-15 07:00:00,edge-1,55.86896989899852,91.65658893546667,22.696439162375583,23.976777068965383,0
2025-08-15 08:00:00,edge-1,23.19938732947883,41.530404401333925,45.55932288370122,28.232465377419167,0
2025-08-15 09:00:00,edge-1,48.15973043757309,39.12111857062716,178.94085747254684,22.92743116123041,0
2025-08-15 10:00:00,edge-1,64.93552078849885,59.21802157566894,58.111649596918554,24.016571118121334,0
2025-08-15 11:00:00,edge-1,65.88835608344482,58.196151732452236,124.43364124546756,19.000729689494378,0
2025-08-15 12:00:00,edge-1,65.38755264327858,41.94986987113417,72.52249513336616,16.461010684156413,0
2025-08-15 13:00:00,edge-1,50.5836981035219,53.900535625738,103.18690957070258,23.269931161175577,0
2025-08-15 14:00:00,edge-1,37.32432008046273,84.58751435300209,74.66983190905623,20.856204123002858,0
2025-08-15 15:00:00,edge-1,33.74451758962909,43.88012782336405,122.46164618478579,12.886856756251253,0
2025-08-15 16:00:00,edge-1,55.16907357125536,32.12655031267657,105.47096469266796,18.35965188287201,0
2025-08-15 17:00:00,edge-1,55.689200515477445,78.85187241799585,82.06840905423066,19.585514882592232,0
2025-08-15 18:00:00,edge-1,69.30996667407598,69.84593823876074,57.993115212771585,17.447710664857606,0
2025-08-15 19:00:00,edge-1,66.49969475513126,47.58962758702677,110.71096789970045,27.408677972710635,0
2025-08-15 20:00:00,edge-1,48.016570152032415,28.356659677461643,51.4912480382964,22.399195184511083,0
2025-08-15 21:00:00,edge-1,31.336911817086957,45.10753287122874,117.09924168483354,26.865874589443237,0
2025-08-15 22:00:00,edge-1,45.21340104483653,58.90591126301457,205.059396361476,21.317126308260796,0
2025-08-15 23:00:00,edge-1,53.25846792215787,83.31344179767638,154.00680205048047,20.406939182125388,0
2025-08-16 00:00:00,edge-1,46.96875131915894,39.26836050260686,128.7339154757665,15.317010911948755,0
2025-08-16 01:00:00,edge-1,41.331588378835164,58.30960236977053,96.5757080903541,20.059647665982833,0
2025-08-16 02:00:00,edge-1,53.79327222454848,73.50289319789796,22.44989491985899,20.0652696283772,0
2025-08-16 03:00:00,edge-1,42.44063387884084,12.374653197561585,47.10854416399263,13.164430579828835,0
2025-08-16 04:00:00,edge-1,40.57900874411939,80.67572335877799,151.31171424410854,17.302362651148027,0
2025-08-16 05:00:00,edge-1,54.67179251455159,36.350988555871254,68.4097567950088,18.38358700741819,0
2025-08-16 06:00:00,edge-1,43.97011129806193,66.63990986913869,72.02991607343813,22.067397720278606,0
2025-08-16 07:00:00,edge-1,53.66156583467528,64.93366299221488,93.37398097263915,22.30675055992853,0
2025-08-16 08:00:00,edge-1,54.09806034278184,81.6917278292769,57.518149646137815,17.093407590173975,0
2025-08-16 09:00:00,edge-1,32.90856498362638,71.0184876178708,50.92925061793455,22.344348012709425,0
2025-08-16 10:00:00,edge-1,42.78138314201882,12.454190165400377,97.98103708874312,19.089605353257415,0
2025-08-16 11:00:00,edge-1,71.56665409874694,44.304415056880174,64.33882181311856,5.651899875725217,0
2025-08-16 12:00:00,edge-1,32.5688073089857,62.7641025870656,70.35925680884421,17.57648984024229,0
2025-08-16 13:00:00,edge-1,18.250183265442036,56.10040227760426,68.75235895411976,25.394943200711893,0
2025-08-16 14:00:00,edge-1,22.072322701362328,69.55221459513541,120.89440855337875,11.590971216861602,0
2025-08-16 15:00:00,edge-1,50.43664919865004,75.7873311133941,90.71497238018571,20.5634560020777,0
2025-08-16 16:00:00,edge-1,50.46375917049048,72.16903472859359,92.85712128424585,27.926306070926437,0
2025-08-16 17:00:00,edge-1,48.235837168623185,55.7145011489107,123.87783589235534,16.196935234947595,0
2025-08-16 18:00:00,edge-1,68.21284743392752,23.073259777590394,94.3184156706824,20.01074540213843,0
2025-08-16 19:00:00,edge-1,9.907483503455929,50.890375022903655,88.86984926171309,13.479918713860393,0
2025-08-16 20:00:00,edge-1,55.939008116462354,68.3273629627791,118.81801422280684,28.136155708317858,0
2025-08-16 21:00:00,edge-1,73.4215730270536,38.19105494899045,126.72791374230525,19.58333686501693,0
2025-08-16 22:00:00,edge-1,33.08328852662429,72.62549460243153,94.11706001965584,20.23313421397009,0
2025-08-16 23:00:00,edge-1,44.30290232315157,78.1678659453461,103.22431102482086,26.77150232752811,0
2025-08-17 00:00:00,edge-1,38.70662124157069,62.53733952591685,68.72839081066688,23.307391973227404,0
2025-08-17 01:00:00,edge-1,36.584809308837066,0.0,65.57267827341897,15.621856337516302,0
2025-08-17 02:00:00,edge-1,45.1060699246544,34.43823274576393,130.7659000786723,16.76361037956342,0
2025-08-17 03:00:00,edge-1,71.41227925526758,97.72378317112162,117.79768250178486,22.474656522616492,0
2025-08-17 04:00:00,edge-1,77.5608001323128,49.06924413943244,118.21193753666304,16.879394724685298,0
2025-08-17 05:00:00,edge-1,44.96091162439778,20.31713553742008,111.23417394902089,9.413783439397365,0
2025-08-17 06:00:00,edge-1,78.57590321096706,84.70494776620545,101.84813103259815,19.73379600680461,0
2025-08-17 07:00:00,edge-1,50.533647154769376,60.26711183087346,127.85647563291077,12.598936694375952,0
2025-08-17 08:00:00,edge-1,76.30536540051622,82.09880977915451,137.40435044091134,28.08140876781863,0
2025-08-17 09:00:00,edge-1,48.60052025519762,65.5391735043873,136.4491202076259,20.883938188815762,0
2025-08-17 10:00:00,edge-1,51.96586739069217,69.17118272424338,95.96888336216053,15.474124716282123,0
2025-08-17 11:00:00,edge-1,55.482117089642514,67.26018495429034,155.47970919635353,16.50683792668773,0
2025-08-17 12:00:00,edge-1,97.68280519051302,73.94976623842,109.13842726929285,10.553012060630397,1
2025-08-17 13:00:00,edge-1,62.769283622671836,100.0,125.29504770263193,14.502690566097481,0
2025-08-17 14:00:00,edge-1,39.39103205072804,79.42012671918377,111.28351563339518,25.081616012703495,0
2025-08-17 15:00:00,edge-1,64.53496805413786,28.3932136430893,109.88026829936696,31.158930727461957,0
2025-08-17 16:00:00,edge-1,44.57251194373488,68.93323030557806,70.56992038998722,23.631982565994793,0
2025-08-17 17:00:00,edge-1,42.653747256481864,82.82961536206436,128.05403353379305,19.539787306894855,0
2025-08-17 18:00:00,edge-1,63.62902039838167,84.05401613072291,213.81177579630557,17.84020312173042,0
2025-08-17 19:00:00,edge-1,50.46628381656729,51.46790033881801,85.00819700839666,15.217520932118187,0
2025-08-17 20:00:00,edge-1,54.17863871767709,83.29888890376256,102.83978861699792,30.2988294966987,0
2025-08-17 21:00:00,edge-1,50.209778327979386,78.5548479910241,82.1517894261095,19.056256490678127,0
2025-08-17 22:00:00,edge-1,55.04874689908152,100.0,80.47920393752261,30.57814915031252,0
2025-08-17 23:00:00,edge-1,56.37448846154224,44.999965275029766,161.7779791247469,26.967597548050307,0
2025-08-18 00:00:00,edge-1,20.945496009418772,49.8519884719915,73.08115929090141,11.296017843268633,0
2025-08-18 01:00:00,edge-1,59.998590029143,53.87761903080092,81.03678106534555,16.67023802120354,0
2025-08-18 02:00:00,edge-1,35.26970870254549,50.19555699922449,36.50028705074795,16.654774379130888,0
2025-08-18 03:00:00,edge-1,28.365512966608833,42.199585004727936,69.6955310183101,19.600768179471302,0
2025-08-18 04:00:00,edge-1,49.123831342119765,4.74648988652514,31.664004281866085,19.698428734431232,0
2025-08-18 05:00:00,edge-1,51.25971504971682,51.30601052553732,125.27218796847716,34.98119547699071,0
2025-08-18 06:00:00,edge-1,39.59740753141579,67.38716119399808,211.98788887349238,14.613860627626206,0
2025-08-18 07:00:00,edge-1,62.465477865019615,50.135563089881785,85.33284825397911,21.14484967832195,0
2025-08-18 08:00:00,edge-1,29.867372504436396,98.7076236705822,33.329682680390505,23.082538712339016,0
2025-08-18 09:00:00,edge-1,43.895843768411616,60.26751625431725,135.99998657718933,19.99213997765402,0
2025-08-18 10:00:00,edge-1,41.22688797600499,85.82058110368271,70.92300164279372,20.55090288890679,0
2025-08-18 11:00:00,edge-1,49.30119094490991,65.22840825459937,151.9738772221416,14.775955528467064,0
2025-08-18 12:00:00,edge-1,54.182964269708584,76.52814619786515,88.71883808840221,20.53243097301341,0
2025-08-18 13:00:00,edge-1,34.88160575564683,65.58483107867124,74.72737243668877,22.55699498087186,0
2025-08-18 14:00:00,edge-1,60.864240161843426,87.37569263807126,92.88169777017254,21.638002921355643,0
2025-08-18 15:00:00,edge-1,50.945035525020494,61.11878700264801,130.31107043744748,22.85100451956046,0
2025-08-18 16:00:00,edge-1,21.620806200321343,69.92241416177572,90.90317476977374,27.06303950318116,0
2025-08-18 17:00:00,edge-1,20.621128394044533,67.32665867300088,80.13101188825178,24.684832709571708,0
2025-08-18 18:00:00,edge-1,49.81521060606033,54.23429083745362,92.04673588084513,20.356473067487183,0
2025-08-18 19:00:00,edge-1,46.68549023320469,68.09964637849353,49.1257926199646,14.14120824058361,0
2025-08-18 20:00:00,edge-1,48.4486982963805,100.0,115.8812640917592,16.9999736264444,0
2025-08-18 21:00:00,edge-1,49.58026315204673,54.59206115809116,28.530936246203595,18.901844240412924,0
2025-08-18 22:00:00,edge-1,53.38339759265271,68.38929785706496,82.23514182537939,21.261729156707236,0
2025-08-18 23:00:00,edge-1,64.2147441477245,85.15557901738886,130.37540835322972,17.608336192503025,0
2025-08-19 00:00:00,edge-1,33.333426486236625,82.8050656188856,112.12193131730868,15.321334004078242,0
2025-08-19 01:00:00,edge-1,32.42042610648808,60.23432835438731,123.61282291945561,14.059006554398314,0
2025-08-19 02:00:00,edge-1,33.60014213168927,12.332225940852766,97.39817309124764,11.744111204722344,0
2025-08-19 03:00:00,edge-1,54.333750007530604,70.33405637296933,146.78984723942068,18.825246481127156,0
2025-08-19 04:00:00,edge-1,68.67421067969669,15.61051482753895,136.9879678707917,12.651672789648476,0
2025-08-19 05:00:00,edge-1,43.529908426407346,89.39874461882462,117.84564016990699,14.99737157921304,0
2025-08-19 06:00:00,edge-1,12.47450233760518,63.38947742386521,137.10183109254172,18.030490635778488,0
2025-08-19 07:00:00,edge-1,24.44010706084437,79.99348039743978,130.01694217614306,13.320413453042832,0
2025-08-19 08:00:00,edge-1,37.50444915805983,41.95777723637897,82.42145946612439,21.898760942493485,0
2025-08-19 09:00:00,edge-1,41.634066687571774,28.949850533998912,46.24404353234666,23.701115318028435,0
2025-08-19 10:00:00,edge-1,43.8741705911791,65.21508768282334,116.81448503370495,17.252864901123008,0
2025-08-19 11:00:00,edge-1,50.57871684471375,59.32793120087716,121.84356923325714,17.81486346194999,0
2025-08-19 12:00:00,edge-1,45.32380503766329,50.16918347685669,143.61887964554262,22.687148850695387,0
2025-08-19 13:00:00,edge-1,65.74009415815111,61.693225614655276,62.54714899818826,16.430024513826606,0
2025-08-19 14:00:00,edge-1,39.859740414779466,100.0,63.742757628913466,16.086330442013526,0
2025-08-19 15:00:00,edge-1,37.06523060786685,76.69051094738116,118.39601065231082,25.98249239093145,0
2025-08-19 16:00:00,edge-1,57.18313307780692,80.98997211726638,97.15332044587653,24.420938693563937,0
2025-08-19 17:00:00,edge-1,26.96536895110821,76.87873783106711,24.56953557715488,23.007750011719597,0
2025-08-19 18:00:00,edge-1,55.845375579800034,89.58924287704386,115.00432655016763,24.628223106970466,0
2025-08-19 19:00:00,edge-1,51.538297755894,56.1985665419851,25.903083400441815,10.113606373163185,0
2025-08-19 20:00:00,edge-1,47.78836265122749,18.904773846494123,62.189737925064954,26.769177733965535,0
2025-08-19 21:00:00,edge-1,73.82414160723894,56.2282773398798,154.0672549144043,21.960310582918712,0
2025-08-19 22:00:00,edge-1,40.66688832057923,76.23471419993004,172.99516071228462,25.053906920028673,0
2025-08-19 23:00:00,edge-1,80.90447255786117,40.60399209769852,51.373745261121535,21.935808895581815,0
2025-08-20 00:00:00,edge-1,46.61852826157851,56.47268099021339,86.82433850349223,20.24462412340078,0
2025-08-20 01:00:00,edge-1,30.84475332544658,46.164605139953736,101.70490092314824,18.623453938189726,0
2025-08-20 02:00:00,edge-1,51.04879371492238,90.04058503686261,171.24907710326272,21.835721884431027,0
2025-08-20 03:00:00,edge-1,33.85632199521848,74.98914030813127,80.28524208702393,18.441260455477238,0
2025-08-20 04:00:00,edge-1,38.7236622827975,73.03081241287919,80.92463907866887,24.33938050032556,0
2025-08-20 05:00:00,edge-1,55.955499500232364,72.43202626241943,161.94902233851448,12.067716777239,0
2025-08-20 06:00:00,edge-1,58.33373132975187,59.25501494895746,85.00843389126968,17.29212069102861,0
2025-08-20 07:00:00,edge-1,40.66748449618613,63.95112565055007,128.8880683586583,30.224116242383232,0
2025-08-20 08:00:00,edge-1,64.81107717569601,36.29630838935365,40.9142813955029,16.86959768213804,0
2025-08-20 09:00:00,edge-1,67.36261637031701,16.27116042498865,93.15069023630696,18.80658138468261,0
2025-08-20 10:00:00,edge-1,71.54452634844937,63.00162260690048,33.61612646694381,15.587095333249618,0
2025-08-20 11:00:00,edge-1,57.941201106885835,66.4798051254429,57.782648761771824,21.679228364429118,0
2025-08-20 12:00:00,edge-1,70.45143068128547,84.18529136850755,133.56805420609055,16.318675549289026,0
2025-08-20 13:00:00,edge-1,21.788023580389133,91.42671632164735,98.0037843565315,19.071945325964748,0
2025-08-20 14:00:00,edge-1,45.23140177057306,91.39996969997894,87.23577037788101,24.244332680175354,0
2025-08-20 15:00:00,edge-1,36.9949211551486,40.03952813412245,70.0500150407633,16.50618290592592,0
2025-08-20 16:00:00,edge-1,51.78838791691088,52.95469930100462,91.17375707034869,23.943055596326104,0
2025-08-20 17:00:00,edge-1,41.428261712048936,69.60668591762759,112.04452668402774,24.111146577801783,0
2025-08-20 18:00:00,edge-1,47.50763237075402,100.0,139.31664825847048,25.27478047359647,0
2025-08-20 19:00:00,edge-1,78.23262320306074,89.60198407427832,10.0,20.7027049745902,0
2025-08-20 20:00:00,edge-1,47.45420305369433,82.3879432399676,66.72955302948762,36.20629538488393,0
2025-08-20 21:00:00,edge-1,56.20688475785321,52.244240889014186,106.36384968756023,25.272668482710408,0
2025-08-20 22:00:00,edge-1,46.515960051136474,42.33600737689751,96.04547536150857,21.624388122034134,0
2025-08-20 23:00:00,edge-1,51.135699319352504,75.77815766766479,116.135049701069,15.620377929591324,0
2025-08-21 00:00:00,edge-1,50.09025020654107,37.9867747153128,110.70161144506216,19.514704370629296,0
2025-08-21 01:00:00,edge-1,56.72486098959739,55.231272980393946,87.8052854802637,27.13163488450017,0
2025-08-21 02:00:00,edge-1,67.47961303320766,57.70444101996155,78.92587216051291,28.547673078131343,0
2025-08-21 03:00:00,edge-1,74.71090996404993,91.85824178245616,90.17994041057996,27.391645502201147,0
2025-08-21 04:00:00,edge-1,54.6443012286375,52.90605394080645,145.94969399290972,23.9259615336481,0
2025-08-21 05:00:00,edge-1,58.843203290534035,11.215007228547691,70.71968268377142,13.72169896852214,0
2025-08-21 06:00:00,edge-1,32.737032362216496,70.08889295324937,97.48773107424178,22.43580908912835,0
2025-08-21 07:00:00,edge-1,48.681848863765694,46.01956293792147,107.33368855993685,13.792988109735012,0
2025-08-21 08:00:00,edge-1,64.10434197325384,60.85262048875494,162.41403719497833,12.562644033096207,0
2025-08-21 09:00:00,edge-1,62.9895295762573,58.26590598315752,87.98766967054748,21.195793422886194,0
2025-08-21 10:00:00,edge-1,53.174145991925755,54.525920083644635,138.35226624043844,22.615997236348754,0
2025-08-21 11:00:00,edge-1,63.29590939351929,75.80681163569407,149.2791761306009,24.516885492404022,0
2025-08-21 12:00:00,edge-1,57.36150063490728,29.342702432945856,97.44982940037407,22.48568120193047,0
2025-08-21 13:00:00,edge-1,68.00459387388983,49.659715500912796,91.5712408369295,22.65792992871374,0
2025-08-21 14:00:00,edge-1,54.340387354356665,73.68075826234762,86.83785311807135,15.076737075038118,0
2025-08-21 15:00:00,edge-1,44.66452526643448,47.71830449311263,89.7670746302967,19.475116576576667,0
2025-08-21 16:00:00,edge-1,55.037618853995355,27.823865814600566,134.1695944230733,12.46441607182756,0
2025-08-21 17:00:00,edge-1,6.041084362208366,73.37110686513472,109.24039909022056,9.983154352999023,0
2025-08-21 18:00:00,edge-1,55.74328604577574,82.46189260883078,109.41158836679477,23.70321354921537,0
2025-08-21 19:00:00,edge-1,0.0,59.100095847139876,54.99105958480661,16.234378031045207,0
2025-08-21 20:00:00,edge-1,24.14804888891873,20.78308803060935,61.30039690499062,24.362492510715267,0
2025-08-21 21:00:00,edge-1,56.776529014114764,74.11939493397632,185.7378729910792,25.541737889400196,0
2025-08-21 22:00:00,edge-1,57.162940059001926,26.80224237160624,92.88697098845242,16.90341337688401,0
2025-08-21 23:00:00,edge-1,32.56356829790104,66.17598553696331,69.0091201768656,22.951555472776494,0
2025-08-22 00:00:00,edge-1,39.31846937181592,42.250723505156806,157.2439666235719,16.694216356931793,0
2025-08-22 01:00:00,edge-1,70.55811482921197,36.8032142846607,111.27234194734208,10.77060562686588,0
2025-08-22 02:00:00,edge-1,42.73954802640986,51.161799658406196,123.12619667458087,20.61654702221229,0
2025-08-22 03:00:00,edge-1,83.64380468604477,56.334048871454804,94.47811698873866,17.645630601421196,0
2025-08-22 04:00:00,edge-1,49.97120220235481,47.11583499227103,87.25307637692784,17.79955494706434,0
2025-08-22 05:00:00,edge-1,56.120542653219005,71.77406556430302,93.21654510010839,29.87671558922763,0
2025-08-22 06:00:00,edge-1,74.25311597747911,51.07861243082333,44.69047318805493,12.370715086336642,0
2025-08-22 07:00:00,edge-1,51.965406742901294,79.60381743343643,96.4829036232041,21.914355676857355,0
2025-08-22 08:00:00,edge-1,34.96484028963798,65.62346331286959,111.8413230817047,15.025963814276242,0
2025-08-22 09:00:00,edge-1,48.354088224585645,46.048855868073844,174.01852935375015,24.54130704633662,0
2025-08-22 10:00:00,edge-1,49.465838957148634,42.681202323354285,103.43996260020862,21.49215618087533,0
2025-08-22 11:00:00,edge-1,29.52887521697652,27.050074019051223,10.0,21.89672174590307,0
2025-08-22 12:00:00,edge-1,46.162518929887646,65.81466355733644,96.24058268861515,15.2755519119887,0
2025-08-22 13:00:00,edge-1,38.86711859003845,52.90824905497284,209.58016532433223,16.172060433558382,0
2025-08-22 14:00:00,edge-1,63.86536635781151,12.556089438729714,134.6546493994016,24.63625253672943,0
2025-08-22 15:00:00,edge-1,50.51917811277883,49.28570254461199,67.56444224765644,28.853988608637813,0
2025-08-22 16:00:00,edge-1,45.75806376278645,41.97931941490096,123.64426057722227,22.401539086120934,0
2025-08-22 17:00:00,edge-1,48.40727104066136,91.51355184341321,70.31946300441038,15.512896396142835,0
2025-08-22 18:00:00,edge-1,53.34683027609249,25.944427762133806,45.8476992181257,21.69469261231034,0
2025-08-22 19:00:00,edge-1,59.252212995346696,31.172984005318924,86.06522547063712,32.13736022168805,0
2025-08-22 20:00:00,edge-1,35.00431656995928,82.199392862114,103.66105756955444,20.51211405359456,0
2025-08-22 21:00:00,edge-1,34.376185510680926,87.13526314927927,25.113779902664163,27.309204296967998,0
2025-08-22 22:00:00,edge-1,66.57018823103795,45.10034122548717,54.033628378454566,16.29835317080644,0
2025-08-22 23:00:00,edge-1,43.81494691692904,47.358283543821784,100.41342252729419,19.789569741818067,0
2025-08-23 00:00:00,edge-1,28.747368611046888,72.32470793106626,83.67307296044183,23.09782603062771,0
2025-08-23 01:00:00,edge-1,56.65719064074657,13.458004061093796,115.79245084584363,21.98664154131432,0
2025-08-23 02:00:00,edge-1,56.9505470904903,22.77612630988888,51.413266907657544,16.168056599444196,0
2025-08-23 03:00:00,edge-1,27.039271141149403,54.38533198298576,128.56454994213203,15.952412714347002,0
2025-08-23 04:00:00,edge-1,53.442225731954096,90.99781132258252,52.6496361175922,24.941422015513293,0
2025-08-23 05:00:00,edge-1,61.033746386425605,51.28539823666521,165.70937207750518,25.957754063250725,0
2025-08-23 06:00:00,edge-1,55.61579677559395,62.018735834703094,31.36966862486733,27.5607177906096,0
2025-08-23 07:00:00,edge-1,59.47972225642093,82.67578545128023,56.2978291846635,29.01965241626434,0
2025-08-23 08:00:00,edge-1,28.935963528638766,100.0,116.69483212127317,20.67309718161298,0
2025-08-23 09:00:00,edge-1,54.965602324942935,48.463030537033745,166.56933005990552,18.44400377884203,0
2025-08-23 10:00:00,edge-1,45.4607036079433,59.66326552533148,112.60172144464683,26.754954693892344,0
2025-08-23 11:00:00,edge-1,42.75814761913033,96.44110442685685,122.51431680729564,23.565346409257934,0
2025-08-23 12:00:00,edge-1,63.0583341412959,29.556014496171432,100.70147606692234,15.087723706662043,0
2025-08-23 13:00:00,edge-1,72.18911766011345,80.55162141107644,58.94406183539226,14.831821672405443,0
2025-08-23 14:00:00,edge-1,76.91555081900538,39.63368935277484,80.39446607042483,22.459651006781545,0
2025-08-23 15:00:00,edge-1,69.72211807258857,62.04944734206313,51.52361120074893,19.113626692580002,0
2025-08-23 16:00:00,edge-1,48.35398727554725,55.14761905199452,48.85160128892514,19.86785022629651,0
2025-08-23 17:00:00,edge-1,55.290802445395144,40.83976798597541,116.06995677278985,25.362666823550974,0
2025-08-23 18:00:00,edge-1,61.50234307676365,40.3379614468345,55.072880716481535,23.79518572492518,0
2025-08-23 19:00:00,edge-1,51.81766923949193,65.5282872850751,112.78216026893446,26.649366242092157,0
2025-08-23 20:00:00,edge-1,51.96146281867316,79.91078656325364,47.927089911156095,10.342319468133168,0
2025-08-23 21:00:00,edge-1,62.35629697814273,57.405275936229934,111.85532080467019,21.266989586106003,0
2025-08-23 22:00:00,edge-1,49.11076030961102,61.40226317466433,80.4526972414815,23.473442611986034,0
2025-08-23 23:00:00,edge-1,39.06069595439508,71.42348132582094,156.26462134602576,12.36707071656158,0
2025-08-24 00:00:00,edge-1,43.782904012462126,40.567624539740805,112.9487558231626,16.725521793450138,0
2025-08-24 01:00:00,edge-1,59.508655666006135,74.79385016825846,149.43131571976565,15.797574188355405,0
2025-08-24 02:00:00,edge-1,50.044899367999335,76.38686194119494,69.77413134299229,20.108490855299582,0
2025-08-24 03:00:00,edge-1,55.10314965302507,100.0,102.24573360976669,28.13926984347032,0
2025-08-24 04:00:00,edge-1,60.05118863303285,52.47791618880835,60.75651367534887,30.1129470233245,0
2025-08-24 05:00:00,edge-1,44.37737805653585,50.838363966637445,83.45579029022328,15.928562234633588,0
2025-08-24 06:00:00,edge-1,61.34372245444709,75.3793174314749,89.51583109021483,22.63278625246787,0
2025-08-24 07:00:00,edge-1,55.68263905187592,76.38208337824277,70.96567117251443,22.793989260711577,0
2025-08-24 08:00:00,edge-1,31.477803696327822,49.29825693246576,51.3798856461722,21.938128857573737,0
2025-08-24 09:00:00,edge-1,71.63457186779367,51.936746461399025,43.45930705389389,21.99489817369617,0
2025-08-24 10:00:00,edge-1,42.48882884364626,70.82261676436082,10.0,21.51871251225664,0
2025-08-24 11:00:00,edge-1,25.173569852222244,43.44831518530677,57.74614145986169,28.4378506040321,0
2025-08-24 12:00:00,edge-1,34.324344356205465,51.789320239699705,125.09975586687378,25.51233257184029,0
2025-08-24 13:00:00,edge-1,34.68432258982517,61.791855347368696,36.060058719468685,14.699230512008665,0
2025-08-24 14:00:00,edge-1,50.782599779863006,79.91877369644516,45.275086149867796,23.978605404402746,0
2025-08-24 15:00:00,edge-1,45.89224241680644,47.90802767640918,171.63594284931662,24.46186687255726,0
2025-08-24 16:00:00,edge-1,44.94752048539111,23.15231075938656,74.54015800606984,21.574836435758943,0
2025-08-24 17:00:00,edge-1,59.295529482237185,21.66805064963578,112.84184036659343,25.657121852513647,0
2025-08-24 18:00:00,edge-1,55.09813041789056,34.81173866587733,125.6926858600198,20.940370171495186,0
2025-08-24 19:00:00,edge-1,54.740718059664296,33.736645636001256,126.50104519125121,21.002338605381254,0
2025-08-24 20:00:00,edge-1,56.14742685993039,56.907784827601816,39.107430775677614,20.606202723385216,0
2025-08-24 21:00:00,edge-1,59.24202002003357,36.2223969280479,90.7576128040204,9.908779571001656,0
2025-08-24 22:00:00,edge-1,18.380699873338354,45.94490080357592,35.27090921926431,19.59800803047063,0
2025-08-24 23:00:00,edge-1,44.533426216033085,44.518282300359004,197.85271435641295,16.658747127727146,0
2025-08-25 00:00:00,edge-1,17.29684903265789,51.189842783040135,36.20498943937599,14.067760109037213,0
2025-08-25 01:00:00,edge-1,50.54089890196693,86.45008663046245,58.086391245207196,27.170091423697613,0
2025-08-25 02:00:00,edge-1,49.93050541663482,73.23895178861034,58.37596580633981,22.52103759267229,0
2025-08-25 03:00:00,edge-1,65.68298412184521,60.32258830552008,40.133580931084786,19.850844595277263,0
2025-08-25 04:00:00,edge-1,67.8145158908168,50.779474388383235,154.10375639026182,17.175983244487867,0
2025-08-25 05:00:00,edge-1,53.04162572378551,51.33534686753958,196.89791604333982,21.480847923143703,0
2025-08-25 06:00:00,edge-1,42.4945838390465,66.554929399039,80.9700352274953,24.957180466587566,0
2025-08-25 07:00:00,edge-1,57.277416688186065,71.6833814670458,47.183074126223595,15.865170782265295,0
2025-08-25 08:00:00,edge-1,42.081235440135295,41.84764987798799,10.522980050959148,19.97585813861695,0
2025-08-25 09:00:00,edge-1,49.97911022834977,60.72961511228463,90.23565125911594,24.34033249425586,0
2025-08-25 10:00:00,edge-1,64.79204475441152,19.36760862673946,87.34538307354225,10.31999435457935,0
2025-08-25 11:00:00,edge-1,41.633429810158646,64.23427568341194,73.94815494559421,19.712151187972978,0
2025-08-25 12:00:00,edge-1,62.085179588637516,75.24298483917372,108.85501015904913,17.853543147262307,0
2025-08-25 13:00:00,edge-1,60.16102053038453,54.39862746238249,115.80692571261946,19.33085071122483,0
2025-08-25 14:00:00,edge-1,35.678122743037676,96.3305399228021,112.92333031751602,17.491857218140485,0
2025-08-25 15:00:00,edge-1,64.60841192326102,42.37523105127899,87.35500512126052,20.68812302603648,0
2025-08-25 16:00:00,edge-1,60.47849518057258,64.34880830606522,55.93512681702953,29.61813610211359,0
2025-08-25 17:00:00,edge-1,51.52888831058986,59.28350506668089,126.63332391226864,18.380387630357244,0
2025-08-25 18:00:00,edge-1,38.56514812958522,57.99404665113183,100.50055037686121,21.458555045470533,0
2025-08-25 19:00:00,edge-1,37.11190972136645,57.71355663990505,135.534300993386,29.973732092045566,0
2025-08-25 20:00:00,edge-1,41.93506134645466,62.14210060018944,131.60302197888925,17.249922108137223,0
2025-08-25 21:00:00,edge-1,58.1389169493794,76.959174869274,43.129517238115376,29.073376744644847,0
2025-08-25 22:00:00,edge-1,35.66562248897903,87.55472472549488,42.63111170169587,20.026615033135535,0
2025-08-25 23:00:00,edge-1,56.56268372929805,59.95499510991685,69.77837125037887,28.909481129324632,0
2025-08-26 00:00:00,edge-1,31.37366706682411,76.30632144343267,57.749383668373284,23.751005624731597,0
2025-08-26 01:00:00,edge-1,46.93897123341726,45.96466107466435,130.21007103904404,21.535541812912108,0
2025-08-26 02:00:00,edge-1,51.64471631861013,75.31910905452466,114.0523870395167,19.671846590567068,0
2025-08-26 03:00:00,edge-1,86.67695217588374,44.76016952346019,143.96735975141243,16.879792800603948,0
2025-08-26 04:00:00,edge-1,29.340265167194488,81.81319872176265,115.85947269643674,20.378957749821765,0
2025-08-26 05:00:00,edge-1,72.080218497352,100.0,108.34598327493475,24.48680729510012,0
2025-08-26 06:00:00,edge-1,52.2476362098092,57.55832224057217,147.98919121376682,19.934442845016648,0
2025-08-26 07:00:00,edge-1,56.167578770239444,16.149130183851824,118.78909358940194,18.41688597469071,0
2025-08-26 08:00:00,edge-1,51.77521870082307,49.03854133510354,102.72403853750875,18.746087329111134,0
2025-08-26 09:00:00,edge-1,56.670902272928494,84.63750268578607,159.2181213572274,24.962383067915265,0
2025-08-26 10:00:00,edge-1,47.69472343456973,71.0615357405049,104.6072353261116,26.125807275499277,0
2025-08-26 11:00:00,edge-1,71.81075272186187,64.9782719735006,87.82637580328313,16.66424743115815,0
2025-08-26 12:00:00,edge-1,43.15293283662916,80.17336711909678,66.48706964889402,16.65706071276255,0
2025-08-26 13:00:00,edge-1,66.98351858268872,69.68906878496844,128.12101836181645,21.89679459833556,0
2025-08-26 14:00:00,edge-1,40.33449319680466,84.35450374902273,149.48202167369874,27.637660323786275,0
2025-08-26 15:00:00,edge-1,49.096222303980696,78.38847353293971,97.9765039426628,25.729951541562798,0
2025-08-26 16:00:00,edge-1,33.92056171564671,90.43400905473918,152.31662495119355,13.740738939100442,0
2025-08-26 17:00:00,edge-1,56.8253558052128,67.17592167812509,21.19939872113696,18.67962015004069,0
2025-08-26 18:00:00,edge-1,71.676889353898,78.10518802987909,97.78186500768341,15.346982226552438,0
2025-08-26 19:00:00,edge-1,48.839657302687186,53.85745853828429,98.39620351582255,18.662437390423708,0
2025-08-26 20:00:00,edge-1,47.04671451944136,47.970783768819885,70.92022510370612,28.022049980176774,0
2025-08-26 21:00:00,edge-1,33.2807455539811,94.13535280837947,195.35444151927493,12.886996756084914,0
2025-08-26 22:00:00,edge-1,46.56061019671538,64.32409352645377,97.35229469244955,11.90567353359905,0
2025-08-26 23:00:00,edge-1,26.108086104177087,76.09761131724758,83.69076913582268,15.857229232831987,0
2025-08-27 00:00:00,edge-1,36.30683019921759,62.474800288227804,101.0384845373402,21.436553012879966,0
2025-08-27 01:00:00,edge-1,53.40179069163703,48.269686981600714,19.88745045896681,23.103774103203783,0
2025-08-27 02:00:00,edge-1,69.78519796612095,60.21965785164802,69.60528298620339,22.187242174307666,0
2025-08-27 03:00:00,edge-1,92.13816291844255,88.71988035535429,139.32959877781616,25.878427016155083,0
2025-08-27 04:00:00,edge-1,41.201223723936494,71.10480148558848,74.84218580268902,11.184572028830354,0
2025-08-27 05:00:00,edge-1,71.5295023496816,25.77053680539082,66.84499348798914,25.941682691794686,0
2025-08-27 06:00:00,edge-1,53.65628720602472,55.6951108684769,152.381025460576,18.439523399768543,0
2025-08-27 07:00:00,edge-1,47.73128529880436,95.64587585409424,153.61017603807315,23.657471549024336,0
2025-08-27 08:00:00,edge-1,56.488916775892285,55.72406276300088,120.67961888644567,13.382872866183977,0
2025-08-27 09:00:00,edge-1,50.92874725519939,23.990426165316386,81.79530663845331,20.02478348504535,0
2025-08-27 10:00:00,edge-1,51.65593588418328,97.86097770845087,90.42115739534705,21.18135385294507,0
2025-08-27 11:00:00,edge-1,43.87500255759996,73.64785019625586,67.83400153700164,25.77875518749209,0
2025-08-27 12:00:00,edge-1,29.02835510301724,58.599742823743995,60.209075238854204,12.073726886961174,0
2025-08-27 13:00:00,edge-1,26.845621962168778,52.57164527835863,58.22334046766271,20.15376274267452,0
2025-08-27 14:00:00,edge-1,59.7986732492184,81.64703859583472,75.2778237285917,14.573823544289285,0
2025-08-27 15:00:00,edge-1,45.8494986487143,49.16033199547615,58.6111603726102,22.527480221041376,0
2025-08-27 16:00:00,edge-1,41.058666505157504,82.96512849031977,37.45179525827404,23.88608268228063,0
2025-08-27 17:00:00,edge-1,50.127584400847304,70.84390571448512,108.77610679015623,26.435851212540438,1
2025-08-27 18:00:00,edge-1,61.923983793734415,64.89363850974699,109.38382323573748,17.324852728458126,0
2025-08-27 19:00:00,edge-1,52.70545914539597,62.910296106711904,168.03171033713267,24.63613242844395,0
2025-08-27 20:00:00,edge-1,40.15917595038549,56.50063926571644,73.26646526581189,26.804507937385267,0
2025-08-27 21:00:00,edge-1,68.39439433473424,80.91280240418531,111.84402358493082,11.783765150722665,0
2025-08-27 22:00:00,edge-1,73.68778254472448,42.693143357963315,112.50850317099207,23.06172460049225,0
2025-08-27 23:00:00,edge-1,57.418349829842796,27.561497463395817,89.84649755497868,24.79255626890053,0
2025-08-28 00:00:00,edge-1,64.60495267016135,72.2888024578495,129.77334354998703,18.70636806806281,0
2025-08-28 01:00:00,edge-1,68.62939995220717,72.62476656134295,131.00916747402857,13.946132112374457,0
2025-08-28 02:00:00,edge-1,66.95148974606771,69.60482305023534,113.0964438079016,24.714778780548315,0
2025-08-28 03:00:00,edge-1,59.21148765668936,68.15456739236078,89.77441179808818,14.002455862211216,0
2025-08-28 04:00:00,edge-1,58.97520570612324,53.589192433249046,85.6987956578186,19.108242827445487,0
2025-08-28 05:00:00,edge-1,57.79490860019754,75.74965408771051,45.28984404811763,19.799379710983356,0
2025-08-28 06:00:00,edge-1,33.539934881794345,59.08883746490918,67.76328885529233,23.577690258519997,0
2025-08-28 07:00:00,edge-1,60.51084735289379,50.257728783696436,75.11969904393248,16.866842202437336,0
2025-08-28 08:00:00,edge-1,29.66279043310169,53.762173754892004,55.041129502822635,16.577081555860726,0
2025-08-28 09:00:00,edge-1,38.081008173124175,100.0,117.59695866750657,20.494577393815554,0
2025-08-28 10:00:00,edge-1,69.55347601712131,25.300478359091343,147.8651147594804,25.031952388098745,0
2025-08-28 11:00:00,edge-1,62.60330244041296,69.99576208591597,63.677502706834,31.437250003265735,0
2025-08-28 12:00:00,edge-1,72.31097434528795,26.41779144752566,111.33765742978548,12.462594001106128,0
2025-08-28 13:00:00,edge-1,45.92488424469062,57.83533323354054,58.635554418811594,21.57671008893289,1
2025-08-28 14:00:00,edge-1,32.716267380848485,51.32745029691625,87.80311316243352,14.56732486882854,0
2025-08-28 15:00:00,edge-1,46.39344204394486,18.29943406640244,72.38681683288897,25.094056216033714,0
2025-08-28 16:00:00,edge-1,51.530469458608614,67.78075180867526,124.07582594425766,15.307277263453834,0
2025-08-28 17:00:00,edge-1,51.18483074510014,52.39923875615608,72.84847304631288,16.62675890908838,1
2025-08-28 18:00:00,edge-1,67.00520718135053,18.01587314877512,140.46641654826587,17.05364570468002,0
2025-08-28 19:00:00,edge-1,44.58094362494832,76.79136181548505,90.17116905351205,19.61900530640098,0
2025-08-28 20:00:00,edge-1,55.28051707704386,88.7001235597787,74.01585161620676,21.615987984293536,0
2025-08-28 21:00:00,edge-1,35.17059275848091,89.80248684593144,49.867789506193475,22.418506968042568,0
2025-08-28 22:00:00,edge-1,56.754759170657195,67.17912881302942,110.12818041181399,19.971162269086083,0
2025-08-28 23:00:00,edge-1,50.04662825278455,60.92116277154231,135.80873608904722,13.350544887797094,0
2025-08-29 00:00:00,edge-1,38.75279992573224,86.56313241791594,110.93285026147497,23.638930751550944,0
2025-08-29 01:00:00,edge-1,46.462559567377205,93.64767170680196,189.55326665657697,19.73520668168486,0
2025-08-29 02:00:00,edge-1,47.23736380227167,82.6713740575125,157.19149809881674,25.808673950073494,0
2025-08-29 03:00:00,edge-1,45.947673059943554,41.169247955403975,87.69888941131937,16.461306102600318,0
2025-08-29 04:00:00,edge-1,76.57011863401524,64.02689706429844,87.27890264771723,11.988626363245027,0
2025-08-29 05:00:00,edge-1,48.523309965381806,68.79032288582857,118.78786877941413,19.829869986584622,0
2025-08-29 06:00:00,edge-1,46.341558347339934,23.807660621655415,66.47923278297259,26.479763441421326,0
2025-08-29 07:00:00,edge-1,18.538235635847876,69.38721319241549,146.65153226129945,20.804710683080256,0
2025-08-29 08:00:00,edge-1,36.58688972030784,100.0,114.46402087374335,19.001651004135717,0
2025-08-29 09:00:00,edge-1,46.05389863315471,72.79872331601582,110.25835643434131,15.648264911712834,0
2025-08-29 10:00:00,edge-1,39.71220985735036,89.46826162883512,127.47814671083265,28.788832333404113,0
2025-08-29 11:00:00,edge-1,70.72561390066696,63.6582946025741,168.91319533476235,14.851987025576104,1
2025-08-29 12:00:00,edge-1,47.52593336905672,58.53563352032357,106.8382140875002,16.3730287118588,0
2025-08-29 13:00:00,edge-1,69.32666373977378,67.62542780161951,95.47838516514463,22.850170980420113,0
2025-08-29 14:00:00,edge-1,50.92556951075552,43.68346704031135,160.34878493290313,10.719896550566052,0
2025-08-29 15:00:00,edge-1,50.558417546323646,40.72449625531223,138.70201663964542,26.372953326906696,0
2025-08-29 16:00:00,edge-1,48.668053284312485,85.32609114338732,87.16080638465111,23.120965571086778,0
2025-08-29 17:00:00,edge-1,50.05694377432189,87.44684685733037,100.2074579463608,24.49615535905555,0
2025-08-29 18:00:00,edge-1,75.7819250457479,40.17787368825299,107.81523663755195,22.79058505974827,0
2025-08-29 19:00:00,edge-1,15.20583909873173,79.35997609107729,114.47251778419931,19.19438241271815,0
2025-08-29 20:00:00,edge-1,19.97681383341982,58.26080048787958,45.73600596243544,14.684256449222886,0
2025-08-29 21:00:00,edge-1,41.85243753415829,66.79617148980861,38.300615687937594,19.299622793875198,0
2025-08-29 22:00:00,edge-1,50.217918229063535,69.20437278870126,64.50439911990185,15.123818441236825,0
2025-08-29 23:00:00,edge-1,60.35156637146019,79.88700936248637,61.41046227954631,22.430776550381918,0
2025-08-30 00:00:00,edge-1,57.09630797041213,61.654364037263775,74.2470394410999,24.03389915274051,0
2025-08-30 01:00:00,edge-1,44.23631130679145,88.20323990603872,125.38842568360018,27.384043155991037,0
2025-08-30 02:00:00,edge-1,65.28565539862643,66.1882567951985,93.24283374701047,21.858838202764318,0
2025-08-30 03:00:00,edge-1,65.45293104729096,72.48368544939065,107.85578420040753,24.62287678297593,0
2025-08-30 04:00:00,edge-1,52.76086746907348,43.33474816925507,51.02786359830954,18.51427631384929,0
2025-08-30 05:00:00,edge-1,64.43986358730263,100.0,81.53431188316219,17.608614309959027,0
2025-08-30 06:00:00,edge-1,54.08967895148193,69.39649846409932,123.49030646979361,22.368359454084008,0
2025-08-30 07:00:00,edge-1,41.577754598256746,74.25994850690199,123.79809832707207,18.067635636415456,0
2025-08-30 08:00:00,edge-1,60.46725258500007,27.836283775769168,71.01704687248369,21.34592894413829,0
2025-08-30 09:00:00,edge-1,51.65919683868017,43.545959538417975,106.46649545518214,14.694039053322895,0
2025-08-30 10:00:00,edge-1,50.020097701317304,84.75767375837461,187.9539141392933,15.591861587618496,0
2025-08-30 11:00:00,edge-1,72.09430358284362,65.7378223658521,99.29608282977448,23.17704650509145,0
2025-08-30 12:00:00,edge-1,13.2369180718987,21.724405303421477,72.27252215430218,24.433450377030482,0
2025-08-30 13:00:00,edge-1,28.734737447606456,80.76579857967639,93.04950442551359,15.071719155166598,0
2025-08-30 14:00:00,edge-1,32.193943604384444,49.124343912945534,103.68708430107333,23.353071552532104,0
2025-08-30 15:00:00,edge-1,44.55109028646792,88.22633971753424,93.95326477237802,17.336321634823626,0
2025-08-30 16:00:00,edge-1,46.180877453509545,58.24328642792601,98.74581197293993,20.08252588100155,0
2025-08-30 17:00:00,edge-1,27.39011528340429,64.0941337204106,42.26212812252641,27.084722078953234,0
2025-08-30 18:00:00,edge-1,35.2226295153376,83.57909157183298,61.49478099656195,24.03743617011474,0
2025-08-30 19:00:00,edge-1,37.087374822146444,42.05014058290675,94.0265905171401,23.979359940110964,0
2025-08-30 20:00:00,edge-1,86.86136138113838,40.14306384332121,93.38928119910253,29.543951792284833,0
2025-08-30 21:00:00,edge-1,77.0261292162072,56.07003159203785,77.35242900559997,16.48060329475101,0
2025-08-30 22:00:00,edge-1,43.82375873473026,76.54345599242444,92.91945655694252,15.070625125037271,0
2025-08-30 23:00:00,edge-1,44.54625064539802,33.38245494773019,102.44059421656821,16.389388648857047,0
2025-08-31 00:00:00,edge-1,32.76194004217559,26.639308002218065,135.576538260981,18.727494732966925,0
2025-08-31 01:00:00,edge-1,21.378043801620997,76.47441854087585,96.03153059095797,8.227246928540533,0
2025-08-31 02:00:00,edge-1,48.24679720387214,47.94043374865993,115.96412821193013,18.962858816515947,0
2025-08-31 03:00:00,edge-1,35.032220251339616,52.15547974159434,78.33598794264316,17.27714634052544,0
2025-08-31 04:00:00,edge-1,48.727242025069856,22.863791961196682,122.88382894393928,23.918798836988994,0
2025-08-31 05:00:00,edge-1,25.996912264347838,46.420413712960354,115.02921190449428,21.7620968950502,0
2025-08-31 06:00:00,edge-1,38.57038312534613,59.848654067376984,134.63268012719277,16.996516861153314,0
2025-08-31 07:00:00,edge-1,52.229406429542465,78.60755715245784,128.5384184977795,22.94980422681452,0
2025-08-31 08:00:00,edge-1,55.493143966759064,44.575396675307225,123.54942491524585,23.61631529911885,0
2025-08-31 09:00:00,edge-1,56.26207938113022,93.14752240464993,96.06330365368879,16.157271051042947,0
2025-08-31 10:00:00,edge-1,30.19266523764444,46.30887951640399,109.79756908177873,17.534878723087907,0
2025-08-31 11:00:00,edge-1,62.82028595203343,46.338163968296506,142.54035713806104,8.873184064510086,0
2025-08-31 12:00:00,edge-1,37.99682455097225,90.74715103795604,73.91701722388822,14.546700128153576,0
2025-08-31 13:00:00,edge-1,59.492868719109595,64.22920304727835,74.86368885212538,16.287652197882107,0
2025-08-31 14:00:00,edge-1,49.8404198507271,48.95950541976847,107.25725591801448,20.37083088303011,0
2025-08-31 15:00:00,edge-1,29.35418751383078,56.89733737638813,116.61118761061815,15.273086603200923,0
2025-08-31 16:00:00,edge-1,45.25703443128218,87.06147155084119,67.03574002943982,17.432740064754455,0
2025-08-31 17:00:00,edge-1,55.48045613095651,89.32405639251364,97.00949746346767,13.873346592087005,0
2025-08-31 18:00:00,edge-1,59.194480707118984,43.66413641459488,96.24004903084861,20.855569492656354,0
2025-08-31 19:00:00,edge-1,47.88518153833372,59.151323798417835,11.388795375861179,22.128572972924538,0
2025-08-31 20:00:00,edge-1,72.9766833590158,61.803136553351464,91.21624042964962,22.01182674209911,0
2025-08-31 21:00:00,edge-1,65.11266156479839,40.27519778966805,93.70728668606135,20.061805659526296,0
2025-08-31 22:00:00,edge-1,46.15018825400371,58.886298947000114,93.58828228707924,12.294635017493029,0
2025-08-31 23:00:00,edge-1,61.25182718205417,60.10645720903401,156.63657098309073,16.900231680535747,0
2025-09-01 00:00:00,edge-1,79.0069022778228,82.80418957873471,51.36806805964498,17.963466638407578,0
2025-09-01 01:00:00,edge-1,79.4072690117454,84.14850056622402,67.0150971518155,17.983523435396872,0
2025-09-01 02:00:00,edge-1,31.58000178766254,53.41581203281984,10.0,20.37490608994918,0
2025-09-01 03:00:00,edge-1,36.10200333264274,55.720937122783766,80.76333335303437,27.127706861855096,0
2025-09-01 04:00:00,edge-1,72.27378180100777,73.2858460411127,84.17425783495996,24.060481063422998,0
2025-09-01 05:00:00,edge-1,34.12578423743544,48.29623102145977,79.60091294662975,15.062411100756528,0
2025-09-01 06:00:00,edge-1,30.161883000624815,71.77280303474805,144.3070935793504,23.392014376483168,0
2025-09-01 07:00:00,edge-1,42.707088039514296,58.241870252615705,134.42470089347853,23.20151183832868,0
2025-09-01 08:00:00,edge-1,56.30340064211879,40.61202844522759,103.11426897069217,15.969662635242177,0
2025-09-01 09:00:00,edge-1,48.46404940083355,40.863265742407066,85.17547785840551,24.244329613177193,0
2025-09-01 10:00:00,edge-1,40.241545693916116,88.94117392062205,141.04758672427454,19.198116820273682,0
2025-09-01 11:00:00,edge-1,39.88681307413236,56.87157041713403,99.20968560656594,12.950232549927776,0
2025-09-01 12:00:00,edge-1,39.31494403380937,92.80708187796623,67.26919844326169,22.276013623185708,0
2025-09-01 13:00:00,edge-1,36.80735557011586,49.727274785701795,31.35005290061794,21.08480911807262,0
2025-09-01 14:00:00,edge-1,84.22449315914093,65.82410402262987,82.3474202441727,18.861611854070862,0
2025-09-01 15:00:00,edge-1,54.462666067783324,100.0,130.18574468690434,19.812734575083503,0
2025-09-01 16:00:00,edge-1,63.301385816071075,38.852265106734414,191.06154758172357,16.40457260555769,0
2025-09-01 17:00:00,edge-1,42.663837978216144,22.043710002004467,102.46441384757904,23.050652518985547,0
2025-09-01 18:00:00,edge-1,47.210649842209264,85.73180262574466,69.38577939518783,19.78274682745537,0
2025-09-01 19:00:00,edge-1,39.296690279444675,43.46381789213853,52.60139166863144,20.83224421974114,0
2025-09-01 20:00:00,edge-1,10.22437497621197,59.585872717875326,122.07819585222396,21.785709622144363,0
2025-09-01 21:00:00,edge-1,29.329860847282006,48.2816357909683,29.41535790462926,14.227071927868376,0
2025-09-01 22:00:00,edge-1,22.840719800294078,65.36325561910633,122.01380405619553,15.528584890589741,0
2025-09-01 23:00:00,edge-1,16.253243330725887,40.98927585628516,132.7084642505165,8.950277701918953,0
2025-09-02 00:00:00,edge-1,32.06961538552846,56.40119824233388,117.45117812931457,22.823711292452035,0
2025-09-02 01:00:00,edge-1,69.87433519072447,68.99630653113068,91.2135331224577,13.938949881266169,0
2025-09-02 02:00:00,edge-1,49.33345748443468,39.83382227451476,122.59762614187258,20.662848549478262,0
2025-09-02 03:00:00,edge-1,69.35845643481761,45.99831940708222,106.837534845132,21.854941124697763,0
2025-09-02 04:00:00,edge-1,56.164738653513126,53.052343328029366,68.87504632557633,23.0117641944626,0
2025-09-02 05:00:00,edge-1,61.73838238572739,31.423691315474436,174.01649289500102,13.979915430819704,0
2025-09-02 06:00:00,edge-1,36.486545070431376,51.548780344025076,85.93282481557935,19.674191909296546,1
2025-09-02 07:00:00,edge-1,57.85926431289006,62.375930798058036,131.03009201799637,28.351402103938746,0
2025-09-02 08:00:00,edge-1,60.93071351111519,52.00902116823143,10.0,28.571573399921583,0
2025-09-02 09:00:00,edge-1,41.350290616494604,54.57247014136551,151.05883531123715,24.936615470134754,0
2025-09-02 10:00:00,edge-1,58.3931055592425,59.60196658186829,158.75054978618329,21.687465694094197,0
2025-09-02 11:00:00,edge-1,58.49281637862249,46.88513075135372,101.19335148506553,14.974468055773112,0
2025-09-02 12:00:00,edge-1,41.75671068304876,73.82125131733754,122.35084138951034,23.593108126955265,0
2025-09-02 13:00:00,edge-1,33.15847351593507,88.71956249603551,122.3406072643025,19.209893856265797,0
2025-09-02 14:00:00,edge-1,32.238075021525916,50.71239215609103,74.28865721437103,22.80264137636422,0
2025-09-02 15:00:00,edge-1,51.29758312882193,69.70396462955414,121.88489221757361,16.835782725739417,0
2025-09-02 16:00:00,edge-1,54.90514803183972,55.20765689130706,67.65478120509778,19.135334435800356,0
2025-09-02 17:00:00,edge-1,38.11211254313128,67.3097469007701,75.64972305418695,20.820736800382125,0
2025-09-02 18:00:00,edge-1,50.39878011989148,91.3155906240651,145.07772572849194,21.231390457469292,0
2025-09-02 19:00:00,edge-1,58.558055542077284,70.17319086036197,138.9863076280081,22.46861357230124,0
2025-09-02 20:00:00,edge-1,59.27286071997951,24.531709223806388,71.7449799153683,17.104025077375503,0
2025-09-02 21:00:00,edge-1,73.27820180183733,69.07991262893918,70.65694625995837,13.283577739448987,0
2025-09-02 22:00:00,edge-1,69.15471248297065,84.65727486618019,74.17613590169312,28.123925199498974,0
2025-09-02 23:00:00,edge-1,34.98062850865184,55.56807660003795,129.30558265861964,32.446270845116786,0
2025-09-03 00:00:00,edge-1,75.25379314307034,79.91269612235665,60.00060876758412,22.237103556011892,0
2025-09-03 01:00:00,edge-1,42.03535243166428,46.19768917696108,114.2685055614381,13.380039526349448,0
2025-09-03 02:00:00,edge-1,65.67309218681642,30.289216809554524,129.8738724253718,16.134024415785618,0
2025-09-03 03:00:00,edge-1,51.01979939076633,62.82338037665281,96.470181988276,22.545587845254843,0
2025-09-03 04:00:00,edge-1,43.81775932314549,24.870465585073717,140.4025478745971,26.70557805840643,0
2025-09-03 05:00:00,edge-1,22.884547103376008,55.20457974212817,87.8275932204083,13.935546827290718,0
2025-09-03 06:00:00,edge-1,47.426532346754776,85.73684525291006,91.44577596024342,19.378335895755495,0
2025-09-03 07:00:00,edge-1,26.609251470415867,21.804741885074385,60.91015075472574,20.979660322219846,0
2025-09-03 08:00:00,edge-1,64.50948853764159,34.41006408172204,140.6870939048082,24.322892256429373,0
2025-09-03 09:00:00,edge-1,72.75188985708871,39.359355096768454,69.33918212084518,18.281994527998105,0
2025-09-03 10:00:00,edge-1,38.046335160549646,58.7336028057808,113.99087270860237,12.180926543390378,0
2025-09-03 11:00:00,edge-1,54.52956113778907,52.68566428707582,97.1473573149626,23.10598779726451,0
2025-09-03 12:00:00,edge-1,39.11912716988037,87.98272763392174,57.8886774755335,25.62397982585619,0
2025-09-03 13:00:00,edge-1,40.57272904794816,79.08696658183395,75.63587424706716,19.587042691274196,0
2025-09-03 14:00:00,edge-1,61.617420557980566,69.90545892137196,155.31488956162934,22.026200456532155,0
2025-09-03 15:00:00,edge-1,49.42192607234881,62.9126062868777,108.06630170537922,17.627543852864648,0
2025-09-03 16:00:00,edge-1,76.09472062896518,67.86459553969655,59.63398634532632,15.771136026370527,0
2025-09-03 17:00:00,edge-1,42.76651281945618,42.7603528937325,112.21313149394767,25.132128402736093,0
2025-09-03 18:00:00,edge-1,64.99004498711734,77.14420707113224,94.1554387362182,21.937479239072303,0
2025-09-03 19:00:00,edge-1,51.46120119436673,37.759114912815974,238.16185608976727,22.451842997009415,0
2025-09-03 20:00:00,edge-1,61.9366701461635,76.70753987804461,111.4049536536909,27.510575739973063,0
2025-09-03 21:00:00,edge-1,43.2926351400508,83.72285004237662,84.77500611734541,14.725788328407134,0
2025-09-03 22:00:00,edge-1,49.25661743672626,64.21729204176174,156.80111671148416,17.23986865920289,0
2025-09-03 23:00:00,edge-1,48.26751681051598,56.47573882076048,26.358553308286176,20.789666744173477,0
2025-09-04 00:00:00,edge-1,37.45914327731319,68.00619816619347,103.77280625524389,17.17843381119379,0
2025-09-04 01:00:00,edge-1,59.93122301872629,2.7696325979865435,179.7771397872429,23.915682676362252,0
2025-09-04 02:00:00,edge-1,59.753735083675465,66.04516436970923,95.35202862560983,19.06300389548008,0
2025-09-04 03:00:00,edge-1,58.9033204235835,57.73292004320386,30.667958214076847,15.037335962514053,0
2025-09-04 04:00:00,edge-1,73.05448480876467,58.98743773886018,84.1632814235761,20.328858375938307,0
2025-09-04 05:00:00,edge-1,71.74017201854456,74.13065025795655,158.1807216383615,20.85169385403394,0
2025-09-04 06:00:00,edge-1,44.37582965226297,58.504621568705446,115.04278385283085,24.67341031448165,0
2025-09-04 07:00:00,edge-1,55.59578477651267,37.19586286697684,66.4457556194993,21.965704515737123,0
2025-09-04 08:00:00,edge-1,40.64598966112681,57.17194658349244,72.59028771283904,22.30573195679918,0
2025-09-04 09:00:00,edge-1,50.35032974171833,61.35110968161649,77.61198915400746,21.601458420036124,0
2025-09-04 10:00:00,edge-1,41.00375826321703,62.29867823162026,114.44791536215985,19.05888739354035,0
2025-09-04 11:00:00,edge-1,74.30105463704076,63.23838734570136,153.5278453175461,16.418904424443678,0
2025-09-04 12:00:00,edge-1,55.45547225514444,80.78738089837107,142.09692051196683,21.44419175829688,1
2025-09-04 13:00:00,edge-1,46.72956307843367,38.27930893931705,118.24048728436514,18.3343761705818,0
2025-09-04 14:00:00,edge-1,67.90427857784566,63.514009123297,46.73420959770067,28.449113102205075,0
2025-09-04 15:00:00,edge-1,17.440768853068825,85.79859397236481,46.88269944026235,26.710911473866094,0
2025-09-04 16:00:00,edge-1,19.788461077020653,25.307770061256093,121.33008084855054,23.164195661758043,0
2025-09-04 17:00:00,edge-1,61.937579828296606,63.59293361560107,46.181156082684225,21.89233469646493,0
2025-09-04 18:00:00,edge-1,50.90702672176052,48.29242996053913,90.97731915725583,19.560204745094115,0
2025-09-04 19:00:00,edge-1,53.75669450391141,52.5857923105379,112.16601784744708,13.694381343264325,0
2025-09-04 20:00:00,edge-1,30.104058450221768,41.90384993571156,54.49624018549245,18.919138883390172,0
2025-09-04 21:00:00,edge-1,49.65149433724451,56.608985685991115,59.02950662564546,20.507000167026284,0
2025-09-04 22:00:00,edge-1,80.05264115602013,96.8251122885381,96.23515741728725,21.147282372223312,0
2025-09-04 23:00:00,edge-1,62.36299429693794,34.711392776455725,120.14601150096215,22.34768183507913,0
2025-09-05 00:00:00,edge-1,52.54559817714218,36.607799950423455,142.46075081655027,24.606650989388427,0
2025-09-05 01:00:00,edge-1,43.41419134842594,33.96130859672991,124.28213739082207,16.539229641535663,0
2025-09-05 02:00:00,edge-1,44.08140722195909,94.54836573256202,102.94626379968778,16.584621963954945,0
2025-09-05 03:00:00,edge-1,18.062031661999736,50.75320588957426,70.15220985771802,27.254283398715792,0
2025-09-05 04:00:00,edge-1,53.86460631381741,59.487218793046516,57.163720166219235,23.854907945965742,0
2025-09-05 05:00:00,edge-1,62.68224662722781,51.9443411778752,79.56491646683409,18.046145289333396,0
2025-09-05 06:00:00,edge-1,26.36571009244077,41.11154243193817,116.39742339922269,19.463944155238817,0
2025-09-05 07:00:00,edge-1,40.07874661539776,55.29698706771129,113.46494826509371,19.486430266625508,0
2025-09-05 08:00:00,edge-1,32.63803051649867,100.0,16.003920570995106,20.157870611406913,0
2025-09-05 09:00:00,edge-1,35.51973207786855,87.84141841948511,68.57291886929988,22.363415461193064,0
2025-09-05 10:00:00,edge-1,50.802224402328505,42.941243644154554,148.18030206424623,32.67496373049916,0
2025-09-05 11:00:00,edge-1,18.733967675172885,72.95148206123372,103.16860191216557,20.948782805813263,0
2025-09-05 12:00:00,edge-1,59.21405657535596,43.36954454667247,43.31964347588056,23.312990752126254,0
2025-09-05 13:00:00,edge-1,61.307826049005236,24.472647223075583,194.23284726392606,11.567616469049288,0
2025-09-05 14:00:00,edge-1,46.233461179446316,80.3902183532926,98.84233070740942,17.575500036105826,0
2025-09-05 15:00:00,edge-1,12.789372350231872,83.20185693287101,115.37335837253632,26.144075013583027,1
2025-09-05 16:00:00,edge-1,35.05372060996416,80.92104502095799,115.98099024180539,22.01157695678308,0
2025-09-05 17:00:00,edge-1,68.49352901154045,50.602695015608546,85.29618135359256,1.0,0
2025-09-05 18:00:00,edge-1,8.330085789071411,56.66448531996028,70.89705272714423,23.370116011580983,0
2025-09-05 19:00:00,edge-1,44.78714881709721,74.99531107316247,184.86699940263762,29.590821973143846,0
2025-09-05 20:00:00,edge-1,32.29998832299111,67.82992074696215,140.12823478471003,10.020462069401034,0
2025-09-05 21:00:00,edge-1,62.06855452377255,52.12725057405911,132.87748804434705,27.596938378227563,0
2025-09-05 22:00:00,edge-1,39.87329071784808,27.618563597636708,123.05156766872842,6.140221846870359,0
2025-09-05 23:00:00,edge-1,56.059310311034174,62.27750388284024,59.86730438553262,24.689994725267066,0
2025-09-06 00:00:00,edge-1,58.4819062875364,81.58019278472227,151.10120766961094,19.9567568699388,0
2025-09-06 01:00:00,edge-1,77.54338759595029,36.04823421931685,66.27469367953003,8.250143923776918,0
2025-09-06 02:00:00,edge-1,46.955870844869445,72.77518763351954,111.33147192602583,22.230689136198933,0
2025-09-06 03:00:00,edge-1,55.64066554433917,66.63083390267386,34.42440378141724,25.75419874576029,0
2025-09-06 04:00:00,edge-1,27.72416781308846,75.00296526464668,18.36564597409921,21.819435019107864,0
2025-09-06 05:00:00,edge-1,67.85620344940617,77.43950999438015,112.7316481061246,22.924138185298066,0
2025-09-06 06:00:00,edge-1,38.59236727892953,46.11069516149294,67.63602931220368,17.94161943830469,0
2025-09-06 07:00:00,edge-1,41.588687538683814,27.660811996701078,20.433297148109077,10.69305122389489,0
2025-09-06 08:00:00,edge-1,49.66628307726184,49.32960948634241,121.62438011788302,23.459320111685322,0
2025-09-06 09:00:00,edge-1,26.556734819902257,77.78254635054014,184.80323084203155,28.74876959723148,0
2025-09-06 10:00:00,edge-1,53.43155043393407,49.159921929480575,155.58241034320247,25.647904271137296,0
2025-09-06 11:00:00,edge-1,64.51199409387516,46.119133522847164,89.7072845893731,10.060620851993269,0
2025-09-06 12:00:00,edge-1,54.394007352459376,23.572993161507235,100.35381226787783,12.425527963945331,0
2025-09-06 13:00:00,edge-1,26.166536537319125,95.05295109101878,135.50825027135653,15.770161291013299,0
2025-09-06 14:00:00,edge-1,48.142860585055104,76.5142728285062,144.88512079339628,12.035122743599285,0
2025-09-06 15:00:00,edge-1,61.13043354469236,75.39791962549529,86.25857124697205,20.220949597780194,0
2025-09-06 16:00:00,edge-1,21.830168510511385,79.35450773558948,101.36710862898298,21.967079025902613,0
2025-09-06 17:00:00,edge-1,33.87850979273429,71.53416723086804,112.02459227058145,12.848733583788162,0
2025-09-06 18:00:00,edge-1,63.1481540612228,55.11342289640942,122.15505281115327,23.88564229637764,0
2025-09-06 19:00:00,edge-1,54.0514315129593,56.724717917555964,94.67694231954933,23.005519720100068,0
2025-09-06 20:00:00,edge-1,56.17957373190131,51.4487127081575,95.19659019725023,17.259204375781486,0
2025-09-06 21:00:00,edge-1,77.89242211434967,100.0,155.19329319017552,19.13739007008008,0
2025-09-06 22:00:00,edge-1,57.02829167759304,71.11824062598885,148.38082809771544,10.250994121734841,0
2025-09-06 23:00:00,edge-1,59.86832015649769,50.72399117297131,119.09642293744353,18.338689218564628,0
2025-09-07 00:00:00,edge-1,90.6611829082749,69.3099354833256,168.76436280091713,20.036924870651628,0
2025-09-07 01:00:00,edge-1,46.79293162864264,39.78262164287365,84.54216951094332,20.843737976140947,0
2025-09-07 02:00:00,edge-1,38.031758545722575,90.09013437178453,164.91893794517523,21.89438456010087,0
2025-09-07 03:00:00,edge-1,56.41694597370699,46.7786180838572,121.70061774142202,21.221208716152862,0
2025-09-07 04:00:00,edge-1,56.584865440833426,70.02170865244932,230.84104488858358,18.678281513671646,0
2025-09-07 05:00:00,edge-1,42.09926912080688,81.31955259486269,52.30072292870089,21.430974712771583,0
2025-09-07 06:00:00,edge-1,34.51404470667729,67.69537088409986,72.42618991130634,25.01015996655124,0
2025-09-07 07:00:00,edge-1,84.64766633135116,61.88939983639276,116.75191312802191,19.52250963345178,0
2025-09-07 08:00:00,edge-1,54.90265205582034,60.2160416971203,115.88936211915967,21.587974454158385,0
2025-09-07 09:00:00,edge-1,39.01571927896887,58.871178062257854,178.00555936700073,19.069144686679408,0
2025-09-07 10:00:00,edge-1,63.73895453419398,48.466030221449955,73.26501266801864,16.766205417602144,0
2025-09-07 11:00:00,edge-1,48.362822726579985,51.010331404605914,136.19674074775537,22.61439833458802,0
2025-09-07 12:00:00,edge-1,46.20677830523253,89.5918074730187,146.49852018727984,17.223870279148976,0
2025-09-07 13:00:00,edge-1,58.434093078717396,57.82926734629687,128.1859132888259,21.930734504960952,0
2025-09-07 14:00:00,edge-1,30.62176597652465,44.28407461234454,61.5601463230272,20.141276857550228,0
2025-09-07 15:00:00,edge-1,55.28940805875759,49.67404806276983,156.31035221016793,18.480326617399285,0
2025-09-07 16:00:00,edge-1,78.69432211597629,82.00741361394446,149.17299725261654,18.359285839266697,0
2025-09-07 17:00:00,edge-1,56.99266493295966,73.51213266328956,123.9833807916151,17.459395037921567,0
2025-09-07 18:00:00,edge-1,44.35681844324803,71.20658356464514,108.17390748835817,11.770994139554931,0
2025-09-07 19:00:00,edge-1,42.39342079357637,54.84957602180417,109.04432040177485,21.91447547580846,0
2025-09-07 20:00:00,edge-1,43.84490039982336,71.46724940345891,96.85056831042489,21.157734126391603,0
2025-09-07 21:00:00,edge-1,46.19055982928329,47.12877750098704,125.63140537010568,24.24835126224247,0
2025-09-07 22:00:00,edge-1,44.33290200862592,54.80771937308451,101.24539411779911,17.342715488466027,0
2025-09-07 23:00:00,edge-1,63.7446716161185,79.3960897478349,66.05900098589436,29.476918127383335,0
2025-09-08 00:00:00,edge-1,24.001863451865255,77.48555357838129,58.05633420689632,18.101320260751834,0
2025-09-08 01:00:00,edge-1,62.93000075618201,40.36180308098393,69.91854985390832,15.62445178902652,0
2025-09-08 02:00:00,edge-1,44.304702122861585,42.889470941828485,108.88528970197807,15.031575400786675,0
2025-09-08 03:00:00,edge-1,55.654216785430584,62.1740430562682,98.92176654259171,11.330387983851688,0
2025-09-08 04:00:00,edge-1,33.09518134698705,94.5226474933902,108.61375173154997,27.66313946196564,0
2025-09-08 05:00:00,edge-1,69.92946600274155,21.688696710620114,120.03252534184443,26.85533695384331,0
2025-09-08 06:00:00,edge-1,68.68452440257809,65.56665879141009,74.90716296332485,23.003725814423788,0
2025-09-08 07:00:00,edge-1,64.39385788625111,32.479133368537035,158.62640673381392,15.519555961121101,0
2025-09-08 08:00:00,edge-1,27.27867836309691,47.31338012948909,89.29156691810103,29.0563384077956,0
2025-09-08 09:00:00,edge-1,62.43681606599079,52.71143163871517,82.66292060873964,18.24140419239172,0
2025-09-08 10:00:00,edge-1,56.07282631453563,51.58983313126218,119.2954494932981,18.65487084386674,0
2025-09-08 11:00:00,edge-1,25.920931293011485,49.32408120681583,26.53959190499708,27.18629540218038,0
2025-09-08 12:00:00,edge-1,49.63553924343777,60.144141207527404,68.37862201108322,23.29455292240436,0
2025-09-08 13:00:00,edge-1,55.468017335498935,49.294888667388435,139.24291194767332,31.005515693772967,0
2025-09-08 14:00:00,edge-1,58.341129107347264,30.750852302916947,30.503122837515576,21.2436113015951,0
2025-09-08 15:00:00,edge-1,52.65892050423284,75.59739225045553,144.70296787732622,18.014846002106378,0
2025-09-08 16:00:00,edge-1,54.3684712527107,75.0574433429776,160.44546265436537,16.94097558270102,0
2025-09-08 17:00:00,edge-1,72.10417088379643,76.86348620045338,85.22178648705007,10.765019114046865,0
2025-09-08 18:00:00,edge-1,68.3905086486602,29.185310074718362,111.6725106970524,18.607021135968978,0
2025-09-08 19:00:00,edge-1,6.994175693258846,65.97836305168302,144.76348339404106,25.722966694136904,0
2025-09-08 20:00:00,edge-1,45.23842167743477,73.51957711613846,81.32843247825922,22.994170863280345,0
2025-09-08 21:00:00,edge-1,47.530234586840734,39.3759586312083,134.71102082104727,20.101540032802028,0
2025-09-08 22:00:00,edge-1,23.718521409095434,60.183464963642585,73.15404819477314,15.025327780918353,0
2025-09-08 23:00:00,edge-1,51.41274587348468,57.674667093792685,80.89590826667282,21.134365090063685,0
2025-09-09 00:00:00,edge-1,68.7313665861576,96.84301317136527,68.02654142700105,25.064068525976865,0
2025-09-09 01:00:00,edge-1,33.70148210614114,98.48992074025146,113.70588796779214,22.153596282349923,0
2025-09-09 02:00:00,edge-1,55.04601408034809,26.712872133395983,146.31876210262197,20.833675848166795,0
2025-09-09 03:00:00,edge-1,36.262647840553434,100.0,92.63548271531343,16.01521173359397,0
2025-09-09 04:00:00,edge-1,39.921319644804846,41.69548557693352,49.15003360350387,24.335909070560064,0
2025-09-09 05:00:00,edge-1,72.16090451255053,79.61346588654851,56.691727108527374,4.340475906279096,0
2025-09-09 06:00:00,edge-1,41.86163269832262,79.40995961727461,115.78397685482162,21.914228544325724,0
2025-09-09 07:00:00,edge-1,56.93318733515937,40.08619546316386,173.76465653577077,32.85160990472299,0
2025-09-09 08:00:00,edge-1,21.931728259085194,69.86535587678198,115.7489999725759,12.458133063340764,0
2025-09-09 09:00:00,edge-1,77.9347634209232,57.84932511467872,84.52413797394989,18.79315272649317,0
2025-09-09 10:00:00,edge-1,59.03978669459748,71.08660009264781,130.64735867401137,19.960445049376368,0
2025-09-09 11:00:00,edge-1,47.262502360246074,64.61344604761251,90.42005457653015,17.687085929717114,0
2025-09-09 12:00:00,edge-1,58.63319764999842,83.92678970740494,84.86859130543175,25.181871212794896,0
2025-09-09 13:00:00,edge-1,28.852708565782844,61.50799086292125,61.661635772189456,22.362255071776506,0
2025-09-09 14:00:00,edge-1,67.73796112628986,56.642518611473776,156.33795376985424,20.761501862736598,0
2025-09-09 15:00:00,edge-1,45.14022836755355,81.9212846611436,10.0,23.9863628058464,0
2025-09-09 16:00:00,edge-1,46.93895727427348,71.60791929717206,131.91436801117078,20.08375354535871,0
2025-09-09 17:00:00,edge-1,42.625165775517736,74.63626788641776,81.45020248809853,35.89932244411757,0
2025-09-09 18:00:00,edge-1,41.29022895881623,46.708266554828064,83.5863707419355,20.756734668283706,0
2025-09-09 19:00:00,edge-1,60.42005917442613,39.09474437203052,167.6926062447125,20.976410492448522,0
2025-09-09 20:00:00,edge-1,53.83860275156334,48.64555713494597,71.43475631199794,11.447659752133623,0
2025-09-09 21:00:00,edge-1,59.7762221210456,47.583572286388225,72.79723383886359,17.28274836348288,0
2025-09-09 22:00:00,edge-1,49.86807965771643,75.72398537305828,94.78423044321879,25.73688840899905,0
2025-09-09 23:00:00,edge-1,57.69799716615772,79.51968100588104,116.55389543248953,13.322715748200638,0
2025-09-10 00:00:00,edge-1,43.71726884112442,56.897394209351994,82.32576870828522,9.212214128490226,0
2025-09-10 01:00:00,edge-1,83.44597762114323,88.61838037648704,37.045642778564584,20.161577355937872,0
2025-09-10 02:00:00,edge-1,26.481043753542522,87.36938787530259,65.37207276472938,26.85372253737489,0
2025-09-10 03:00:00,edge-1,68.91405985344477,64.86797832801078,151.25335425858077,20.21190614348063,0
2025-09-10 04:00:00,edge-1,70.51861176081457,43.5621645691392,102.99107156542046,18.31937698686828,0
2025-09-10 05:00:00,edge-1,37.2176179105161,91.5075329887108,118.04349134815288,10.7075603112951,0
2025-09-10 06:00:00,edge-1,83.4391041583396,58.77965297943184,89.5431517130785,22.261270613510966,0
2025-09-10 07:00:00,edge-1,64.93235424417978,62.52330392861949,73.62009215306921,23.306375544415225,0
2025-09-10 08:00:00,edge-1,64.56708510234367,53.20789948786863,167.10277799501642,11.091337504494499,0
2025-09-10 09:00:00,edge-1,50.42033280538815,42.20419347405605,92.47232571795678,25.672662243486094,0
2025-09-10 10:00:00,edge-1,46.741607626719855,30.62721139369416,82.26520481891492,23.828477629460544,0
2025-09-10 11:00:00,edge-1,46.85886759440588,72.65736647114576,143.8456946542136,25.661579712736728,0
2025-09-10 12:00:00,edge-1,55.857958944792756,44.33197892206759,71.10558564530459,22.917625459166707,0
2025-09-10 13:00:00,edge-1,71.01779412550844,100.0,76.21090624904014,23.268413544056592,0
2025-09-10 14:00:00,edge-1,52.71971326792129,38.278528347750424,100.40986736067592,22.603604493508694,0
2025-09-10 15:00:00,edge-1,36.32834565294064,34.8523505003726,100.01080416352718,24.34236160750598,0
2025-09-10 16:00:00,edge-1,62.366405935774694,70.20277431226882,110.38445391612858,10.906211154380408,0
2025-09-10 17:00:00,edge-1,63.81726119592189,90.58626957934591,183.66676357581952,12.494702831892427,0
2025-09-10 18:00:00,edge-1,59.81989292671679,61.291793138864435,113.44992985409482,16.31996049905114,0
2025-09-10 19:00:00,edge-1,61.182483597874736,71.44484840374548,10.0,19.350899141637235,0
2025-09-10 20:00:00,edge-1,45.936078047632876,23.129051650825808,113.05195773726244,21.940684616540896,0
2025-09-10 21:00:00,edge-1,36.065162493041306,46.449769086164665,101.51519977958395,21.62340826614425,0
2025-09-10 22:00:00,edge-1,36.977098540388305,38.52768541724866,101.73800097405831,25.585529057280155,0
2025-09-10 23:00:00,edge-1,25.46805127313213,22.09908300104238,109.83789237584682,25.742476492901755,0
2025-09-11 00:00:00,edge-1,53.55422917318925,62.33960468047774,98.85286849300803,15.638074458531037,0
2025-09-11 01:00:00,edge-1,48.7482682516011,15.143447567791327,97.89551627778444,21.192880550252355,0
2025-09-11 02:00:00,edge-1,43.40018443205437,33.55608067825102,124.52176839083144,15.76084226139081,0
2025-09-11 03:00:00,edge-1,5.665717634823949,49.25612411973164,78.31676811221996,19.058764808232166,0
2025-09-11 04:00:00,edge-1,31.290237954587468,43.374283280978474,62.09254657443297,21.608956845242474,0
2025-09-11 05:00:00,edge-1,66.8126097710475,67.92817004414135,220.95125810489566,2.9564396176415464,0
2025-07-13 06:00:00,edge-2,31.231418216075127,54.31296366790883,103.74643390579416,33.83233042209479,0
2025-07-13 07:00:00,edge-2,48.64891706287092,68.03496559609565,150.10619622228086,24.55562922022176,0
2025-07-13 08:00:00,edge-2,53.31779728011751,76.52247087305528,161.5863629187966,14.591390076466347,0
2025-07-13 09:00:00,edge-2,43.75872318100207,48.87948218554742,120.17234007386418,21.85111093094582,0
2025-07-13 10:00:00,edge-2,55.06515528057042,58.81194538654648,185.65088861816062,16.041315966701397,0
2025-07-13 11:00:00,edge-2,50.31961235532667,83.23813126093172,85.74507773734324,22.23125382029927,0
2025-07-13 12:00:00,edge-2,61.60537836648153,37.94478645465287,34.699238319902946,13.124062914458651,0
2025-07-13 13:00:00,edge-2,59.946685715985964,96.09404392511888,142.12712271552678,14.461102759580106,0
2025-07-13 14:00:00,edge-2,52.50729931377262,33.21690050520849,26.4562243300375,21.719537812450636,0
2025-07-13 15:00:00,edge-2,29.491806630470027,53.09270777590527,69.79987909200783,24.988345567990127,0
2025-07-13 16:00:00,edge-2,76.86084108021755,40.99620006247976,120.80448929691185,22.513221743765065,0
2025-07-13 17:00:00,edge-2,47.87163502143285,100.0,95.90474079804876,24.27058667267609,0
2025-07-13 18:00:00,edge-2,48.78670319457302,49.93299942305696,92.36188948513977,21.86909279381923,0
2025-07-13 19:00:00,edge-2,44.862187269509185,49.98317686942934,52.768398687199756,20.86248049516166,0
2025-07-13 20:00:00,edge-2,42.67382515901695,52.58502520120162,99.56790442266652,17.481533628707815,0
2025-07-13 21:00:00,edge-2,73.16087072000786,61.91205615787901,140.14649954951167,24.065009043583984,0
2025-07-13 22:00:00,edge-2,70.7906648057912,53.43116442190978,100.79871666144075,25.12439616413321,0
2025-07-13 23:00:00,edge-2,56.66590105366506,57.34226390755201,66.79096481435757,19.684421543351124,0
2025-07-14 00:00:00,edge-2,48.38749768353912,0.0,50.09846157610678,19.41536979110671,0
2025-07-14 01:00:00,edge-2,59.286769775206295,61.14319672003654,67.61621668177685,27.957029058611184,0
2025-07-14 02:00:00,edge-2,51.10695472654059,60.356132429732895,115.69335009657433,19.897891100918887,0
2025-07-14 03:00:00,edge-2,47.146656225153514,80.77137594824788,113.7440904943884,20.378429351829844,0
2025-07-14 04:00:00,edge-2,55.071588822594954,86.18121896558804,67.97971597617325,22.421129538764475,0
2025-07-14 05:00:00,edge-2,43.38263379581833,56.24583877216405,11.56962312071768,19.510968720229233,0
2025-07-14 06:00:00,edge-2,53.78396396005149,76.32458163347911,116.8005105468866,15.898298386284523,0
2025-07-14 07:00:00,edge-2,53.06331388432453,37.96862439110387,64.09170404098995,21.88982787761761,0
2025-07-14 08:00:00,edge-2,59.044040318868866,75.34684685392209,127.56249916061134,19.806224949888392,0
2025-07-14 09:00:00,edge-2,40.71294563786587,48.55048401730846,69.75561431489001,29.211248782372483,0
2025-07-14 10:00:00,edge-2,60.65204529314811,36.306050637398904,60.48398185320765,23.94224275146188,0
2025-07-14 11:00:00,edge-2,36.40532760574242,56.288226435918986,106.12687629038338,17.022588567784993,0
2025-07-14 12:00:00,edge-2,41.41150022568142,88.00944894395559,194.30796920105476,23.64530109595188,0
2025-07-14 13:00:00,edge-2,42.06612411281384,63.62011073461694,129.96119964466294,21.5393291736549,0
2025-07-14 14:00:00,edge-2,33.91922341439483,89.9297629535676,105.44877196823407,26.547131509727564,0
2025-07-14 15:00:00,edge-2,65.23493425078495,45.02534572368392,114.35406145523874,17.377728935854805,0
2025-07-14 16:00:00,edge-2,35.46421285715304,80.9570220909598,29.95536554057611,20.943380741797622,0
2025-07-14 17:00:00,edge-2,39.51625493889992,46.95679925526109,55.10638516989775,19.50453175453754,0
2025-07-14 18:00:00,edge-2,68.83111565729963,64.50657342978407,10.0,20.292397115291497,0
2025-07-14 19:00:00,edge-2,41.44125947219524,64.3336565731883,169.1949557830649,15.574005254980253,0
2025-07-14 20:00:00,edge-2,47.17785972292855,73.22983467848346,161.09544116622993,22.879558339565882,0
2025-07-14 21:00:00,edge-2,34.81956498625196,65.01481239822655,115.7127410485964,22.089821379247486,0
2025-07-14 22:00:00,edge-2,62.49426811434027,45.21630924356366,105.40460412336819,26.426118084608976,0
2025-07-14 23:00:00,edge-2,62.70104366286598,77.60613904185128,37.936399900096795,19.949870740066096,0
2025-07-15 00:00:00,edge-2,61.084188561851704,94.63313188650788,91.22800158997237,17.940802458759325,0
2025-07-15 01:00:00,edge-2,58.062947422909154,48.32393155487763,171.6956751361557,23.946471889720186,0
2025-07-15 02:00:00,edge-2,51.10383666529215,23.295358471099355,105.25663992782857,16.02897809200158,0
2025-07-15 03:00:00,edge-2,42.134349995930236,69.98639136707577,77.41414135152415,25.424922675419793,0
2025-07-15 04:00:00,edge-2,37.775460400009685,53.37639211895702,29.677173599855465,25.414209987068514,0
2025-07-15 05:00:00,edge-2,69.34858290142506,57.37794288089407,155.2122291092322,26.286394505672042,0
2025-07-15 06:00:00,edge-2,61.47206407589885,71.12355511462025,97.19664795889375,21.883114923397468,0
2025-07-15 07:00:00,edge-2,39.600436591993635,50.87215140348803,29.730645865486835,17.56751808701117,0
2025-07-15 08:00:00,edge-2,50.59747652334702,54.62296057312657,63.029372717138315,20.545938631526813,0
2025-07-15 09:00:00,edge-2,45.4982736052248,57.99760966126827,48.89847930567478,21.900344475396032,0
2025-07-15 10:00:00,edge-2,33.07683941441375,89.39507875970033,94.73025897152112,17.19929177406062,0
2025-07-15 11:00:00,edge-2,52.664770649319536,60.60139208227163,108.29355878451274,26.665581444626078,0
2025-07-15 12:00:00,edge-2,43.767610036412066,35.2865283837008,79.87131742885902,22.900420837842717,1
2025-07-15 13:00:00,edge-2,35.71195000556472,36.0824303771777,131.08186385947528,15.538885223389975,0
2025-07-15 14:00:00,edge-2,27.813011687873573,62.78459843319202,103.15208961889766,29.414368382328885,0
2025-07-15 15:00:00,edge-2,26.542947496914934,37.411439986180426,142.4924954108852,20.486946375850884,0
2025-07-15 16:00:00,edge-2,44.428608084580404,28.753930261516786,85.71223687677124,14.529484785750068,0
2025-07-15 17:00:00,edge-2,48.72357544362627,72.71071981868022,221.81302368044584,15.84872938626363,0
2025-07-15 18:00:00,edge-2,36.87048784756526,73.6899680573729,77.42045106104169,27.438917985826723,0
2025-07-15 19:00:00,edge-2,59.76109141485841,52.63726932212293,63.86680032976513,29.12492458108411,0
2025-07-15 20:00:00,edge-2,49.01680187325557,65.87318582303418,58.9479779961697,25.04742526740459,0
2025-07-15 21:00:00,edge-2,58.653279658979756,63.76243288391001,91.56237093782778,26.596543242935677,0
2025-07-15 22:00:00,edge-2,47.25633814718438,72.04838771938171,31.218556365368656,26.083077293993057,0
2025-07-15 23:00:00,edge-2,38.193235471893416,72.09499807879598,111.78251375311243,22.78458076382033,0
2025-07-16 00:00:00,edge-2,51.71176356707921,7.884228249455482,23.787849217407725,21.64520893905463,0
2025-07-16 01:00:00,edge-2,31.059882319725162,55.19002083035211,106.46683696228925,22.69931597238304,0
2025-07-16 02:00:00,edge-2,58.09157780954972,70.35808376356266,45.949930236145875,23.680077215716473,0
2025-07-16 03:00:00,edge-2,35.94276190230299,51.790868179219714,84.74826370479629,16.29200996736801,0
2025-07-16 04:00:00,edge-2,63.77348789800173,60.724052785196534,124.18161596529437,23.65979364656055,0
2025-07-16 05:00:00,edge-2,44.92316380637128,75.01399963356155,192.16150735505414,27.293084236485086,0
2025-07-16 06:00:00,edge-2,65.93800274464876,61.61850466504325,56.87997916875372,18.968137858354844,0
2025-07-16 07:00:00,edge-2,33.16065217117527,90.15838834469733,93.98730202294433,18.433761073391015,0
2025-07-16 08:00:00,edge-2,39.83345448906769,82.53972504562242,71.04965300897831,22.38273154619333,0
2025-07-16 09:00:00,edge-2,55.71402420272856,57.62871694057132,65.20518709756817,16.75171224795932,0
2025-07-16 10:00:00,edge-2,67.55745640140132,56.039076585504425,71.40106680121822,13.415906916862468,0
2025-07-16 11:00:00,edge-2,74.99913362472384,2.9935178959727082,132.96265902547756,25.73859520052589,0
2025-07-16 12:00:00,edge-2,50.62049245521309,53.46995606218948,80.47776543078481,17.745243699882835,0
2025-07-16 13:00:00,edge-2,77.56618446180134,32.93462214578947,189.9725079308342,20.092242893601046,0
2025-07-16 14:00:00,edge-2,45.65503175261854,64.42459084001246,116.63917023578936,16.949374794959674,0
2025-07-16 15:00:00,edge-2,66.48151433544459,63.057414222400034,59.599573553037,26.383774074564997,0
2025-07-16 16:00:00,edge-2,35.86728504561042,73.91711512053556,85.33179271419691,24.265880791420074,0
2025-07-16 17:00:00,edge-2,56.30300760294881,87.93340943896382,67.92612039840043,18.7963022942315,0
2025-07-16 18:00:00,edge-2,14.874604387153319,59.47461140656063,132.00274611786855,14.10051317618624,0
2025-07-16 19:00:00,edge-2,33.17613482520314,100.0,34.448813737389884,18.265350975708998,1
2025-07-16 20:00:00,edge-2,57.00015197121147,64.64902890439808,46.36194478256759,22.850763499748567,0
2025-07-16 21:00:00,edge-2,30.313417216992146,33.79567212566734,76.33815525003435,20.943178520398828,0
2025-07-16 22:00:00,edge-2,56.40424416183777,48.758562497797605,127.31787172553302,20.545490222259936,0
2025-07-16 23:00:00,edge-2,63.596871812185455,52.54506599384356,149.3224109929109,21.05849379734906,0
2025-07-17 00:00:00,edge-2,42.48019710922583,71.84254302306758,155.22168763091372,23.793981157490798,0
2025-07-17 01:00:00,edge-2,35.465705664887025,41.05500199541399,121.1920607979012,19.790703979674777,0
2025-07-17 02:00:00,edge-2,42.88720076217892,54.04048234381208,96.6844185456792,22.250067252297512,0
2025-07-17 03:00:00,edge-2,35.512815212237214,56.77919438407827,131.7850324925597,15.065403961274509,0
2025-07-17 04:00:00,edge-2,48.481796629761234,51.03758384688913,54.219975302731584,32.769253884876626,0
2025-07-17 05:00:00,edge-2,51.53135937332122,76.22830763359437,26.213711119350933,18.580703403418728,0
2025-07-17 06:00:00,edge-2,45.40984815354787,72.82642776930712,117.46550310745955,21.017965039419888,0
2025-07-17 07:00:00,edge-2,75.11538860280233,83.33134270207918,59.772863314046,22.832327623931054,0
2025-07-17 08:00:00,edge-2,39.208942704695374,53.37949637777601,97.38773071338076,17.946047437997297,0
2025-07-17 09:00:00,edge-2,70.87149768882969,84.05055135295804,104.78508063491257,20.039123971247314,0
2025-07-17 10:00:00,edge-2,34.38141145531829,32.720058280459085,109.92478236713187,19.978376373283876,0
2025-07-17 11:00:00,edge-2,51.09166354912323,32.23231398020286,137.51166154100207,15.429809537133115,0
2025-07-17 12:00:00,edge-2,67.74658112822104,35.72396627817574,133.28300753166926,22.19294712769819,0
2025-07-17 13:00:00,edge-2,66.97035728379977,60.18423385264179,107.80000268670761,11.753890808706345,0
2025-07-17 14:00:00,edge-2,43.69613153449647,84.04756233155511,82.31938878122378,28.76354221208307,0
2025-07-17 15:00:00,edge-2,58.32604580107018,47.9571583872074,104.31048354705284,23.964854424891964,0
2025-07-17 16:00:00,edge-2,56.31768625496339,50.46613190071126,76.15158333300315,23.19561178826688,0
2025-07-17 17:00:00,edge-2,41.900912321108905,55.67964089381325,92.14284311975317,11.31678943783379,0
2025-07-17 18:00:00,edge-2,59.239249057221116,71.45656246775309,204.72693694321654,16.0373566335349,0
2025-07-17 19:00:00,edge-2,77.9373825807856,50.44749393290852,107.28758803534161,26.946725604025268,0
2025-07-17 20:00:00,edge-2,57.07550997593946,49.33166084166997,118.00980068150193,40.756206985198006,0
2025-07-17 21:00:00,edge-2,58.49534568606006,33.09209473284619,71.78077403878552,25.973462325285155,0
2025-07-17 22:00:00,edge-2,60.08232467301061,48.56557777645758,140.80293665719472,25.184717051254754,0
2025-07-17 23:00:00,edge-2,28.085350889672892,83.54923505870666,130.41089690653698,22.624871140570942,0
2025-07-18 00:00:00,edge-2,56.903370098094335,61.81852016956953,130.6941021862034,15.762514021449148,0
2025-07-18 01:00:00,edge-2,34.74860637742209,45.2029097950417,108.59564987013853,24.97587041600165,0
2025-07-18 02:00:00,edge-2,41.151695889533,84.72287945457869,141.36760383067082,14.493963314515355,0
2025-07-18 03:00:00,edge-2,82.42912671782754,48.29572995879626,150.86740786538934,13.947074174300731,0
2025-07-18 04:00:00,edge-2,46.20107585511785,88.39911158964931,111.3239567739718,13.63235337280755,0
2025-07-18 05:00:00,edge-2,38.89738843558659,88.07213955800201,95.41550563998709,24.878613232507966,0
2025-07-18 06:00:00,edge-2,67.28873868352088,61.12023252749337,135.78283960459044,19.71292972536249,0
2025-07-18 07:00:00,edge-2,35.78484495736435,30.02900945256625,63.834987737610255,20.504290499521904,0
2025-07-18 08:00:00,edge-2,43.28871283715484,100.0,71.28158877538694,19.922980314746578,0
2025-07-18 09:00:00,edge-2,68.73578251979251,67.74552112529092,97.86798628460394,14.371417294008875,0
2025-07-18 10:00:00,edge-2,50.64151347961939,53.522259505588195,30.34571726247418,16.64634546991298,0
2025-07-18 11:00:00,edge-2,26.57604432310206,79.12255829550111,133.10381094253697,16.897868968732737,0
2025-07-18 12:00:00,edge-2,58.15984421483928,74.04605574042695,61.483444501367075,12.973642763873197,0
2025-07-18 13:00:00,edge-2,44.053011769302366,86.2187669977288,81.14035913992973,17.478949523498244,0
2025-07-18 14:00:00,edge-2,73.09777229795367,46.753044226402075,91.46881617280916,14.593467718018807,0
2025-07-18 15:00:00,edge-2,40.907195785488,66.36946825548785,101.571472862822,22.88837814433496,0
2025-07-18 16:00:00,edge-2,65.7683896058889,36.28259539510126,86.25386894307832,23.30485531983412,0
2025-07-18 17:00:00,edge-2,76.63547048548571,73.32668791482467,97.30515811078605,13.531804386800552,0
2025-07-18 18:00:00,edge-2,37.23585164282644,59.54109260745625,97.61489470438343,18.516841178759996,0
2025-07-18 19:00:00,edge-2,47.101804688627105,65.62018510973624,82.11876169491495,29.280299406583516,0
2025-07-18 20:00:00,edge-2,55.829379112166755,57.073005523190595,69.07222169444938,15.096185511608535,0
2025-07-18 21:00:00,edge-2,37.13981371168738,54.980223588232775,143.25895697422408,22.133189088975328,0
2025-07-18 22:00:00,edge-2,54.05442420061746,42.63537651970572,15.823771909331882,20.52760967001442,0
2025-07-18 23:00:00,edge-2,46.62619568741012,75.80860429368467,91.7713936396207,25.464437789204535,0
2025-07-19 00:00:00,edge-2,46.32398642609952,89.79408073482875,81.24402112463137,21.47733420678703,0
2025-07-19 01:00:00,edge-2,50.734075890621675,48.86663282179829,116.75165946905946,17.84352261038125,0
2025-07-19 02:00:00,edge-2,51.06897073367846,71.07081009942189,41.82828813923965,20.333820607364427,0
2025-07-19 03:00:00,edge-2,52.4582115361406,68.64367249320485,80.00858635025584,20.40684971976868,0
2025-07-19 04:00:00,edge-2,41.017604818148236,60.161956226977175,95.90561064040976,19.54152408858588,0
2025-07-19 05:00:00,edge-2,41.6724241347537,29.468085332705666,142.80294441481837,13.404442723379912,0
2025-07-19 06:00:00,edge-2,48.22118616762754,33.96805297778815,113.28739867181696,26.21544303798946,0
2025-07-19 07:00:00,edge-2,49.32863538146307,44.38036097696859,52.66047156524553,25.33216793932162,0
2025-07-19 08:00:00,edge-2,43.41725990080075,17.21990552856137,80.50093125117361,14.779054865650712,0
2025-07-19 09:00:00,edge-2,54.859094631290276,88.1606145981123,135.44205410642763,18.496371839081235,0
2025-07-19 10:00:00,edge-2,22.778573769872047,67.35406458359427,51.9690053630773,18.87457165322892,0
2025-07-19 11:00:00,edge-2,39.043006116365724,59.40077903201757,96.85422926510516,14.217405997502087,0
2025-07-19 12:00:00,edge-2,45.80108260695718,16.19528361464343,99.63518189894897,10.666018661188664,0
2025-07-19 13:00:00,edge-2,37.15827219454093,23.522582899591995,84.56867760316942,16.64703674043832,0
2025-07-19 14:00:00,edge-2,74.43797022213337,59.95317223626083,207.8300713119566,18.21798829874404,0
2025-07-19 15:00:00,edge-2,50.282927700874275,99.40979930967954,83.49074162209804,12.793833333179904,0
2025-07-19 16:00:00,edge-2,52.65154517338855,46.02711608253836,117.9906063747119,20.884888820427395,0
2025-07-19 17:00:00,edge-2,42.75153938051809,77.27596028824877,69.34795519122864,25.8142815165817,0
2025-07-19 18:00:00,edge-2,49.76331619440558,50.40195184650078,121.10991967997617,24.21058073082634,0
2025-07-19 19:00:00,edge-2,31.77119803545899,61.10478518577733,134.8315038740774,19.366571734206406,0
2025-07-19 20:00:00,edge-2,47.452744458573896,84.29367697785864,76.48143853015608,10.797941517394015,0
2025-07-19 21:00:00,edge-2,35.94487357106367,53.08096739666912,97.81192739125868,23.578511703295238,0
2025-07-19 22:00:00,edge-2,45.83894622865756,46.197901838957335,64.18880920436507,20.731960845322792,0
2025-07-19 23:00:00,edge-2,11.601251505462542,88.36141108249528,54.223847518004334,22.121755546090103,0
2025-07-20 00:00:00,edge-2,33.07995187334711,60.91115642227191,141.47181730000824,29.68051400151257,0
2025-07-20 01:00:00,edge-2,71.958896067715,81.82410181172327,77.83996216465408,15.875941852346733,0
2025-07-20 02:00:00,edge-2,62.455966236613136,46.29502213230626,10.0,5.625920334389786,0
2025-07-20 03:00:00,edge-2,69.78559003872847,88.13348417921952,170.6142462597449,14.732727110951215,0
2025-07-20 04:00:00,edge-2,70.81581904506386,65.47254549069223,67.91618707749575,22.430225341339106,0
2025-07-20 05:00:00,edge-2,60.09481136246716,68.69575252429317,90.14507825007877,20.134629508740204,0
2025-07-20 06:00:00,edge-2,43.20696971931297,62.63258622858349,165.6362602197726,13.92181935200659,0
2025-07-20 07:00:00,edge-2,34.441235806015655,49.89050036006997,94.3303162324944,12.901413084117848,0
2025-07-20 08:00:00,edge-2,67.20116908174545,59.96634379010057,93.46653591192546,18.226954920913023,0
2025-07-20 09:00:00,edge-2,50.968519615810855,51.14819524021267,50.87307821797867,13.769526650590972,0
2025-07-20 10:00:00,edge-2,87.4103422457286,79.19092125289572,34.606652014897335,22.603167091272628,0
2025-07-20 11:00:00,edge-2,44.52353035983869,55.938856658626754,93.34454941615486,17.942865556868654,0
2025-07-20 12:00:00,edge-2,79.5934378217072,30.06985544412201,114.5123909629958,16.86441057834144,0
2025-07-20 13:00:00,edge-2,47.64812313956367,26.411525300214322,112.2210163284309,16.20861798538497,0
2025-07-20 14:00:00,edge-2,70.0407289588805,25.465636953591513,80.74955678123138,21.315613632902974,0
2025-07-20 15:00:00,edge-2,75.45037605848682,72.35941515107882,100.81031197387769,20.21304611880018,0
2025-07-20 16:00:00,edge-2,34.65575107728931,36.969913772531115,26.51160018688131,21.009786349312968,0
2025-07-20 17:00:00,edge-2,42.72502882563697,66.00171551677134,118.40668082781914,20.900647219029057,0
2025-07-20 18:00:00,edge-2,34.505311614522036,62.73149034982826,106.45623379080183,19.63902231701647,0
2025-07-20 19:00:00,edge-2,31.550832676126646,58.70582810180446,178.9464357673143,14.834347082709547,0
2025-07-20 20:00:00,edge-2,60.00600275787425,68.76810406764739,100.29918585716189,16.34809936634369,0
2025-07-20 21:00:00,edge-2,47.050574446264676,63.16607074181052,62.293225914156835,18.026625474305316,0
2025-07-20 22:00:00,edge-2,50.78549484785204,5.805405144380998,97.97107463644724,30.325976190441608,0
2025-07-20 23:00:00,edge-2,58.3435870245992,53.5274951830302,86.88800799936652,13.255818397915942,0
2025-07-21 00:00:00,edge-2,22.13919749427628,68.50206268126863,117.38831475081591,17.905117483415548,0
2025-07-21 01:00:00,edge-2,69.30149005935581,92.80565621509997,101.07568246900745,20.491335300552443,0
2025-07-21 02:00:00,edge-2,44.76358754990124,93.72915233164994,49.60213195789425,18.483336233637537,0
2025-07-21 03:00:00,edge-2,57.98601959356786,32.736989728294866,34.57026847223922,25.36984770718869,0
2025-07-21 04:00:00,edge-2,59.3106925884282,53.00549401374454,110.51632810532064,18.45751034748567,0
2025-07-21 05:00:00,edge-2,70.5619484114576,28.677703725840043,155.32458164276954,18.827293004246954,0
2025-07-21 06:00:00,edge-2,48.427139183254496,90.39770150220166,103.17391536206877,24.073142568081586,0
2025-07-21 07:00:00,edge-2,18.14543811435604,80.25712416297102,132.53189415680828,29.053558314591882,0
2025-07-21 08:00:00,edge-2,50.85691420180341,67.0117577372635,140.512366168144,27.03749186974164,0
2025-07-21 09:00:00,edge-2,53.010602872424016,63.321897225204204,110.67167383178673,19.316730579454283,0
2025-07-21 10:00:00,edge-2,34.48608711289824,87.61262200698948,67.42034048554368,19.752428941337982,0
2025-07-21 11:00:00,edge-2,52.21235981649408,84.22650389520278,107.81232340182257,20.23359622392102,0
2025-07-21 12:00:00,edge-2,44.58472347910562,83.16089393312242,148.28291550401923,20.734997042312926,0
2025-07-21 13:00:00,edge-2,29.858690760762343,69.1335971956452,121.19562198399657,15.763259428260927,0
2025-07-21 14:00:00,edge-2,60.07227342513926,53.01543400971675,129.92981371314625,24.682968994277196,0
2025-07-21 15:00:00,edge-2,41.544122736533055,75.34249664035114,81.49815033232696,21.033045638613935,0
2025-07-21 16:00:00,edge-2,43.90431177894396,76.3208381051023,91.90584961018071,19.77571905592343,0
2025-07-21 17:00:00,edge-2,43.06131729069373,56.1872506081608,95.25090756398531,13.644273117204637,0
2025-07-21 18:00:00,edge-2,68.5321789619622,52.97502162331517,97.94647989852817,20.311431042453062,0
2025-07-21 19:00:00,edge-2,49.386257573399114,82.66626539116419,146.71833264049434,10.533938483895973,0
2025-07-21 20:00:00,edge-2,51.18649730818732,93.28232217539212,10.0,17.09175327983884,0
2025-07-21 21:00:00,edge-2,43.390457684204044,45.012084381704675,101.22153218327351,17.184511467604008,0
2025-07-21 22:00:00,edge-2,56.94300233382358,54.73246649104051,96.82014497220584,21.434975965438095,0
2025-07-21 23:00:00,edge-2,70.23977072676007,67.01866152909396,45.13995434223404,29.39925012472648,0
2025-07-22 00:00:00,edge-2,59.717912262297595,69.73197995497222,126.8706886634986,22.859537328327185,0
2025-07-22 01:00:00,edge-2,60.303004420022845,49.55267281517411,71.01999232220302,27.242010363178068,0
2025-07-22 02:00:00,edge-2,59.09345308826518,97.67041260688089,85.71869402587362,23.226060865517884,0
2025-07-22 03:00:00,edge-2,29.296360350332552,68.44190531090342,173.95127631016175,25.625267448438077,0
2025-07-22 04:00:00,edge-2,36.85821752451292,70.62766816941105,140.39894598156224,29.28563676471553,0
2025-07-22 05:00:00,edge-2,46.925189096013106,95.17768163023507,122.97947756580464,16.340815838488727,0
2025-07-22 06:00:00,edge-2,39.11203936260162,51.0187674951082,115.23107738577616,16.014477829342482,0
2025-07-22 07:00:00,edge-2,34.03194462866003,58.23136247115444,93.4127991021863,23.344054502386605,0
2025-07-22 08:00:00,edge-2,21.91736388694139,34.933555419567426,179.97509061480406,19.981607729688772,0
2025-07-22 09:00:00,edge-2,29.802061802987883,56.552990554928435,132.08670525760957,21.101769164034803,0
2025-07-22 10:00:00,edge-2,46.15211663986099,30.221449521292744,70.01800344138991,18.756665539463196,0
2025-07-22 11:00:00,edge-2,48.958604497716735,74.95698708386344,43.99590887129384,17.018706414876412,0
2025-07-22 12:00:00,edge-2,38.10419335804137,68.39993500139984,122.67352007957078,28.103823343875128,0
2025-07-22 13:00:00,edge-2,51.18387819024839,54.458613859229196,97.76523480486222,14.500694430900428,0
2025-07-22 14:00:00,edge-2,43.49249538637436,57.991525843643046,42.842473322153296,23.43196129620772,0
2025-07-22 15:00:00,edge-2,66.35860381060772,75.22932830377981,117.14344662846328,22.62114142865225,0
2025-07-22 16:00:00,edge-2,47.57561353962744,37.284078262202044,89.23891358753917,12.10493351214878,0
2025-07-22 17:00:00,edge-2,60.44496322102573,64.08335734905046,121.2265970210988,15.846098350032031,0
2025-07-22 18:00:00,edge-2,53.048206434420386,73.99019612917489,117.66960858323627,16.68654719525066,0
2025-07-22 19:00:00,edge-2,28.968934411339177,24.35451845185517,75.66943913824643,22.822920566582958,0
2025-07-22 20:00:00,edge-2,48.64012736394237,73.69876011404038,125.31379057696819,18.164824470347245,0
2025-07-22 21:00:00,edge-2,31.465638510069745,26.518750734768666,80.08379669460403,19.572050966945973,0
2025-07-22 22:00:00,edge-2,48.37818742674618,57.64811032296935,82.68472507276115,12.711763215076362,0
2025-07-22 23:00:00,edge-2,38.823037741539665,36.73217791809547,78.70914373514488,31.629558583576568,0
2025-07-23 00:00:00,edge-2,55.72944550227213,88.6249315858003,145.23897711225084,20.355978093697484,0
2025-07-23 01:00:00,edge-2,29.86468493800698,36.857578916953045,88.77710447782557,22.49500448648472,0
2025-07-23 02:00:00,edge-2,50.22052737919156,26.99620216069235,154.89772722257007,17.296872557173888,0
2025-07-23 03:00:00,edge-2,58.58623373844791,62.66704283192631,171.3393948074744,16.736863364660742,0
2025-07-23 04:00:00,edge-2,63.61393353963493,51.72594039958354,70.45123452582204,29.563423274767658,0
2025-07-23 05:00:00,edge-2,38.537483631736656,29.90789542672134,10.0,10.416391964966854,0
2025-07-23 06:00:00,edge-2,50.26626458310763,70.51630398309699,141.7803817308509,21.393235342153883,0
2025-07-23 07:00:00,edge-2,52.7622045936736,20.17001875100641,86.32112410559435,13.942480544460533,0
2025-07-23 08:00:00,edge-2,73.20689419314152,39.2751805483375,65.35254347472033,17.974994228014975,0
2025-07-23 09:00:00,edge-2,27.780049088747944,48.495634591584306,76.45127575388128,16.809527661629897,0
2025-07-23 10:00:00,edge-2,36.333461823934265,76.0444478431028,83.40744714535883,15.07011158290376,0
2025-07-23 11:00:00,edge-2,92.0669373910412,85.90936734026303,151.8877236277496,20.177208648531636,0
2025-07-23 12:00:00,edge-2,45.903540740660375,82.05564494655145,106.39644957270058,7.159854263469672,0
2025-07-23 13:00:00,edge-2,21.63509285145088,56.93452419075535,151.34394520432542,18.422557590406512,0
2025-07-23 14:00:00,edge-2,41.26174784977751,11.453835104096875,119.76880477113983,19.548550123250124,0
2025-07-23 15:00:00,edge-2,8.466901678034567,67.81706042437116,87.63077104198062,13.203617267969937,0
2025-07-23 16:00:00,edge-2,53.6138106868423,89.41147478449227,84.38571187162971,27.56609360724692,0
2025-07-23 17:00:00,edge-2,62.14677140417328,84.67580815627136,122.46435002998405,17.027708126013426,0
2025-07-23 18:00:00,edge-2,36.325064357468705,69.2589801948744,132.81702517330834,18.812578787675815,0
2025-07-23 19:00:00,edge-2,42.9391411662274,36.209944713230946,139.87170742803477,17.038904180426485,0
2025-07-23 20:00:00,edge-2,63.85481233053369,49.4938599274317,89.53845954497028,19.59216939784707,0
2025-07-23 21:00:00,edge-2,23.746768027308946,98.67628797491349,107.0082342561789,26.540720467530246,0
2025-07-23 22:00:00,edge-2,30.176431817006815,31.665409306717326,123.36161637021306,32.36507901961737,0
2025-07-23 23:00:00,edge-2,46.5782722742654,37.043175436992286,84.64139896252553,23.728196018503294,0
2025-07-24 00:00:00,edge-2,38.714977437997725,78.85103102330568,54.60239864788932,25.439968834858856,0
2025-07-24 01:00:00,edge-2,45.59199653789618,51.37681510388944,67.74915733191506,28.58213740738541,0
2025-07-24 02:00:00,edge-2,31.043745208902173,36.36489755590756,90.35858229808058,21.244355383832286,0
2025-07-24 03:00:00,edge-2,53.214702288822615,90.55942357446031,126.48828556881205,27.85125436805935,0
2025-07-24 04:00:00,edge-2,47.76150372230017,69.2211195629028,150.35909982288408,23.962005661952016,0
2025-07-24 05:00:00,edge-2,58.23785741349549,52.363976712456434,45.75811165061517,20.71993679655786,0
2025-07-24 06:00:00,edge-2,53.00599250720439,37.08450328200969,76.10619944280069,21.75170517225734,0
2025-07-24 07:00:00,edge-2,53.10035108744035,100.0,85.68550011746993,10.892915183160879,0
2025-07-24 08:00:00,edge-2,28.305389682048293,59.51096362506785,131.78868129226575,21.460596302230748,0
2025-07-24 09:00:00,edge-2,57.38887327467308,87.94656124938989,78.87557858445999,12.281262397768518,0
2025-07-24 10:00:00,edge-2,45.03700397293337,77.8726708921888,82.81070660210112,11.873654241944463,0
2025-07-24 11:00:00,edge-2,47.50102538525573,49.581968766735315,43.52029691399104,20.964393445126124,0
2025-07-24 12:00:00,edge-2,65.72396564586215,49.741177700204375,119.33629263893036,14.42960702399973,0
2025-07-24 13:00:00,edge-2,39.20846665224657,88.92629795867839,93.54403701613782,19.964431243483112,0
2025-07-24 14:00:00,edge-2,70.26776492688501,89.25034665239956,73.83819860081614,20.692172596749323,0
2025-07-24 15:00:00,edge-2,71.6671294905964,22.46168047758531,89.61947102071613,20.915248004085676,0
2025-07-24 16:00:00,edge-2,61.291766560465575,70.99560521964385,145.07982007725053,15.479392964789493,0
2025-07-24 17:00:00,edge-2,35.29068783848867,57.575703905527604,59.804523667206276,24.493411912405996,0
2025-07-24 18:00:00,edge-2,17.205601315596027,39.33353674122988,66.33361475585616,19.553823817669606,0
2025-07-24 19:00:00,edge-2,66.18252371389912,65.23492189434396,150.09009789862483,22.20537840085581,0
2025-07-24 20:00:00,edge-2,51.6707759199662,33.008064180272115,103.0309931207543,14.017801930265017,0
2025-07-24 21:00:00,edge-2,38.82203793767806,50.670892907078,126.7901638684767,19.108362216020065,0
2025-07-24 22:00:00,edge-2,67.60343515633404,44.03052534460065,116.07007640022746,25.4864724163506,0
2025-07-24 23:00:00,edge-2,37.07661678683286,50.00417471688003,98.58661790824206,24.850888159043507,0
2025-07-25 00:00:00,edge-2,43.637671126535864,58.57043012676018,86.06803523405773,16.01353658537803,0
2025-07-25 01:00:00,edge-2,57.87335546475491,39.688666761890275,133.26232089935274,17.272209047125774,0
2025-07-25 02:00:00,edge-2,33.29595752577684,91.46358057746596,146.49346271244622,15.056566349680907,0
2025-07-25 03:00:00,edge-2,48.35778635589399,69.8656646678825,143.36753388064386,16.717935408695592,0
2025-07-25 04:00:00,edge-2,66.33705775870042,95.8912605676411,52.58113465409265,13.004662296467355,0
2025-07-25 05:00:00,edge-2,53.16666115431695,56.79840061843961,152.19644071377317,19.30912063795763,0
2025-07-25 06:00:00,edge-2,68.71139505235521,49.024200754057816,85.6825898320942,23.16569199091422,0
2025-07-25 07:00:00,edge-2,67.00403537008997,95.16831228986055,69.79881849820663,16.074735680994607,0
2025-07-25 08:00:00,edge-2,50.11607501632429,48.4388052025203,93.22689212926106,19.546968586694117,0
2025-07-25 09:00:00,edge-2,14.948879354639175,56.43415956021751,133.24513740994928,18.897507961843218,0
2025-07-25 10:00:00,edge-2,33.4134155717704,74.40094820994629,121.6185673611225,25.275593657991095,0
2025-07-25 11:00:00,edge-2,61.45001168576734,35.24548383405443,89.78454352582929,16.942040815977894,0
2025-07-25 12:00:00,edge-2,26.746228695720696,74.225893695873,133.506634675119,17.123919461745743,0
2025-07-25 13:00:00,edge-2,45.09961117119575,71.66694132329205,105.5944232303774,15.769894358538194,0
2025-07-25 14:00:00,edge-2,55.077209205335485,85.38650636075666,77.08114137842503,14.312452399607562,0
2025-07-25 15:00:00,edge-2,72.04356043642265,77.80089006020282,71.67858868166027,22.64592495723485,0
2025-07-25 16:00:00,edge-2,41.37470455318379,85.99956705755142,116.40939377686479,19.324446018347608,0
2025-07-25 17:00:00,edge-2,40.34768436375306,57.7915619898318,96.69929056737594,20.27404929911651,0
2025-07-25 18:00:00,edge-2,49.213313502567495,42.74659362585879,44.97979386345455,26.373205780976985,0
2025-07-25 19:00:00,edge-2,55.26369454715154,100.0,133.88645972278013,26.660403629639358,0
2025-07-25 20:00:00,edge-2,47.68629758905859,29.466087689560663,80.78899885502318,11.768828460825983,0
2025-07-25 21:00:00,edge-2,65.73902523328715,31.469738422523843,163.68478591955179,23.239173365477836,0
2025-07-25 22:00:00,edge-2,38.01284250457292,71.30256081017663,43.88040059381156,21.128234628555944,0
2025-07-25 23:00:00,edge-2,51.80241400068565,92.49972096354699,92.77165614439954,17.69204500427032,0
2025-07-26 00:00:00,edge-2,56.678190653705286,63.791016918283304,72.0008926224309,21.638418435139712,0
2025-07-26 01:00:00,edge-2,43.99650785141215,79.98607399404412,60.98309918490645,11.368083823896072,0
2025-07-26 02:00:00,edge-2,62.5956490483995,20.083945450560833,80.52837132966494,27.313211713881998,0
2025-07-26 03:00:00,edge-2,52.23437811863524,50.00910075637726,170.82270436147925,22.57472048535954,0
2025-07-26 04:00:00,edge-2,61.832685697284106,22.521043857134813,105.73480680318015,15.674011275836705,0
2025-07-26 05:00:00,edge-2,52.91156162073248,75.6082191645732,68.33167844810285,17.07294889090238,0
2025-07-26 06:00:00,edge-2,55.64606857230842,29.05537346821971,26.854863586503797,11.484267622262799,0
2025-07-26 07:00:00,edge-2,40.514123647259666,34.443623079347056,31.14549814609255,18.43021375081873,0
2025-07-26 08:00:00,edge-2,40.53842442213165,70.28050409922805,78.54147423525059,17.586340113797085,0
2025-07-26 09:00:00,edge-2,68.36594719893165,81.23648704035459,74.6524806344536,13.374448064381205,0
2025-07-26 10:00:00,edge-2,59.532656667804986,56.82063783541567,91.03797175062058,23.88351116854889,0
2025-07-26 11:00:00,edge-2,34.65552250666397,71.4034500821702,10.0,26.38398594847238,0
2025-07-26 12:00:00,edge-2,52.71295136982247,70.75576333746184,96.33273619813866,19.86319754977761,0
2025-07-26 13:00:00,edge-2,14.39335919696861,55.69146281115056,141.10919100588433,18.47176558576816,0
2025-07-26 14:00:00,edge-2,41.39089754450875,38.105890342275025,164.9136498945678,22.17492301065897,0
2025-07-26 15:00:00,edge-2,64.41541514929858,71.29782813769285,24.22215408331442,19.901805187524786,0
2025-07-26 16:00:00,edge-2,48.12281616933261,72.26191381550166,67.94428963043379,14.589103918844069,0
2025-07-26 17:00:00,edge-2,51.76869004499047,77.88048806180518,65.8306455610186,16.736610067063694,0
2025-07-26 18:00:00,edge-2,4.75428130219683,66.24132848157795,105.828857101026,18.517819966259847,0
2025-07-26 19:00:00,edge-2,44.116195727957724,36.63000173041347,51.209101284941866,21.24093297238348,0
2025-07-26 20:00:00,edge-2,55.074083357408185,73.8068032273836,167.29052994906723,20.04668358938234,0
2025-07-26 21:00:00,edge-2,56.9793481309751,59.972378395433175,101.74089886742959,21.05184689993558,0
2025-07-26 22:00:00,edge-2,64.43533567001546,50.34525111353314,95.07414842803153,12.375860083580392,0
2025-07-26 23:00:00,edge-2,46.84613372339858,54.107283256125754,163.7085493513111,23.326088720424647,0
2025-07-27 00:00:00,edge-2,47.51516281063776,46.19485643219241,99.35809503666607,20.01707942004256,0
2025-07-27 01:00:00,edge-2,30.018238558852065,77.77687557708857,116.01213625994755,32.76354527075077,0
2025-07-27 02:00:00,edge-2,46.93217691240203,31.63770532839959,69.96806906831803,18.061828149117936,0
2025-07-27 03:00:00,edge-2,31.076374064033022,40.130281303871634,45.17991739782466,21.61729247554686,0
2025-07-27 04:00:00,edge-2,22.28194820291875,53.4245423065661,75.58553473983076,34.146095811042514,0
2025-07-27 05:00:00,edge-2,33.72230944834132,92.27501696478,187.47903355779297,20.970458147515895,0
2025-07-27 06:00:00,edge-2,72.63027361705957,81.08561098185697,125.32083793147824,19.661847303619915,0
2025-07-27 07:00:00,edge-2,45.94158197730085,27.18318393505549,110.981393484442,15.065390526246743,0
2025-07-27 08:00:00,edge-2,53.29816044535049,87.02694177504972,60.945064392592016,27.641331836044927,0
2025-07-27 09:00:00,edge-2,42.29755623202916,86.98840433967368,136.45003203935383,14.20449206911715,0
2025-07-27 10:00:00,edge-2,23.141734708221538,36.51983347954714,45.69226902744834,22.13560458424061,0
2025-07-27 11:00:00,edge-2,64.04169687394561,9.570834588071094,37.317742012704755,17.63222339345809,0
2025-07-27 12:00:00,edge-2,17.41702790216617,58.55556755305515,77.64451508473417,19.05331868710989,0
2025-07-27 13:00:00,edge-2,41.678109848125125,82.44848818599644,178.1796364784579,12.880338656949709,0
2025-07-27 14:00:00,edge-2,49.18077678724908,91.82523939600404,175.91576929570448,26.715636108669475,0
2025-07-27 15:00:00,edge-2,53.457344651447826,42.583454712774994,81.95052286997824,18.61101347040862,0
2025-07-27 16:00:00,edge-2,39.10295593206695,95.0395820932593,73.03203927208062,13.924551705534832,0
2025-07-27 17:00:00,edge-2,22.430577754175385,15.441352083665976,34.385518377608804,26.26345298520046,0
2025-07-27 18:00:00,edge-2,37.983600614968424,52.638987723414246,103.12122902080337,17.47931593481348,0
2025-07-27 19:00:00,edge-2,38.768630185705064,51.65578661568506,106.48051007952478,21.673036458653606,0
2025-07-27 20:00:00,edge-2,38.403597572673796,83.04674049848606,131.5822501678765,24.207081910671832,0
2025-07-27 21:00:00,edge-2,64.55087885311406,85.9660493187956,136.42830053300656,22.3701716528716,0
2025-07-27 22:00:00,edge-2,31.795958327912864,79.08447310866791,92.10312329341468,9.016822247504823,0
2025-07-27 23:00:00,edge-2,54.514689116572384,32.98899902508211,122.24111499038338,23.476783504888935,0
2025-07-28 00:00:00,edge-2,52.374455558268735,77.25238063597844,71.97444528613856,19.49693118667436,0
2025-07-28 01:00:00,edge-2,64.40682616207505,70.18083937186984,121.48170133442743,18.354856515983336,0
2025-07-28 02:00:00,edge-2,48.00302192394603,26.575312294408185,79.71071687261765,19.45462525512389,0
2025-07-28 03:00:00,edge-2,61.86696450796338,18.659723423966255,118.37834063867751,11.949836030294591,0
2025-07-28 04:00:00,edge-2,47.41669792858853,80.75978580041553,115.14005301141461,20.960854573309014,0
2025-07-28 05:00:00,edge-2,56.51588789877201,56.39801398041511,102.75214502780257,13.17804313145345,0
2025-07-28 06:00:00,edge-2,27.45588369129139,34.29635815090249,131.78158872637417,18.570801452216845,0
2025-07-28 07:00:00,edge-2,10.42582885563337,55.83656142582463,37.18403714557258,20.781322157691054,0
2025-07-28 08:00:00,edge-2,55.6632028034878,67.28082162226406,57.4033512711624,25.37018543993807,0
2025-07-28 09:00:00,edge-2,56.467746890588444,58.34297746664906,89.19761305787863,15.901934200701428,0
2025-07-28 10:00:00,edge-2,57.132534997278235,28.960276937478273,42.26946449306708,27.257936859229943,0
2025-07-28 11:00:00,edge-2,42.12601227867981,97.71113807128219,83.72541941781179,24.734266267575737,0
2025-07-28 12:00:00,edge-2,72.34583378315558,80.08435937975784,85.014788196898,17.85295128754732,0
2025-07-28 13:00:00,edge-2,43.10183276394467,53.29245096653065,152.38735146666775,14.456253667986985,0
2025-07-28 14:00:00,edge-2,56.313185295085546,54.09810688195425,105.70134809165849,12.780919088847895,0
2025-07-28 15:00:00,edge-2,58.91954337506118,67.18974789426352,141.17718304255513,21.358769257665696,0
2025-07-28 16:00:00,edge-2,75.78110239623666,37.407572085193365,112.06698875238872,16.31357925229593,0
2025-07-28 17:00:00,edge-2,45.2445557031525,66.45352873073938,78.57330915071739,25.996784026408577,0
2025-07-28 18:00:00,edge-2,40.202106406562706,33.38535126278469,105.34867230986049,16.602380850858648,0
2025-07-28 19:00:00,edge-2,27.527819233770153,58.58931566309668,129.17705335728692,15.496645099740139,0
2025-07-28 20:00:00,edge-2,73.2855050999371,36.62857000286282,147.73605305770323,21.16813175622157,0
2025-07-28 21:00:00,edge-2,56.3211636057281,37.63832035346571,94.70759748262266,16.569765714202884,0
2025-07-28 22:00:00,edge-2,56.79591658841453,92.9144522723642,34.09957424588224,20.042749966844017,0
2025-07-28 23:00:00,edge-2,96.7505636198588,61.18451788569108,31.28790970312393,24.929946650292607,0
2025-07-29 00:00:00,edge-2,54.87567111779449,64.14812970802335,86.94349559532452,20.586146658343623,0
2025-07-29 01:00:00,edge-2,30.465178923499515,19.77240277837354,10.0,20.60482230351362,0
2025-07-29 02:00:00,edge-2,47.06144637510536,48.059964829579044,171.8041786294732,21.025733544542092,0
2025-07-29 03:00:00,edge-2,35.378263867270206,69.22424237408694,123.87732925598934,11.534505048573035,0
2025-07-29 04:00:00,edge-2,44.06197408125841,63.8827253189501,74.57331962011021,21.95918874965245,0
2025-07-29 05:00:00,edge-2,43.96115595868089,16.919403572925887,55.61409623964817,20.79965788362948,0
2025-07-29 06:00:00,edge-2,41.194634133994256,64.14275833314163,141.1247638390444,24.464486634917105,0
2025-07-29 07:00:00,edge-2,29.100762419669046,67.33117607099379,55.454513773959775,23.029054005685595,0
2025-07-29 08:00:00,edge-2,73.88752450508444,85.675239963974,59.2709294559579,18.99025684197243,0
2025-07-29 09:00:00,edge-2,54.48272066657591,46.895377621233145,69.36216239893233,25.161964457553452,0
2025-07-29 10:00:00,edge-2,46.61791947949643,15.158625597286587,104.56349658297302,18.536846511936396,0
2025-07-29 11:00:00,edge-2,61.364567442736146,40.06458496389689,124.83189756589593,21.235785520388525,0
2025-07-29 12:00:00,edge-2,57.066009122740866,38.05869922262886,147.70688933662652,18.44425284760322,0
2025-07-29 13:00:00,edge-2,54.13536099113071,74.73417755559949,141.79885195786807,22.308789024616058,1
2025-07-29 14:00:00,edge-2,60.2749710915024,5.665268232093645,100.03094836938966,18.11755108681119,0
2025-07-29 15:00:00,edge-2,52.00902115637985,51.032870798547556,140.82087895025336,28.23775804470784,0
2025-07-29 16:00:00,edge-2,60.05332185487387,88.51590947154509,73.16001544094559,30.086813686128195,0
2025-07-29 17:00:00,edge-2,61.296684513166625,60.144249256672694,27.165359421521345,24.369691270930026,0
2025-07-29 18:00:00,edge-2,52.44078102549204,77.92633632352847,73.15475713157967,27.706483247070143,0
2025-07-29 19:00:00,edge-2,46.694082597558264,27.16403332897825,67.7495794289485,12.303927595704764,0
2025-07-29 20:00:00,edge-2,72.95596702180863,27.960209735873548,74.72051712803292,12.893111283625027,0
2025-07-29 21:00:00,edge-2,42.831476903398496,88.74484915690468,61.625010830324435,18.392197166843935,0
2025-07-29 22:00:00,edge-2,55.86970400641019,62.024307315145066,81.55561689681151,20.206154826294387,0
2025-07-29 23:00:00,edge-2,56.208626161085995,62.06548724418288,124.80068856374312,19.008962909501673,0
2025-07-30 00:00:00,edge-2,40.85663221604547,37.63694343786007,168.61028410650286,11.789323751835232,0
2025-07-30 01:00:00,edge-2,37.8826642203276,62.015634579004626,30.98614102963907,25.757958531618232,0
2025-07-30 02:00:00,edge-2,44.692219686952235,37.08124863319807,48.490614923970234,30.770991166784682,0
2025-07-30 03:00:00,edge-2,42.616747202365886,83.737408978113,68.3421496508733,26.404938395863113,0
2025-07-30 04:00:00,edge-2,28.12804157541702,100.0,130.62967509746372,25.427616343932357,0
2025-07-30 05:00:00,edge-2,40.22757376221087,69.67882107330658,91.802102281078,21.130598025728016,0
2025-07-30 06:00:00,edge-2,53.99334476951843,47.30107229076913,71.0356310758551,15.785013146364316,0
2025-07-30 07:00:00,edge-2,68.98915376222898,9.326833390106835,128.66932030821687,20.362640263179838,1
2025-07-30 08:00:00,edge-2,58.3158700276045,26.31071770915318,138.25561065367876,30.527940184207516,0
2025-07-30 09:00:00,edge-2,11.006982524446428,91.09723662054272,99.24960162305479,18.24005943746472,0
2025-07-30 10:00:00,edge-2,59.619555721359916,39.41616313457854,67.35123093517825,17.72521376088029,0
2025-07-30 11:00:00,edge-2,41.62772321156423,52.583302366269756,110.81118268941572,25.53651829551957,0
2025-07-30 12:00:00,edge-2,56.79620112031645,73.10651949158357,90.66927166189733,25.86843025372798,0
2025-07-30 13:00:00,edge-2,49.78797111184058,89.64579598723586,90.35947024858157,15.760490971125982,0
2025-07-30 14:00:00,edge-2,47.10968560869758,56.00826157672324,79.50399125592655,18.692576933812887,0
2025-07-30 15:00:00,edge-2,48.46646408056788,51.906662606679305,136.99932989288357,17.490472520492826,0
2025-07-30 16:00:00,edge-2,49.6636353759533,61.43242057021367,109.99520905307176,20.34844689530545,0
2025-07-30 17:00:00,edge-2,70.16607458135366,47.44724366721566,141.42803527558522,25.518433354757462,0
2025-07-30 18:00:00,edge-2,49.70509719372369,48.5236159341409,153.453045819125,15.979862394359545,0
2025-07-30 19:00:00,edge-2,66.283041997718,68.23760235067748,118.35923075466563,25.44832406118468,0
2025-07-30 20:00:00,edge-2,64.09858798768485,63.70583035668973,79.74091540459392,20.508256244606542,0
2025-07-30 21:00:00,edge-2,60.00568321375479,100.0,141.6130492887914,31.630960681571388,0
2025-07-30 22:00:00,edge-2,23.200717698054838,68.77697633270859,118.62658809113418,21.594154421854366,0
2025-07-30 23:00:00,edge-2,66.7494898424241,83.02291096187656,204.13471107230555,19.515407151853672,0
2025-07-31 00:00:00,edge-2,43.13148058796618,38.57429646553738,112.40411553978745,22.873573635579962,0
2025-07-31 01:00:00,edge-2,60.735909216121584,70.50314580060542,127.90752156056335,18.31426881056395,0
2025-07-31 02:00:00,edge-2,35.412007501393795,45.54037306797882,111.61695565184127,11.023634383240871,0
2025-07-31 03:00:00,edge-2,32.22388935045116,67.90906526593116,96.03605632527528,18.79739412864451,0
2025-07-31 04:00:00,edge-2,79.64583105246798,73.77029196229682,89.64833801649735,18.718531954653876,0
2025-07-31 05:00:00,edge-2,35.645253997428284,60.99737688002948,111.76975378634268,12.03841269725094,0
2025-07-31 06:00:00,edge-2,67.1915995857762,100.0,120.8470300725542,19.634824051027536,0
2025-07-31 07:00:00,edge-2,51.77630482154782,88.55959538216905,146.175515985777,9.664448876953013,0
2025-07-31 08:00:00,edge-2,43.69819912459743,83.54490665658193,112.35402233215058,18.261565824222604,0
2025-07-31 09:00:00,edge-2,49.3275667350469,75.28572384740028,81.48443298299084,21.21797996022336,0
2025-07-31 10:00:00,edge-2,30.483582552030335,95.26721635460089,86.92584013604066,20.48498088569116,0
2025-07-31 11:00:00,edge-2,49.79368430586154,31.260614050615683,47.08252228387277,17.94465263556591,0
2025-07-31 12:00:00,edge-2,33.758895291560606,87.40566235981152,166.4485537428924,19.572347990259644,0
2025-07-31 13:00:00,edge-2,44.068343085290216,40.17511376000954,78.35305545916606,16.079677812610846,0
2025-07-31 14:00:00,edge-2,63.87949345954364,48.71321761866541,138.69761840551627,20.054082597112675,0
2025-07-31 15:00:00,edge-2,53.81286014836486,71.22784888123336,111.06203429770135,20.290432032958854,0
2025-07-31 16:00:00,edge-2,27.767442516792176,84.66440331021447,112.14927323357628,15.498750110492452,0
2025-07-31 17:00:00,edge-2,62.77232190370805,36.92846736636076,95.30208498910653,21.33849600254549,0
2025-07-31 18:00:00,edge-2,49.893503571362864,49.74910244644538,68.48804445493306,21.307263275402267,0
2025-07-31 19:00:00,edge-2,41.86722097385992,61.95064145002621,61.258583980321,19.168950432094643,0
2025-07-31 20:00:00,edge-2,61.200144558633966,56.27267990608572,169.13861555219748,32.10523518143409,0
2025-07-31 21:00:00,edge-2,47.49189744534497,77.08064122470375,104.55844315348985,19.29648806657846,0
2025-07-31 22:00:00,edge-2,32.51507990141431,100.0,145.01070984750604,18.60382877313491,0
2025-07-31 23:00:00,edge-2,77.71714567174406,68.3864141705176,155.39627750581005,17.888034453961335,0
2025-08-01 00:00:00,edge-2,49.74068835663518,45.296071236753676,83.56612279603144,15.145303884618002,0
2025-08-01 01:00:00,edge-2,48.779221932766745,34.069833387220086,116.94023063711377,23.429486799217017,0
2025-08-01 02:00:00,edge-2,43.92342242404115,53.494921728287885,101.80043101965391,16.56876515990275,0
2025-08-01 03:00:00,edge-2,67.69948609186383,41.1950022794242,53.711447879324446,17.160259265011234,0
2025-08-01 04:00:00,edge-2,42.126822377869395,69.35099583950846,92.58080096382976,17.30879220230701,0
2025-08-01 05:00:00,edge-2,26.82530211782593,69.04043271568453,123.5002636095691,15.075282420757445,0
2025-08-01 06:00:00,edge-2,39.81983507156032,50.73663590950087,80.03882979956569,11.244583337276385,0
2025-08-01 07:00:00,edge-2,69.90161900682189,99.69910027567566,87.00627218512555,17.685300664204032,0
2025-08-01 08:00:00,edge-2,62.481982421856756,45.29105361520212,93.0653257845742,24.366676563561455,0
2025-08-01 09:00:00,edge-2,46.17476521010208,57.61137864203651,184.46117325240414,20.984899027326218,0
2025-08-01 10:00:00,edge-2,70.59882712460711,72.78325331779635,26.63804251582242,27.802876350940625,0
2025-08-01 11:00:00,edge-2,61.219133432328235,77.84109787539657,120.06573196109036,23.75478152494592,0
2025-08-01 12:00:00,edge-2,46.0011595454809,85.55153043086398,89.8664369099134,22.619824051370223,0
2025-08-01 13:00:00,edge-2,47.51135217348381,68.56992957986478,74.37380365990265,29.413245113263574,1
2025-08-01 14:00:00,edge-2,54.939765979181516,81.01825401575994,88.88497171374938,19.514272024983942,0
2025-08-01 15:00:00,edge-2,37.521695755042764,46.697836559441214,126.69504975333692,20.31537836752476,0
2025-08-01 16:00:00,edge-2,50.067575982640264,78.36163920700764,128.98094376082244,19.94267789169931,0
2025-08-01 17:00:00,edge-2,54.627700469199354,78.094583003128,107.44068489739013,27.71893365591775,0
2025-08-01 18:00:00,edge-2,24.695506420871904,90.25773349507071,143.7096526582651,20.012576582295456,0
2025-08-01 19:00:00,edge-2,47.16019516148153,26.631280155429153,150.75331980402305,16.758613129614478,0
2025-08-01 20:00:00,edge-2,45.45415721951468,41.85633768797865,132.65503767802457,22.93837768981426,0
2025-08-01 21:00:00,edge-2,65.42102029940483,76.46281938734603,78.15230195411124,15.91870094471486,0
2025-08-01 22:00:00,edge-2,22.33254509283449,6.9727104023720585,119.77766196851506,22.667357563069626,0
2025-08-01 23:00:00,edge-2,44.27740970444434,69.840123475767,119.96802636554278,22.069204670709176,0
2025-08-02 00:00:00,edge-2,42.7736802895312,81.19608849862735,67.37474265413793,19.05298666096752,0
2025-08-02 01:00:00,edge-2,64.40106445882401,48.472495048991206,37.22244423782968,22.829057860434133,0
2025-08-02 02:00:00,edge-2,49.34680145952661,51.39619999776176,19.08897514501777,12.561050348458242,0
2025-08-02 03:00:00,edge-2,76.94141968478554,38.51725305520192,102.79421960448606,20.81481060662493,0
2025-08-02 04:00:00,edge-2,59.93320072859579,49.56905760537193,111.92158859467673,17.68617307666634,0
2025-08-02 05:00:00,edge-2,43.84665508715722,50.14862996076485,52.72873689390343,34.31131788642261,0
2025-08-02 06:00:00,edge-2,53.59488044838438,46.34317451068957,141.8412933020545,20.77912534820104,0
2025-08-02 07:00:00,edge-2,44.68896785945813,45.24643644431006,106.08872597185649,17.018039751082814,0
2025-08-02 08:00:00,edge-2,62.8909413573563,54.57990430223213,153.97810459661412,13.10849131973459,0
2025-08-02 09:00:00,edge-2,30.01703430063482,54.33791368687757,114.82143479934363,26.52703098397133,0
2025-08-02 10:00:00,edge-2,37.64456035143,97.48263799722113,57.346657124833946,18.24983640238111,0
2025-08-02 11:00:00,edge-2,56.83534877832382,52.1162971376598,118.33124853160595,16.043239664622902,0
2025-08-02 12:00:00,edge-2,68.38634673085431,66.88300432383717,126.80442779488405,21.6814960700453,0
2025-08-02 13:00:00,edge-2,16.970471057912015,48.46234067047397,78.09505656451977,23.24859415702827,0
2025-08-02 14:00:00,edge-2,70.61706823985624,48.20808448317086,42.316280107604996,23.169764666047644,0
2025-08-02 15:00:00,edge-2,47.897973073579905,25.912589245347554,104.01184257226424,20.098752115296808,0
2025-08-02 16:00:00,edge-2,21.741875570942554,28.572675043778133,59.96621458735261,20.7959506844336,0
2025-08-02 17:00:00,edge-2,4.974082371659925,35.86003440694,144.83550652244526,21.160185378403515,0
2025-08-02 18:00:00,edge-2,27.059209012875804,63.67393669520141,83.71293278293629,21.681981328144367,0
2025-08-02 19:00:00,edge-2,49.70442716231897,81.5234731056917,168.98404425973195,22.12442597950741,0
2025-08-02 20:00:00,edge-2,49.01152943286673,24.266709462089644,15.033653299246566,25.47226375652773,0
2025-08-02 21:00:00,edge-2,59.49800652063965,49.01846397302366,105.39182416580591,20.28207431012925,0
2025-08-02 22:00:00,edge-2,41.75769233658555,32.66218581299303,157.1757056040528,15.91598367084819,0
2025-08-02 23:00:00,edge-2,33.379391803307435,54.714458117329,64.38782736450813,19.278541484479828,0
2025-08-03 00:00:00,edge-2,43.8037041850866,81.51538987414301,93.63196257491857,23.768904093674983,0
2025-08-03 01:00:00,edge-2,50.50415430367366,51.06235196784049,83.87857142543824,11.067360208075772,0
2025-08-03 02:00:00,edge-2,53.46159192432916,59.04966055600607,72.64929431390868,11.096239023140194,0
2025-08-03 03:00:00,edge-2,38.16252951091391,89.10456792784629,109.78490564457125,24.59138060696162,0
2025-08-03 04:00:00,edge-2,63.521700505030395,69.15801861015818,48.18313596003585,27.60061408425664,0
2025-08-03 05:00:00,edge-2,40.679048424139495,44.79816288366396,95.56124874679098,13.673999824902632,0
2025-08-03 06:00:00,edge-2,36.95423956512644,63.178305716714505,120.63976950738294,20.502296354164475,0
2025-08-03 07:00:00,edge-2,41.864127357975654,43.449019771954184,91.39625154453428,18.002274435414925,0
2025-08-03 08:00:00,edge-2,66.12260263553911,68.40964025471999,59.99183200056898,18.695849438791882,0
2025-08-03 09:00:00,edge-2,48.00805320589011,70.30680308145519,141.20741594406007,21.52765504378208,0
2025-08-03 10:00:00,edge-2,39.58229745395342,32.656805990030946,129.210278464674,13.535648854946256,0
2025-08-03 11:00:00,edge-2,63.891616256728156,63.50298834771547,58.352513147850345,14.463912497537994,0
2025-08-03 12:00:00,edge-2,82.1412280992312,57.64853484008161,48.23569739909835,18.493744135393875,0
2025-08-03 13:00:00,edge-2,53.14523951463421,70.89354794344223,61.92302336024703,19.2731220105292,0
2025-08-03 14:00:00,edge-2,68.5076369129815,76.62694102038267,121.81092661948861,14.370224471579142,0
2025-08-03 15:00:00,edge-2,65.54116925862184,69.5489920824921,111.02291595850183,23.94823837394592,0
2025-08-03 16:00:00,edge-2,40.915403725125,53.93613293240495,131.60330849782855,17.912195134444833,0
2025-08-03 17:00:00,edge-2,50.39951270714349,78.66660041728001,86.9539912779754,17.890911969665773,0
2025-08-03 18:00:00,edge-2,30.76183055444019,42.53874447379497,63.01063049999571,21.413293951149505,0
2025-08-03 19:00:00,edge-2,46.925866004575475,33.58956013261001,136.75385953657997,19.355458619662503,0
2025-08-03 20:00:00,edge-2,40.60714446311414,0.0,77.86205946195344,24.187384064529066,0
2025-08-03 21:00:00,edge-2,43.95671064236548,58.5971809652569,107.46192223415915,15.332887310996668,0
2025-08-03 22:00:00,edge-2,38.75157452929495,43.5690712101313,38.00300643538503,13.013067014682631,0
2025-08-03 23:00:00,edge-2,45.69354787706649,67.95508952150702,77.20758302708802,18.45106218100696,0
2025-08-04 00:00:00,edge-2,57.983490293973716,20.575452119112647,140.37585283766055,20.301180864675064,0
2025-08-04 01:00:00,edge-2,48.20762134340006,47.05642898201,71.3490173332057,13.796220279512397,0
2025-08-04 02:00:00,edge-2,22.034402033669213,69.4053981172897,132.58015285806,13.061232191498704,0
2025-08-04 03:00:00,edge-2,38.808191526522705,39.40327707302039,10.0,20.911488911689926,0
2025-08-04 04:00:00,edge-2,27.209009711626216,68.18513497225725,77.62433361427256,16.21109716342519,0
2025-08-04 05:00:00,edge-2,53.66090338972651,48.85954809863919,93.1458141648747,12.737441414965401,0
2025-08-04 06:00:00,edge-2,57.54976046081281,59.34383380440005,169.70161213369624,24.826706461570314,0
2025-08-04 07:00:00,edge-2,53.84822332781248,71.9031601283371,53.23748479942193,16.84102663536454,0
2025-08-04 08:00:00,edge-2,38.18893410050919,79.05594046230627,126.83973181788359,25.74905801932679,0
2025-08-04 09:00:00,edge-2,53.702808936968246,61.84984822641214,142.27727124995175,20.142353955547136,0
2025-08-04 10:00:00,edge-2,42.948286163466875,43.7197941024251,71.14041411022902,21.473794310276517,0
2025-08-04 11:00:00,edge-2,32.92661825374621,50.839222752407,85.05904204909241,18.942501269515734,0
2025-08-04 12:00:00,edge-2,61.12894879563395,72.73910726173916,105.66515095247614,6.724188777271516,0
2025-08-04 13:00:00,edge-2,62.27041630585658,39.574928330347866,40.74060131229882,14.316067544731478,0
2025-08-04 14:00:00,edge-2,64.2334322162526,56.438668067195884,81.79587152554573,19.371452701406376,0
2025-08-04 15:00:00,edge-2,40.87477099951316,52.282318032770505,151.04448163785662,21.82364568646352,0
2025-08-04 16:00:00,edge-2,67.69043469039619,57.93276433362071,120.90619243457682,11.051629888059397,0
2025-08-04 17:00:00,edge-2,42.59626623007899,39.81434941501246,93.72994842067028,19.731991460697696,0
2025-08-04 18:00:00,edge-2,59.802519823077695,22.961112955757763,104.52289447345933,14.388679563929843,0
2025-08-04 19:00:00,edge-2,42.336310073499874,70.41485231919287,123.23621462119087,21.17310082544827,0
2025-08-04 20:00:00,edge-2,46.64026754381344,79.28262846977297,130.89640591640455,19.902996071500876,0
2025-08-04 21:00:00,edge-2,13.682332139162156,24.15650085003687,77.74343410483591,23.717508012147867,0
2025-08-04 22:00:00,edge-2,45.47130178374626,67.37852321852432,161.38883773118678,25.334114650937593,0
2025-08-04 23:00:00,edge-2,51.36634950177541,81.66365829690353,152.65392804818646,22.294949496370144,0
2025-08-05 00:00:00,edge-2,43.84925573954242,71.91822093524647,127.0903052141285,24.301967944852873,0
2025-08-05 01:00:00,edge-2,76.34282102127709,51.66659642647867,66.28160536616436,18.248287620380808,0
2025-08-05 02:00:00,edge-2,32.563008720120855,41.130072604984846,59.19104372917627,34.11558705633573,0
2025-08-05 03:00:00,edge-2,41.54628144344111,61.61956158699979,86.93584813613627,13.905904517525595,0
2025-08-05 04:00:00,edge-2,36.4269108502122,64.95570117693761,102.43060390577644,17.361221110453393,0
2025-08-05 05:00:00,edge-2,41.54334531506793,61.916150223117974,29.260325377637912,24.506792913734465,0
2025-08-05 06:00:00,edge-2,65.47119594411058,56.39730739764869,119.78772534181024,23.76360652430496,0
2025-08-05 07:00:00,edge-2,72.17047691490446,38.34696551754485,151.49849055393886,22.436945095711742,0
2025-08-05 08:00:00,edge-2,39.488110836215874,68.45376582617703,123.05896559323509,23.37659328996554,0
2025-08-05 09:00:00,edge-2,39.15488685915195,69.41708988827048,72.9578878878306,9.582214226969796,0
2025-08-05 10:00:00,edge-2,32.643070271091275,64.01644250923344,68.22386410398038,27.94649347268917,0
2025-08-05 11:00:00,edge-2,69.59428079778955,62.21987290142515,111.99409376696315,18.980545205666925,0
2025-08-05 12:00:00,edge-2,66.81506610374454,93.5849897549221,93.86785138647281,26.22947091135426,0
2025-08-05 13:00:00,edge-2,48.410273000168196,47.512424308532076,117.72164697023632,9.83236710516022,0
2025-08-05 14:00:00,edge-2,29.0585120553968,85.62870194913312,124.06885490422539,21.282842517405957,0
2025-08-05 15:00:00,edge-2,30.40006151815622,45.319510615563246,143.67562115578647,17.182488604275758,0
2025-08-05 16:00:00,edge-2,52.5594417557689,82.17901145912856,54.71506284281912,22.860600757906518,0
2025-08-05 17:00:00,edge-2,58.240068776697484,84.66735100161088,108.86475791397248,21.58535226234423,0
2025-08-05 18:00:00,edge-2,19.007827924682775,54.13897593196235,85.46099984154706,21.830238987495893,0
2025-08-05 19:00:00,edge-2,45.18035134193176,93.21926108121667,96.05459824258554,14.705291558842543,0
2025-08-05 20:00:00,edge-2,74.27443834336076,69.38071773492179,134.57635410674976,19.715154395906946,0
2025-08-05 21:00:00,edge-2,46.73736190054572,42.45455117718865,138.92503492204975,19.099164760353293,0
2025-08-05 22:00:00,edge-2,72.34457136185935,52.51686811221582,155.93774601534616,22.476550208537162,0
2025-08-05 23:00:00,edge-2,59.73569193433526,82.65524612213304,117.0236100147307,24.946484977167334,0
2025-08-06 00:00:00,edge-2,33.73580598746963,78.461294037533,95.59932836976823,20.75237961004307,0
2025-08-06 01:00:00,edge-2,45.60993059972216,38.839191972414184,89.88486122198465,13.619138558057006,0
2025-08-06 02:00:00,edge-2,48.069586421829456,57.21485375619006,30.609799904213247,20.53789404783384,0
2025-08-06 03:00:00,edge-2,35.712326478597404,64.07045965553024,153.58940179594416,33.055381142046315,0
2025-08-06 04:00:00,edge-2,35.45197965783588,49.847908218487824,87.1240634485732,28.23002663493893,0
2025-08-06 05:00:00,edge-2,72.6015288817784,100.0,120.23588240011642,5.1280021862115035,0
2025-08-06 06:00:00,edge-2,35.339590704605726,64.67327486810652,127.15986102969731,20.316715768474225,0
2025-08-06 07:00:00,edge-2,66.1765411461302,58.763756181939016,50.187379637994425,24.660597626276722,0
2025-08-06 08:00:00,edge-2,43.45273282452475,83.8170208851618,63.066144301614614,19.088364937160105,0
2025-08-06 09:00:00,edge-2,49.61541005175241,52.6957293032233,161.88079628221976,17.69954539928058,0
2025-08-06 10:00:00,edge-2,58.42766627357859,80.14855221234646,111.61742062734177,18.66517892458256,0
2025-08-06 11:00:00,edge-2,41.02161990642982,26.645352088340303,76.77657342805936,22.76094742717326,0
2025-08-06 12:00:00,edge-2,58.518564702418,50.926919075088676,94.94611955489825,14.257650128124956,0
2025-08-06 13:00:00,edge-2,19.30355450677427,80.98140836754493,143.44947619331356,25.943443258046855,0
2025-08-06 14:00:00,edge-2,56.595610826219556,91.40395441179342,137.37257918937217,19.720035041509654,0
2025-08-06 15:00:00,edge-2,12.97204813142546,44.53408573988014,41.356729510414276,15.324878629442253,0
2025-08-06 16:00:00,edge-2,46.597299099523134,42.20356727562703,165.37135374687568,25.621750806993475,0
2025-08-06 17:00:00,edge-2,62.81364477977737,71.34892860740918,138.6459212399472,12.274345474441795,0
2025-08-06 18:00:00,edge-2,59.33442959087564,47.539322101645745,93.90099002633656,17.223949514992082,0
2025-08-06 19:00:00,edge-2,30.523842815570884,54.62844164489212,52.33110227653118,17.141624673574178,0
2025-08-06 20:00:00,edge-2,32.45503405859725,77.52810049474316,142.16034560243702,30.719709691180654,0
2025-08-06 21:00:00,edge-2,39.66991939516048,49.117956367719756,119.05710001178478,16.574896156802787,0
2025-08-06 22:00:00,edge-2,52.79323793537202,20.691484969286286,41.68806487688939,9.225173897499474,0
2025-08-06 23:00:00,edge-2,19.521002149344447,33.97831128788238,90.71687698566492,17.090924423604292,0
2025-08-07 00:00:00,edge-2,49.801646362271626,60.19911171440562,225.04691771169954,22.27775173702389,0
2025-08-07 01:00:00,edge-2,54.67144060700097,22.731537030542313,100.66007029657686,23.92042273291802,0
2025-08-07 02:00:00,edge-2,45.754442286935245,54.05679165405359,70.32117622657373,31.38269846721386,0
2025-08-07 03:00:00,edge-2,57.879814520795776,32.15806967512016,59.66013498773438,27.034487854929406,0
2025-08-07 04:00:00,edge-2,53.35586237489306,92.79878013731197,170.8839593371768,20.939612969575762,0
2025-08-07 05:00:00,edge-2,41.87518610901657,100.0,133.91037958310753,15.542922662126113,0
2025-08-07 06:00:00,edge-2,20.957159596107648,38.83605795315863,156.2975645566891,28.120137156736792,0
2025-08-07 07:00:00,edge-2,52.001196223562346,65.13517360075836,109.92741136368632,18.157182248368844,0
2025-08-07 08:00:00,edge-2,35.70386952155033,40.791925360062955,150.16076941331147,16.709213818926976,1
2025-08-07 09:00:00,edge-2,41.32486062707682,53.813687958909775,66.06718441808357,17.91463098922965,0
2025-08-07 10:00:00,edge-2,57.18686326944629,96.06938655911611,106.50363923660233,13.738558805515952,0
2025-08-07 11:00:00,edge-2,71.26000075151526,50.666229045470295,111.48214059890945,17.674899544145124,0
2025-08-07 12:00:00,edge-2,49.42909814836987,54.27925075525773,155.29787727500883,18.834458350107923,0
2025-08-07 13:00:00,edge-2,58.310972546688056,41.149414655446066,112.75372160561821,23.65328302906059,0
2025-08-07 14:00:00,edge-2,28.33280988270664,82.92378755329727,74.9795303305514,18.05955832449491,0
2025-08-07 15:00:00,edge-2,53.682853714925514,0.0,102.56295355681496,13.662703790807424,0
2025-08-07 16:00:00,edge-2,49.10141093484256,51.14405356936758,32.94347190159037,11.9811392237165,0
2025-08-07 17:00:00,edge-2,68.43841370939273,59.08227811729083,10.0,21.04784873761558,0
2025-08-07 18:00:00,edge-2,41.89312285956865,46.77845340298171,133.2536548043315,20.363129267346125,0
2025-08-07 19:00:00,edge-2,46.37543574256444,77.27091015462335,85.01024454774624,17.22843644393416,0
2025-08-07 20:00:00,edge-2,65.88221700699192,84.04054567940949,89.5433080407893,17.662717697539648,0
2025-08-07 21:00:00,edge-2,48.61949311408026,31.759209742409702,133.2378671746646,21.94243466399585,0
2025-08-07 22:00:00,edge-2,33.36737928069097,100.0,155.88041540178395,26.952731268446737,0
2025-08-07 23:00:00,edge-2,88.27449909935184,31.534823512929687,121.37951819310332,16.09927707928006,0
2025-08-08 00:00:00,edge-2,33.821108549949,85.77261363351684,177.12291320871248,20.444514181077164,0
2025-08-08 01:00:00,edge-2,49.029498776757144,62.99655397071388,120.1075653622911,24.79135202002662,0
2025-08-08 02:00:00,edge-2,55.2003223403842,49.92597805772371,112.08853854319979,16.11942854901375,0
2025-08-08 03:00:00,edge-2,54.01426263546672,51.81266140648328,109.61555290018397,19.921839427183475,0
2025-08-08 04:00:00,edge-2,47.15384443990402,59.329744186793725,48.58017751465535,19.81002198456167,0
2025-08-08 05:00:00,edge-2,47.22859444210538,64.16835723727564,138.2399442256049,13.443523824782405,0
2025-08-08 06:00:00,edge-2,46.47602200568067,41.59691297256949,10.0,20.842493973828113,0
2025-08-08 07:00:00,edge-2,33.26099212112942,55.32120084643219,76.54988570896887,20.157723393022156,0
2025-08-08 08:00:00,edge-2,82.25328821634093,44.58654354144811,100.9172140227045,22.77542124798029,0
2025-08-08 09:00:00,edge-2,46.70013623429934,35.69900945852254,68.40950706346548,14.065567626696438,0
2025-08-08 10:00:00,edge-2,58.953964892346434,43.65376595084206,81.92976307708715,20.049851926306125,0
2025-08-08 11:00:00,edge-2,44.98020713477592,37.00050734609121,173.57502264908914,26.908670318279043,0
2025-08-08 12:00:00,edge-2,44.67854491466775,51.59690174498962,144.16095543126715,30.387499159561433,0
2025-08-08 13:00:00,edge-2,43.16834505995524,68.64949810936831,72.56689276773044,26.400646344858046,0
2025-08-08 14:00:00,edge-2,26.75231318016124,62.41420708355925,81.21733956110495,14.114642471748788,0
2025-08-08 15:00:00,edge-2,47.59068289818846,99.48689553321302,48.919842057926246,22.25526341021813,0
2025-08-08 16:00:00,edge-2,43.894885185208544,15.79093972560166,128.19975144024548,17.58426712519443,0
2025-08-08 17:00:00,edge-2,67.57286763777165,69.38681932428378,90.01030198358097,21.419502965649606,0
2025-08-08 18:00:00,edge-2,32.04949823623227,60.128404770487045,21.34134116421808,16.13891647111538,0
2025-08-08 19:00:00,edge-2,41.34279233667718,76.31340684743934,104.03134367240233,11.432632790738499,0
2025-08-08 20:00:00,edge-2,36.52339299868876,74.32930408620817,117.55915534407302,18.277413806500835,0
2025-08-08 21:00:00,edge-2,71.63795591017714,56.70016499729646,138.52563892700212,23.613013483050075,0
2025-08-08 22:00:00,edge-2,36.95887332717993,63.45302569713511,97.065808216929,21.439998777369055,0
2025-08-08 23:00:00,edge-2,58.43449767089205,45.11861574163031,85.09315348854473,22.01473929957177,0
2025-08-09 00:00:00,edge-2,64.5524221010897,72.27359958708908,179.4505872195811,21.081751614896888,0
2025-08-09 01:00:00,edge-2,47.808156328768874,22.422478957545977,100.26344624398207,22.022637374228555,0
2025-08-09 02:00:00,edge-2,29.347834985892973,75.53652877298634,128.78247326391738,22.64755879543351,0
2025-08-09 03:00:00,edge-2,29.537692118544644,59.536531115277796,78.41841426494966,18.62659285522691,0
2025-08-09 04:00:00,edge-2,62.896460971941195,50.25875924337822,127.59638606543331,20.414452807098083,0
2025-08-09 05:00:00,edge-2,31.091089718002138,55.349336011065475,41.774840303836086,28.716291874348453,0
2025-08-09 06:00:00,edge-2,55.88039916589869,56.816075308232385,81.51729817125465,20.710155145005697,0
2025-08-09 07:00:00,edge-2,51.71523664730894,85.94607520961003,51.669030422957846,20.21281748226959,0
2025-08-09 08:00:00,edge-2,55.65698726466541,100.0,75.8010671252213,20.514422536131995,0
2025-08-09 09:00:00,edge-2,57.073772117688314,84.39741648300765,150.01880160924284,18.9104574084189,0
2025-08-09 10:00:00,edge-2,35.994938233731474,48.69348428220488,75.5069644278521,17.823220181395985,0
2025-08-09 11:00:00,edge-2,35.36707731477888,72.59563648570558,128.73024501896336,21.04339262182716,0
2025-08-09 12:00:00,edge-2,60.723907011506036,73.46658332114968,160.6906072822816,17.471423990204244,0
2025-08-09 13:00:00,edge-2,40.55983084153405,41.496785551055595,98.89690745586725,19.272425352613922,0
2025-08-09 14:00:00,edge-2,8.74777261992277,34.78401405558637,139.7506842022512,16.047426467368563,0
2025-08-09 15:00:00,edge-2,59.731329468257975,58.73438142166423,121.243438325547,20.54005902267159,0
2025-08-09 16:00:00,edge-2,34.456080678968476,76.15415205402869,104.65747722334132,22.92097472088014,0
2025-08-09 17:00:00,edge-2,57.0070381685788,27.76383464797143,130.01262357267717,18.940425700445424,0
2025-08-09 18:00:00,edge-2,70.89232773975453,45.58204264691188,173.59752359967416,9.95810781555342,0
2025-08-09 19:00:00,edge-2,50.25143685892922,71.45303417980813,74.5092434996579,22.95185772027736,0
2025-08-09 20:00:00,edge-2,64.93648747495297,60.834472265411605,61.631963992957004,20.6009192137988,0
2025-08-09 21:00:00,edge-2,52.30696520804303,88.32547241197992,59.283418173786266,15.0338427499327,0
2025-08-09 22:00:00,edge-2,73.81143992211722,31.772650918473133,139.77711878946218,23.866351211616365,0
2025-08-09 23:00:00,edge-2,34.068393368643406,100.0,145.1747049251341,13.007873996420763,0
2025-08-10 00:00:00,edge-2,49.87677529375265,29.24015112860841,78.5185226666426,25.22703807662234,0
2025-08-10 01:00:00,edge-2,60.097424075622015,19.416725623434786,14.559458022426114,19.713166901763934,0
2025-08-10 02:00:00,edge-2,47.14382364484932,58.82174441005386,73.00973040307657,8.655674623113347,0
2025-08-10 03:00:00,edge-2,67.28328494979004,37.310821435079816,121.91416711227984,20.891647936316186,0
2025-08-10 04:00:00,edge-2,43.51940690733829,59.22488671910242,97.33107444068668,17.96903815954532,0
2025-08-10 05:00:00,edge-2,81.04056727443333,58.52546242090666,107.21390987021468,17.215753540884318,0
2025-08-10 06:00:00,edge-2,81.83296256408369,56.08451575785138,79.06622326897609,16.31137119271891,0
2025-08-10 07:00:00,edge-2,54.2310799434095,43.15177935606442,140.56356498839057,19.363921045700636,0
2025-08-10 08:00:00,edge-2,58.28901770531925,68.65312305159382,113.72767207018545,17.574056594164293,0
2025-08-10 09:00:00,edge-2,67.87507153436957,53.65325770465661,123.45853889455208,10.716548784058073,0
2025-08-10 10:00:00,edge-2,32.1920390154895,82.07329741509527,106.36262732106727,26.360339433386024,0
2025-08-10 11:00:00,edge-2,30.31999978133314,56.392554949433865,120.97472654443375,18.778211720190974,0
2025-08-10 12:00:00,edge-2,68.84628370786453,40.70705154266821,118.34286752723845,16.340324920608683,0
2025-08-10 13:00:00,edge-2,54.10982709309499,26.24578896313229,62.87701487456872,14.357881587273344,0
2025-08-10 14:00:00,edge-2,46.60242131030316,56.55781137103257,114.92252381500512,23.853660337264607,0
2025-08-10 15:00:00,edge-2,50.16684954321742,34.61590857274755,131.6603268778608,13.507840154517375,0
2025-08-10 16:00:00,edge-2,14.209377914538962,33.00076291990444,146.20565864779377,20.669936509289833,0
2025-08-10 17:00:00,edge-2,47.14156528314498,70.54914618293974,116.64428593134852,17.081754990632092,0
2025-08-10 18:00:00,edge-2,38.70429891210165,24.446598776732166,61.389979250738556,17.37290169718834,0
2025-08-10 19:00:00,edge-2,63.771074504226235,88.24386756665825,67.54730681703988,14.4822023451205,0
2025-08-10 20:00:00,edge-2,64.92546167576009,63.1943276879108,82.59407674988276,16.8984028373917,0
2025-08-10 21:00:00,edge-2,58.65020351194866,59.12314737950078,107.578556325461,20.04406195753429,0
2025-08-10 22:00:00,edge-2,55.931879731987124,39.30468118898828,95.11055594769627,21.176561131744965,0
2025-08-10 23:00:00,edge-2,27.539798769195983,75.28744592685877,55.05071737476345,16.072037593585108,0
2025-08-11 00:00:00,edge-2,58.85964619995311,59.9419013280521,54.81119862739795,19.54532798781293,0
2025-08-11 01:00:00,edge-2,59.44096918285076,46.27806714518396,16.059129003732664,24.44227215485211,0
2025-08-11 02:00:00,edge-2,68.67788980653096,63.99649393303178,10.0,11.686857215254637,0
2025-08-11 03:00:00,edge-2,81.77314718645296,26.344290891212395,94.72872708180299,19.968655132040702,0
2025-08-11 04:00:00,edge-2,24.611589896425873,27.293457369017226,192.80921500571424,15.246080272989133,0
2025-08-11 05:00:00,edge-2,44.1728476157268,37.59627829397843,171.87118095165707,14.736579139417342,0
2025-08-11 06:00:00,edge-2,38.866000442635325,66.99054535219427,60.87074351508115,21.305057564990502,0
2025-08-11 07:00:00,edge-2,52.58760782577611,59.93483356387737,105.99613189562442,17.273742656662204,0
2025-08-11 08:00:00,edge-2,50.20102787327058,80.97958531111504,41.41681959799337,13.9159843688245,0
2025-08-11 09:00:00,edge-2,46.48876890379782,41.600202956628465,47.51561876567516,26.62141596034994,0
2025-08-11 10:00:00,edge-2,65.4140654210176,71.49335680962683,52.10109609478481,24.600447571659146,0
2025-08-11 11:00:00,edge-2,33.47878683228825,57.72258895209438,90.98005262232668,10.338470218204154,0
2025-08-11 12:00:00,edge-2,34.383177989110905,41.13909610518142,92.70161559152095,12.62785935998966,0
2025-08-11 13:00:00,edge-2,34.63662093352937,67.70615341425838,110.10807883227436,22.967285356593408,0
2025-08-11 14:00:00,edge-2,44.595086188610196,58.679762835095346,126.52865558817132,18.575630834812653,0
2025-08-11 15:00:00,edge-2,31.571146761322307,47.417616117092024,86.52476306419366,27.502873221774784,0
2025-08-11 16:00:00,edge-2,49.27142766801094,60.83998174288183,101.44807882650512,23.08168199270505,0
2025-08-11 17:00:00,edge-2,47.517647080536996,57.40939228125216,56.247499732391624,21.497327619269992,0
2025-08-11 18:00:00,edge-2,38.2022732900138,56.92623862964995,46.22011902971275,14.890686540872814,0
2025-08-11 19:00:00,edge-2,63.106493810842935,51.74813700178401,40.041106158067606,22.457201474322357,0
2025-08-11 20:00:00,edge-2,49.10749207569895,33.90102922212725,125.96991204512909,13.621180226247667,0
2025-08-11 21:00:00,edge-2,65.93971046047706,61.49530831789745,86.48368607647026,26.526222667050344,0
2025-08-11 22:00:00,edge-2,47.07425223193352,43.94571252557171,25.155189487023875,22.11069294509121,0
2025-08-11 23:00:00,edge-2,49.63707667652968,39.59342264711864,97.47644189265561,15.875847116212038,0
2025-08-12 00:00:00,edge-2,41.55826392977434,55.18600311794786,50.04714672855666,24.023387140661573,0
2025-08-12 01:00:00,edge-2,49.89430189196773,74.68053088344357,166.41515275891888,31.207624445681677,0
2025-08-12 02:00:00,edge-2,60.683469591980696,63.712270153819624,76.84713113652694,18.911914500952747,0
2025-08-12 03:00:00,edge-2,43.82998651594553,49.37715583284822,127.26023943276485,22.752065948456462,0
2025-08-12 04:00:00,edge-2,57.776179438019966,48.57307884264285,143.5585210953995,17.84085340154499,0
2025-08-12 05:00:00,edge-2,37.808795584313884,72.71626524377535,61.80286189771835,20.426761088091727,0
2025-08-12 06:00:00,edge-2,61.38575848283314,12.065284611055198,103.04188470218831,12.463827199842763,0
2025-08-12 07:00:00,edge-2,41.30141259032109,75.9472997839896,122.13871605552586,19.997352432470674,0
2025-08-12 08:00:00,edge-2,62.77519809843575,22.519684501393222,104.62184689640426,20.21788664915306,0
2025-08-12 09:00:00,edge-2,50.91464813650497,31.69184183354039,114.44403037239272,28.99498888422374,0
2025-08-12 10:00:00,edge-2,72.81430600086595,49.714683374735486,46.81482425763385,11.024984436483251,0
2025-08-12 11:00:00,edge-2,32.688984106186865,100.0,122.16144878858097,18.595582704461105,0
2025-08-12 12:00:00,edge-2,27.857348400321975,93.54838720028533,80.55343223309164,26.440586089155175,0
2025-08-12 13:00:00,edge-2,40.75674131036649,74.12975511594271,113.97804893136563,18.79114252100622,0
2025-08-12 14:00:00,edge-2,29.230835779485304,67.130847565909,136.79955382205856,19.14329233507501,0
2025-08-12 15:00:00,edge-2,29.258976583575837,22.754460639750505,126.75234030073095,15.83370487558913,0
2025-08-12 16:00:00,edge-2,59.32326140689814,63.135163257613975,113.94878901957895,15.336973098686212,0
2025-08-12 17:00:00,edge-2,49.937318098810124,49.01556962880058,125.68513184738066,10.870731170834238,0
2025-08-12 18:00:00,edge-2,42.804785349436116,43.66661332754556,127.53644215555141,16.853923761779228,0
2025-08-12 19:00:00,edge-2,44.19556104041852,63.096061799493185,159.82004645535704,15.053224724439383,0
2025-08-12 20:00:00,edge-2,41.04143503510491,50.57779981106602,98.63797202148916,20.590194168285368,0
2025-08-12 21:00:00,edge-2,74.75553751728566,77.38599091937701,106.55827973769554,16.06165898788134,0
2025-08-12 22:00:00,edge-2,38.96741438535445,21.280904647746652,137.28267235904445,17.602045074757466,0
2025-08-12 23:00:00,edge-2,30.167991528750512,61.50022844691964,80.38449560945948,17.738973034711698,0
2025-08-13 00:00:00,edge-2,61.94075926229492,42.41805552971913,46.589301092880575,19.75917408854814,0
2025-08-13 01:00:00,edge-2,46.76366564978269,51.80728342168613,119.72920698331083,17.357388717975795,0
2025-08-13 02:00:00,edge-2,80.58160533226828,66.09252838958483,91.75905261536221,14.691069550314339,0
2025-08-13 03:00:00,edge-2,42.10691541808797,37.65384274779866,51.69890353062529,20.428832219739192,0
2025-08-13 04:00:00,edge-2,62.68976269635188,63.2846427862493,120.02167717519349,25.337416081323056,0
2025-08-13 05:00:00,edge-2,66.23295995898957,55.75323589581471,157.24532060116994,20.642330978953872,0
2025-08-13 06:00:00,edge-2,42.179962516969944,46.788262696462226,34.81029814843656,16.95089780880689,0
2025-08-13 07:00:00,edge-2,38.85618848136446,50.58855027978161,140.89299980865925,19.384267974531873,0
2025-08-13 08:00:00,edge-2,61.12049796396357,56.908962176261475,10.0,9.746836148217305,0
2025-08-13 09:00:00,edge-2,58.62337876870896,44.643269748735754,83.98853479273944,19.302986252305676,0
2025-08-13 10:00:00,edge-2,28.8408484893361,60.14188950651223,173.6206364897032,17.998228154547636,0
2025-08-13 11:00:00,edge-2,33.07346545542919,54.43646756667849,86.86703805948534,15.33269820996744,0
2025-08-13 12:00:00,edge-2,11.953549925779917,47.774349258660784,103.59753583283968,16.23950823834016,0
2025-08-13 13:00:00,edge-2,58.930802809682035,91.79684467805967,130.5146480309422,17.948827492301767,0
2025-08-13 14:00:00,edge-2,46.07259210296382,68.30479845123241,31.341059437573904,24.962291380032454,0
2025-08-13 15:00:00,edge-2,47.56774368537077,52.34575534754091,102.88379203359021,25.460302083900466,0
2025-08-13 16:00:00,edge-2,24.628338534472203,62.91720861649418,102.56852287845233,15.359374192210947,0
2025-08-13 17:00:00,edge-2,33.528464703660106,39.46359726452984,174.49283892994958,17.409613133783033,0
2025-08-13 18:00:00,edge-2,42.83061631148651,51.26456786442834,50.57036676008707,17.53705021355711,0
2025-08-13 19:00:00,edge-2,39.915115997782685,53.59845099123505,84.73842734199513,24.04772757775062,0
2025-08-13 20:00:00,edge-2,51.76754113276447,35.064121801802344,62.865768367055374,20.727532763158084,0
2025-08-13 21:00:00,edge-2,58.75202189947721,67.74708095988836,58.62352785234482,20.46394931320521,0
2025-08-13 22:00:00,edge-2,84.04418853927795,49.88774594774348,145.09610908258313,22.681313067105947,0
2025-08-13 23:00:00,edge-2,49.69974454953612,52.89066665105192,101.06606008003271,17.01793295794534,0
2025-08-14 00:00:00,edge-2,66.73103994645419,48.625602817532894,77.77731214293917,26.81943287177029,0
2025-08-14 01:00:00,edge-2,37.55040834530338,100.0,79.28616395429859,19.99127671289899,0
2025-08-14 02:00:00,edge-2,24.87580527536966,46.74769699651974,77.47091692218416,15.720437769040434,1
2025-08-14 03:00:00,edge-2,44.71547529934813,18.62646092228345,81.04787290369225,18.8517987810108,0
2025-08-14 04:00:00,edge-2,26.034174231886375,28.001360580823288,49.422186228429425,26.15964162103936,0
2025-08-14 05:00:00,edge-2,50.22009750753655,75.1860524539087,89.650818297392,17.87428932008114,0
2025-08-14 06:00:00,edge-2,38.29318813237002,86.72905383366259,85.63173233391421,24.74778899522416,0
2025-08-14 07:00:00,edge-2,20.685929198681215,46.36405617254293,69.68813174386631,16.87327103614239,0
2025-08-14 08:00:00,edge-2,76.04037718790266,85.57899339270928,106.201850252199,16.17168151611347,0
2025-08-14 09:00:00,edge-2,41.9365743034193,74.83179999685089,109.59557920472633,23.297987052971457,0
2025-08-14 10:00:00,edge-2,25.435710455837032,56.21039738027822,77.73411142833169,15.630137196771296,0
2025-08-14 11:00:00,edge-2,63.47257685760935,54.79107432458929,94.2346339693498,24.112701250808477,0
2025-08-14 12:00:00,edge-2,39.07078456191072,63.61740452831307,186.34494907603425,21.758129995116747,0
2025-08-14 13:00:00,edge-2,66.35249050535992,77.54911644307282,184.8173303440855,15.63203032766204,0
2025-08-14 14:00:00,edge-2,38.99908497982926,67.94589131190044,57.836392394810574,19.64278628002833,0
2025-08-14 15:00:00,edge-2,41.88653464605804,46.46383396402609,63.422097336457654,17.256128547202312,0
2025-08-14 16:00:00,edge-2,55.172475642155696,56.51585905947378,57.623868920320135,21.744882783345297,0
2025-08-14 17:00:00,edge-2,58.89829071056165,99.62526909443848,142.28215759888957,29.438991224777098,0
2025-08-14 18:00:00,edge-2,61.527256060108975,65.02427594592385,84.05882801697223,18.146476985562888,0
2025-08-14 19:00:00,edge-2,48.65388291906007,77.3865085376523,109.586969743852,22.668881369292535,0
2025-08-14 20:00:00,edge-2,57.92925082331875,70.79769974498464,179.87869333123535,20.12220320833758,0
2025-08-14 21:00:00,edge-2,61.18442910385131,65.46715487995405,99.5814082275815,20.120288515315902,0
2025-08-14 22:00:00,edge-2,53.00853707850275,62.17397800030138,128.24994887029283,19.17397439634238,0
2025-08-14 23:00:00,edge-2,47.86012830103556,77.94781250649959,120.81682997201573,15.71291276824223,0
2025-08-15 00:00:00,edge-2,28.320575776533047,74.37284470621367,76.47130593216202,21.675699746412274,0
2025-08-15 01:00:00,edge-2,58.98761235169983,65.27786956023097,142.36646926967435,18.556291250403056,0
2025-08-15 02:00:00,edge-2,50.63260548711726,46.12474948904224,66.01196763599256,15.47599958130637,0
2025-08-15 03:00:00,edge-2,43.79576221473939,67.71117611096943,153.59519145776704,25.070866311241495,0
2025-08-15 04:00:00,edge-2,69.1664954538749,58.65984127063833,76.5019613916352,20.495048113511714,0
2025-08-15 05:00:00,edge-2,28.582495506300265,53.83488177309848,80.88129117855621,18.859505213283803,0
2025-08-15 06:00:00,edge-2,74.66054473047329,100.0,56.460487054928336,26.70028307373149,0
2025-08-15 07:00:00,edge-2,49.66590082048302,29.218973845843447,63.02962356733412,10.81959232233501,0
2025-08-15 08:00:00,edge-2,54.762772677543474,79.17025718114965,82.92942710685858,26.364104018645442,0
2025-08-15 09:00:00,edge-2,44.074338282045936,42.74658111492339,10.0,15.599060254318914,0
2025-08-15 10:00:00,edge-2,24.99390631215005,62.62390978686792,90.66670635297614,21.0576626970776,0
2025-08-15 11:00:00,edge-2,47.905851523013304,100.0,79.68103051033933,17.059681229396446,0
2025-08-15 12:00:00,edge-2,55.02117360339189,40.75262010351874,131.60044394447328,15.384994797737882,0
2025-08-15 13:00:00,edge-2,60.143381696038915,45.522546903454725,116.91922953427303,26.569432629842176,0
2025-08-15 14:00:00,edge-2,47.02950202341648,59.64972525696799,71.69450275602813,29.281082836976424,0
2025-08-15 15:00:00,edge-2,17.11190238193373,43.055660847372764,81.65796962296372,18.89387174674461,0
2025-08-15 16:00:00,edge-2,26.875079831260617,77.68112701880602,90.61527845916409,21.677373510971474,0
2025-08-15 17:00:00,edge-2,80.78029435644942,49.3094112787341,159.43826217903396,20.2849562583125,0
2025-08-15 18:00:00,edge-2,33.61196024341827,73.08019280298674,67.10781278174233,28.652534186764278,0
2025-08-15 19:00:00,edge-2,71.40574187358813,33.41621736399861,71.20957340197384,9.434247762732326,0
2025-08-15 20:00:00,edge-2,35.988698938736064,23.86336995691549,54.856633935313965,21.8856172063511,0
2025-08-15 21:00:00,edge-2,47.26316135408199,55.420300420939014,40.7184208225526,16.364368429280333,0
2025-08-15 22:00:00,edge-2,59.37812389399856,28.6298432392481,112.2801449450198,8.220179892644106,0
2025-08-15 23:00:00,edge-2,37.697083301286895,90.365378255309,108.1161332429284,18.197349512853794,0
2025-08-16 00:00:00,edge-2,73.88322703638582,29.40393019010004,151.31047411341407,29.240243954552767,0
2025-08-16 01:00:00,edge-2,51.13592537102616,39.246266246586046,141.65636030907717,16.719754047998,0
2025-08-16 02:00:00,edge-2,56.91276269449504,68.2723977094922,195.8846685812723,23.953827532823055,0
2025-08-16 03:00:00,edge-2,45.985894879713115,48.27272099875988,97.04508929835616,25.993360985316833,0
2025-08-16 04:00:00,edge-2,59.88080430525636,29.632240602647922,89.57881744815171,19.93651598690239,0
2025-08-16 05:00:00,edge-2,73.68189109774794,100.0,47.990946194665625,20.60227809205646,0
2025-08-16 06:00:00,edge-2,48.03071093565178,39.96732393680852,127.86312669905303,11.41851046729444,0
2025-08-16 07:00:00,edge-2,75.94569186123854,56.074843850069016,104.74136965785355,16.419180684136766,0
2025-08-16 08:00:00,edge-2,40.82606287431323,55.816149597879395,126.05065220042734,24.53503812164998,0
2025-08-16 09:00:00,edge-2,61.46144059027565,74.20618303933156,54.435031230464006,20.303395485185337,0
2025-08-16 10:00:00,edge-2,57.33671504364575,69.24704921342118,114.06416756106799,21.83670720721841,0
2025-08-16 11:00:00,edge-2,33.97126890976446,43.46397924537989,108.20798471815768,20.665787898415253,0
2025-08-16 12:00:00,edge-2,53.20714556955998,53.483455651133866,105.56140159574747,30.960019721482155,0
2025-08-16 13:00:00,edge-2,50.110489067755594,55.46155132916368,72.66936367237903,17.847400844056995,0
2025-08-16 14:00:00,edge-2,37.20211735584732,74.97918996397124,147.57298594213594,28.02705021493155,0
2025-08-16 15:00:00,edge-2,55.370036512911895,36.633561702827976,182.01230315912045,20.667516111033663,0
2025-08-16 16:00:00,edge-2,52.194343191627766,100.0,55.586238948095385,28.47099487290399,0
2025-08-16 17:00:00,edge-2,48.91119579039175,44.816332250811115,128.81775918371832,13.875109553709247,0
2025-08-16 18:00:00,edge-2,48.971337964119726,59.82501206486813,10.0,20.923261038154305,0
2025-08-16 19:00:00,edge-2,48.64984611614571,36.80021120613517,126.74439797929834,18.03156608038265,0
2025-08-16 20:00:00,edge-2,44.48450568130509,34.036819767187666,25.193815338329813,20.697361679250196,0
2025-08-16 21:00:00,edge-2,52.097511425224724,42.51143181844752,79.00130608402968,26.11188131333064,0
2025-08-16 22:00:00,edge-2,40.341286814543295,40.5895356467149,47.479013529829984,21.894048026789726,0
2025-08-16 23:00:00,edge-2,89.85214237205,51.71485951690339,91.37554020202415,26.10191345013469,0
2025-08-17 00:00:00,edge-2,28.860001318020263,40.420699424725186,133.55174793471315,16.648894533630273,0
2025-08-17 01:00:00,edge-2,41.22895884148311,73.91104842588419,25.707469450919092,15.88582771238142,0
2025-08-17 02:00:00,edge-2,42.41386843134589,44.3403220936325,85.62081241937445,20.08052536568633,0
2025-08-17 03:00:00,edge-2,80.60740121486806,42.12369013096169,79.46524924735773,19.806739108044574,0
2025-08-17 04:00:00,edge-2,30.197980250337512,52.14062271765462,163.24194735487498,19.070703155879038,0
2025-08-17 05:00:00,edge-2,56.38883446979165,79.85677757392588,117.27044031401141,15.206841371646572,0
2025-08-17 06:00:00,edge-2,53.7259109756981,64.29752347220798,52.9113154690631,25.99325794925944,0
2025-08-17 07:00:00,edge-2,55.00403457011822,58.006209402250605,81.14822483878402,18.18581399683256,0
2025-08-17 08:00:00,edge-2,68.54514743916411,31.33910460062642,162.24416953542126,27.13039061106341,0
2025-08-17 09:00:00,edge-2,68.23744039620632,37.14583080272581,128.57461267096096,20.06371682602029,0
2025-08-17 10:00:00,edge-2,43.23564760219824,34.43180119920753,63.27066150378314,23.242144654070223,0
2025-08-17 11:00:00,edge-2,52.910261742409865,86.13702447344693,89.31717846467645,22.788548214818412,0
2025-08-17 12:00:00,edge-2,22.03846951771784,70.61126246263295,90.59563406367408,15.878626298245738,0
2025-08-17 13:00:00,edge-2,51.486395127828935,42.76758982151612,78.48072291376778,21.836014607762444,0
2025-08-17 14:00:00,edge-2,38.09015858252121,48.71256712348689,31.59151374713241,29.64166472233553,0
2025-08-17 15:00:00,edge-2,47.20426361059225,43.49419647525332,72.89513138440127,21.258061265501784,0
2025-08-17 16:00:00,edge-2,24.719422027749577,42.282775672385824,155.56797223461498,24.506383697798373,0
2025-08-17 17:00:00,edge-2,56.07308430078613,69.20602062432361,84.754220517553,23.466359222960925,0
2025-08-17 18:00:00,edge-2,24.55146956636588,54.249275584313736,95.86985478156323,21.535248291824935,0
2025-08-17 19:00:00,edge-2,52.224269101873794,100.0,105.62102587414296,20.932393588623732,0
2025-08-17 20:00:00,edge-2,31.602416104661756,85.00719649033996,188.72565578848503,22.736577795606504,0
2025-08-17 21:00:00,edge-2,37.25538447296173,86.18960680933445,100.35499085667846,23.816412732378065,0
2025-08-17 22:00:00,edge-2,67.32098153817745,73.42713949896252,143.75781414334045,13.239179714744635,0
2025-08-17 23:00:00,edge-2,58.81876918870433,51.546818589856215,76.07279311795213,21.236514445482275,0
2025-08-18 00:00:00,edge-2,67.23804706505814,71.95581769059169,89.62402957990034,19.079610596263414,0
2025-08-18 01:00:00,edge-2,73.39590698751935,53.02334610942684,100.5021089244114,18.04236578174146,1
2025-08-18 02:00:00,edge-2,38.40741939290353,92.60552101456724,69.03468232602462,26.479821895142866,0
2025-08-18 03:00:00,edge-2,72.48457493661307,68.08558766099841,91.8512887758817,16.334268759680732,0
2025-08-18 04:00:00,edge-2,28.017415157316478,65.2472071720603,135.5220374325308,13.026154698449991,0
2025-08-18 05:00:00,edge-2,61.191505018173544,62.54145324859018,67.98541755632466,23.97858112692927,0
2025-08-18 06:00:00,edge-2,42.59993428100043,94.80532854721716,100.00356123854553,12.898030717230554,0
2025-08-18 07:00:00,edge-2,36.04549786041025,31.324993323264287,128.3493420662373,10.360284610207183,0
2025-08-18 08:00:00,edge-2,59.21704800956664,96.76575655337453,67.02135804749022,24.541338449949826,0
2025-08-18 09:00:00,edge-2,64.1742728775382,56.27692385091725,143.81655170459823,20.79361125281244,0
2025-08-18 10:00:00,edge-2,63.72902579969817,31.877020483686977,102.9153391884529,22.36359813684388,0
2025-08-18 11:00:00,edge-2,53.22289833342188,44.95580536713888,93.39509746642841,17.78786212610189,0
2025-08-18 12:00:00,edge-2,51.97935951993858,26.983854745528348,19.67408776799141,13.077969341954905,0
2025-08-18 13:00:00,edge-2,57.90299878549854,73.0731349117128,85.05550231946106,14.071063931911663,0
2025-08-18 14:00:00,edge-2,54.55646113275787,39.23414099306961,114.86369664581213,18.639055502843583,0
2025-08-18 15:00:00,edge-2,58.120337593789706,63.373353324094005,169.8138007520987,13.63798571040979,0
2025-08-18 16:00:00,edge-2,53.059991916660714,82.68434060331695,122.71556616446452,21.535264535228265,0
2025-08-18 17:00:00,edge-2,62.64175736759546,46.55966142867726,145.04864927113397,17.687710309827906,0
2025-08-18 18:00:00,edge-2,25.59188290174358,54.63792613951215,51.635817055122445,20.925180236826527,0
2025-08-18 19:00:00,edge-2,48.030897873704205,33.932667801679685,94.92710017388183,20.775740641132153,0
2025-08-18 20:00:00,edge-2,29.242302592316207,52.23285782097605,148.82985769315457,21.933997772122634,0
2025-08-18 21:00:00,edge-2,54.15053026407327,100.0,64.49065798400308,22.49741263644499,0
2025-08-18 22:00:00,edge-2,74.62895263780547,75.55866328220884,138.6089051589241,18.280497046103775,0
2025-08-18 23:00:00,edge-2,42.888728270795475,54.705391622127905,129.33271458401333,20.91984633316915,0
2025-08-19 00:00:00,edge-2,51.90878045445823,47.766239276365695,110.98894593799281,21.180040642100874,0
2025-08-19 01:00:00,edge-2,61.34730072382458,59.14733208687133,86.85189499456101,7.855548454533174,0
2025-08-19 02:00:00,edge-2,18.98415602350213,62.60101504387279,60.54819381710259,23.232628729297453,0
2025-08-19 03:00:00,edge-2,42.16834276783718,51.618605857084845,171.01517176413256,20.749710981101256,0
2025-08-19 04:00:00,edge-2,55.46773488909275,70.60118391542258,125.27450070896123,22.820244326217853,0
2025-08-19 05:00:00,edge-2,6.545079115140872,40.93105019879182,113.62464498701796,13.565782022763688,0
2025-08-19 06:00:00,edge-2,35.34787260387543,40.83224650031464,83.48601007190996,18.421134124188033,0
2025-08-19 07:00:00,edge-2,66.51286960071934,67.40390914100409,101.51486518359911,14.542352717172097,0
2025-08-19 08:00:00,edge-2,65.04495350676088,36.62716492871205,106.58869079880131,23.723006881064375,0
2025-08-19 09:00:00,edge-2,55.61477341055151,74.5803450572508,115.99502738934291,12.974417289657529,0
2025-08-19 10:00:00,edge-2,63.232964599147664,59.71438775206133,129.37361153887736,15.356726090388396,0
2025-08-19 11:00:00,edge-2,53.22656351632195,23.441815625655728,68.70113896579633,22.671570641359907,0
2025-08-19 12:00:00,edge-2,58.33092361163472,62.189982511218936,41.33612138051983,16.85312733861376,0
2025-08-19 13:00:00,edge-2,45.26519436739079,26.29706750822011,103.3712340509399,15.358046716054707,0
2025-08-19 14:00:00,edge-2,51.73719024383139,73.86724019311322,30.11130650700953,24.533597147700913,0
2025-08-19 15:00:00,edge-2,40.514444203762665,55.025713414988076,87.05356020025448,24.73855878295934,0
2025-08-19 16:00:00,edge-2,68.9522501627347,97.0216843301364,79.63240679552949,23.610355962704993,0
2025-08-19 17:00:00,edge-2,72.82339114253303,81.42625688745214,119.66992768806676,24.243548369701468,0
2025-08-19 18:00:00,edge-2,70.6986920104561,38.786149875363506,179.30388141945235,18.842103605309717,0
2025-08-19 19:00:00,edge-2,43.878368574832066,19.585202723171655,22.216375043857553,18.977035126816922,0
2025-08-19 20:00:00,edge-2,35.69338940952369,44.897974864172525,190.96740121273604,16.759593607331986,0
2025-08-19 21:00:00,edge-2,69.15460491125245,35.57482794339258,90.67699363523896,20.838645838579886,0
2025-08-19 22:00:00,edge-2,58.15860803887119,96.51476173754187,113.9123472869032,17.36050836337076,0
2025-08-19 23:00:00,edge-2,54.928765122854635,59.79370681439697,43.40671369505134,17.834668970365115,0
2025-08-20 00:00:00,edge-2,40.49551872582282,78.66837608366333,139.87486280905281,22.9995021699145,0
2025-08-20 01:00:00,edge-2,56.38495718955147,54.29938174898828,101.65890145406897,25.922696227571898,0
2025-08-20 02:00:00,edge-2,33.720829105070976,56.40665023438709,97.54130355246852,21.991301271350473,0
2025-08-20 03:00:00,edge-2,59.51093534118548,59.347459549821835,22.50459540388185,28.97157932621284,0
2025-08-20 04:00:00,edge-2,70.68330049409316,82.13078637184893,102.95187255389709,16.472422139836258,0
2025-08-20 05:00:00,edge-2,74.46568315861929,66.23249511349198,133.83313295266296,10.810126803953708,0
2025-08-20 06:00:00,edge-2,60.62786081164724,38.8533231304667,90.54885458067245,23.57313944794777,0
2025-08-20 07:00:00,edge-2,29.269676755683175,92.45028276172835,146.96797382576602,16.140832236766343,0
2025-08-20 08:00:00,edge-2,52.959951964190324,54.14369002027374,145.31580687565452,18.631538791123184,0
2025-08-20 09:00:00,edge-2,82.0952261608657,50.88959752246703,74.35618469036609,11.15101744939438,0
2025-08-20 10:00:00,edge-2,36.97082614336574,3.4098939550192995,163.80455435189572,15.503948763270868,0
2025-08-20 11:00:00,edge-2,49.112276406346744,72.68799182322674,101.8117985730033,12.48886291710382,0
2025-08-20 12:00:00,edge-2,71.20286527701467,62.02025279323767,101.98981003151323,17.828483682898483,0
2025-08-20 13:00:00,edge-2,59.25700883110378,61.99851313203804,103.95924890410924,18.027242530585248,0
2025-08-20 14:00:00,edge-2,87.20234486727657,51.94350657778364,102.77263003764504,20.449802057741046,0
2025-08-20 15:00:00,edge-2,39.006959251571175,48.49564319734434,10.0,26.198614821775877,0
2025-08-20 16:00:00,edge-2,35.15366321388767,52.6083914633914,92.57974407241117,23.384531324489092,0
2025-08-20 17:00:00,edge-2,68.36188153752761,69.2632174225456,45.44214113350183,11.889151818947596,0
2025-08-20 18:00:00,edge-2,32.06182057592696,72.78235546066702,165.05342808862707,23.040077178064283,0
2025-08-20 19:00:00,edge-2,47.048480167736955,55.37936823250803,163.443319668848,20.558773487207297,0
2025-08-20 20:00:00,edge-2,49.01530182710635,78.97874988633518,134.0775332982235,19.51086783981951,0
2025-08-20 21:00:00,edge-2,65.53984210078883,58.420516379650444,90.46130250644447,19.886502350313872,0
2025-08-20 22:00:00,edge-2,59.2140195203787,49.91547163752689,59.679402535852056,21.022762140431276,0
2025-08-20 23:00:00,edge-2,56.85597371265294,63.96831149814729,73.69675994897581,16.540566044932174,0
2025-08-21 00:00:00,edge-2,43.963536831475,32.812271630122794,177.70567625704132,19.088245712376796,0
2025-08-21 01:00:00,edge-2,68.22506028622915,64.65436618158498,72.31210453920158,25.91969561945917,0
2025-08-21 02:00:00,edge-2,100.0,29.156357889472567,10.0,16.48047107787233,0
2025-08-21 03:00:00,edge-2,60.369231483843734,39.44546080032472,141.20662033941574,14.850560119124523,0
2025-08-21 04:00:00,edge-2,51.49508311320255,19.626171865667516,160.02012454471574,19.691463260630744,0
2025-08-21 05:00:00,edge-2,30.53205543511759,56.49766094656999,166.3686274866609,14.347167716218262,0
2025-08-21 06:00:00,edge-2,40.437778260242695,92.19267404618188,141.53392016997316,11.386084392728307,0
2025-08-21 07:00:00,edge-2,46.79434649079044,57.6584667783713,148.06078708939125,18.277664114625917,0
2025-08-21 08:00:00,edge-2,41.98099639599301,72.87170758866255,102.11736296214167,27.243109422819618,0
2025-08-21 09:00:00,edge-2,49.758832482097276,100.0,16.94817506033347,19.806979520615535,0
2025-08-21 10:00:00,edge-2,76.67024115210931,68.08111696240192,101.11524166000055,20.892885472241066,0
2025-08-21 11:00:00,edge-2,68.70750376053851,44.69575910823956,124.86291089677668,9.349258209244374,0
2025-08-21 12:00:00,edge-2,47.617509252976184,47.448627945283256,94.58919773734999,22.190627462204734,0
2025-08-21 13:00:00,edge-2,31.875800830012093,60.01316416446012,92.7665552504154,20.46682930654896,0
2025-08-21 14:00:00,edge-2,70.0605146435362,47.34210709478151,61.43527843926711,16.675425859803227,0
2025-08-21 15:00:00,edge-2,49.26418589807953,48.838260003731364,59.930450269118964,20.90025235701187,0
2025-08-21 16:00:00,edge-2,24.102493615964676,79.70507818518979,173.5259405906428,20.8506080857898,0
2025-08-21 17:00:00,edge-2,60.68645177739555,80.52312561544424,174.97385479520568,14.702560358210324,0
2025-08-21 18:00:00,edge-2,65.38530026350197,27.062150359026724,99.89411475015586,21.659268633899547,0
2025-08-21 19:00:00,edge-2,13.611373925979962,43.636609641995605,111.26094420371707,25.985677112635774,0
2025-08-21 20:00:00,edge-2,37.63168036800645,50.71991226173215,60.76567771851925,18.860292622632418,0
2025-08-21 21:00:00,edge-2,48.34318983038429,71.98177892330504,125.70299399757815,15.66202898781446,0
2025-08-21 22:00:00,edge-2,61.01766366962926,82.86151177011313,170.385966864568,19.112099650991357,0
2025-08-21 23:00:00,edge-2,42.26380123063743,100.0,38.83076880221226,24.273065975322144,0
2025-08-22 00:00:00,edge-2,37.51787147039096,50.686534074346774,118.55533198809576,13.868405803513639,0
2025-08-22 01:00:00,edge-2,60.907538745204235,51.68542571315942,121.56088970580161,22.892791293920904,0
2025-08-22 02:00:00,edge-2,42.97516440028761,71.77140031275428,121.1042605955703,16.609927707397595,0
2025-08-22 03:00:00,edge-2,58.13081975823046,46.35566562090281,165.71270671393876,21.210315406898687,0
2025-08-22 04:00:00,edge-2,33.32726517538114,57.18076277018966,181.4407284868461,17.178343624772182,0
2025-08-22 05:00:00,edge-2,29.71500471145402,51.69923782432909,90.6606528850935,17.164915224592196,0
2025-08-22 06:00:00,edge-2,61.329037363555955,7.566921561916416,126.92694688625431,27.61547458117524,0
2025-08-22 07:00:00,edge-2,53.787798654758205,62.46466460303091,103.36934822904237,12.954567047332542,0
2025-08-22 08:00:00,edge-2,63.83683599854311,56.35278081394419,74.71538828241216,22.42683088772772,0
2025-08-22 09:00:00,edge-2,42.011104986178374,85.424621005138,110.83256627524058,28.656622054606434,0
2025-08-22 10:00:00,edge-2,38.073420462803824,60.1098081507271,126.85998114000992,23.427609632364113,0
2025-08-22 11:00:00,edge-2,70.41078331311365,34.90505043371655,108.67714741667942,13.34451490480409,0
2025-08-22 12:00:00,edge-2,27.155618540082948,54.83802254040953,64.7527516205553,13.592097455422973,0
2025-08-22 13:00:00,edge-2,68.77191063770937,18.178343137267433,81.4575744057729,16.241873116767994,0
2025-08-22 14:00:00,edge-2,69.80757061223575,35.78164329600715,81.7637031930137,20.789539557599372,0
2025-08-22 15:00:00,edge-2,62.90134271399113,72.71011936305996,66.30224180277182,21.12971347044526,0
2025-08-22 16:00:00,edge-2,39.68288724484328,55.05319120092673,112.54158326422674,13.641517228501536,0
2025-08-22 17:00:00,edge-2,37.75214244911961,78.45016478996132,116.72448385172311,15.636212707765168,0
2025-08-22 18:00:00,edge-2,46.84916340502701,20.66215498243905,139.18070403548785,15.942587565099899,0
2025-08-22 19:00:00,edge-2,30.57440484752901,55.15077205352494,65.69510607357475,19.096265959425537,0
2025-08-22 20:00:00,edge-2,35.57459001869605,50.489750032244295,76.90085255084827,29.923477286455373,0
2025-08-22 21:00:00,edge-2,59.67101437263569,79.11697165226411,162.1827780772495,15.334064671882762,0
2025-08-22 22:00:00,edge-2,59.74023671336236,73.45525536333245,93.4201654370832,15.11521083432106,0
2025-08-22 23:00:00,edge-2,34.25637760197566,72.84504300176596,101.20524117006536,14.33429852428078,0
2025-08-23 00:00:00,edge-2,60.14182902950112,90.82820076168203,92.99585114417403,23.17772285621116,0
2025-08-23 01:00:00,edge-2,56.814549586097094,52.63825781426868,145.32123274886573,19.79329201822449,0
2025-08-23 02:00:00,edge-2,72.64829381865655,86.70161670601438,146.87234722860117,15.518867259150207,0
2025-08-23 03:00:00,edge-2,58.537046628012824,39.11587698240528,144.52832402355392,18.18602208110834,0
2025-08-23 04:00:00,edge-2,65.87871580601566,38.38244500468612,101.06270445430192,16.042448495211495,0
2025-08-23 05:00:00,edge-2,57.15616386395317,75.05493142996677,65.10256090043993,21.479456405946227,0
2025-08-23 06:00:00,edge-2,64.69893664545782,29.905185231823967,177.00852311037016,33.42188303398168,0
2025-08-23 07:00:00,edge-2,30.693242651483374,71.45531256837916,134.2523590782207,22.754322028461182,0
2025-08-23 08:00:00,edge-2,48.173833143336296,62.02626387442652,81.73364074430441,19.535057424463183,0
2025-08-23 09:00:00,edge-2,49.415258476587056,81.43705457309746,156.95275387777644,16.675122562560237,0
2025-08-23 10:00:00,edge-2,46.34375079597076,58.81112070090221,78.5756433896362,13.282999590575752,0
2025-08-23 11:00:00,edge-2,56.65829945475088,61.12097892591054,156.42813612754625,23.668448657015176,0
2025-08-23 12:00:00,edge-2,59.51569481743626,70.18529985849811,159.13138357537966,23.3967708918316,0
2025-08-23 13:00:00,edge-2,55.883856156067225,46.74700899880443,63.140689132757764,17.66949501654597,0
2025-08-23 14:00:00,edge-2,47.34584178167993,45.875873850195575,123.27033212083843,26.066669914713092,0
2025-08-23 15:00:00,edge-2,38.96404880232313,69.48858879686838,131.28762815845315,20.105534694425423,0
2025-08-23 16:00:00,edge-2,66.45779111234351,59.41424381738725,204.59636798345326,23.873803676975676,0
2025-08-23 17:00:00,edge-2,55.245992249207525,51.85372165391439,70.30795529464572,21.480985010165057,0
2025-08-23 18:00:00,edge-2,34.720792124008874,58.34431800604665,157.30173107975315,19.11432060061181,0
2025-08-23 19:00:00,edge-2,47.09468687525565,91.8911901567666,100.69384072134217,15.225576943462565,0
2025-08-23 20:00:00,edge-2,23.850504834389582,51.13963186520215,50.34543265677723,19.272317038186642,0
2025-08-23 21:00:00,edge-2,50.530559215211646,50.55960773435969,95.20051320662851,24.210253344474236,0
2025-08-23 22:00:00,edge-2,47.02430086102106,25.851115506750098,100.09859044398829,17.459324440502865,0
2025-08-23 23:00:00,edge-2,41.382995744669934,59.1529412368577,57.64439227538844,22.198706978015892,0
2025-08-24 00:00:00,edge-2,73.76900284705295,73.13767022480783,112.48694475406117,14.586320589879982,0
2025-08-24 01:00:00,edge-2,32.657688206868315,76.72396231361736,138.31237021994326,23.90029168065179,0
2025-08-24 02:00:00,edge-2,60.59589427523503,62.16435203261065,109.5280261624805,21.56470668244981,0
2025-08-24 03:00:00,edge-2,82.8006224139781,79.11667146161767,78.32623642480493,13.989446205817496,0
2025-08-24 04:00:00,edge-2,66.15901855575032,74.62460803760484,94.06111726372136,18.87992738239194,0
2025-08-24 05:00:00,edge-2,49.52691826853349,82.25900459384525,99.81826572826195,24.65720454659185,0
2025-08-24 06:00:00,edge-2,32.98897040865009,79.68605310955124,108.69286509924194,13.70483729673388,0
2025-08-24 07:00:00,edge-2,29.56906735123317,91.39956392214502,144.39323048960125,14.645248806875328,0
2025-08-24 08:00:00,edge-2,43.82672457563717,56.606136668675006,110.87759013544357,19.652515226067536,0
2025-08-24 09:00:00,edge-2,39.694988991291375,33.45883915276983,43.89213485481158,30.66665365216097,0
2025-08-24 10:00:00,edge-2,39.206796365628016,73.27437487370841,77.50715712045235,16.63710957980251,1
2025-08-24 11:00:00,edge-2,45.10529816793134,75.61106378645553,106.64084203586546,22.476369997927478,0
2025-08-24 12:00:00,edge-2,48.4662936067147,91.39990786762279,144.96497939816456,21.300677038006757,0
2025-08-24 13:00:00,edge-2,57.27817921467945,85.62580712339411,151.91385766146206,17.05240049867228,0
2025-08-24 14:00:00,edge-2,31.43305670806356,98.9094491172913,170.98741366349822,20.805666758924374,0
2025-08-24 15:00:00,edge-2,39.76634305800425,72.39707960653067,105.2245759031722,17.760826689525224,0
2025-08-24 16:00:00,edge-2,47.60491875766278,64.57621183877256,130.53236702009974,18.210976049417443,0
2025-08-24 17:00:00,edge-2,47.06772209865096,32.300337573485066,41.821538623881224,11.693640486134333,0
2025-08-24 18:00:00,edge-2,77.54635561120134,66.16193069028161,117.19526292645932,19.877818825668392,0
2025-08-24 19:00:00,edge-2,53.483698890857866,48.94993286257364,56.98943594156553,24.495467533112752,1
2025-08-24 20:00:00,edge-2,25.796152820608633,64.23020026864941,97.49843216981,20.28712887389843,0
2025-08-24 21:00:00,edge-2,56.27272042380147,61.09026372619312,221.1935355548857,25.452538804112148,0
2025-08-24 22:00:00,edge-2,58.18495584115968,69.4346717770027,112.14216944761719,22.901637229725086,0
2025-08-24 23:00:00,edge-2,48.12307957632893,58.05338580922979,65.44747123278685,19.702293468348902,0
2025-08-25 00:00:00,edge-2,31.79904988386198,78.7004038146517,116.31156023831622,16.860372234965908,0
2025-08-25 01:00:00,edge-2,76.37082042970195,5.5369137424988395,79.31699253642581,17.56868142319298,0
2025-08-25 02:00:00,edge-2,33.95174129628114,63.799871503156886,61.57023547369795,12.647447630314392,0
2025-08-25 03:00:00,edge-2,59.911583096239,84.04979558305124,184.12558133562004,18.66460554950837,1
2025-08-25 04:00:00,edge-2,53.00075793595903,97.40097016912429,142.67248105067011,20.729993792820768,0
2025-08-25 05:00:00,edge-2,59.01215823544655,74.63922676770126,113.8214649998298,28.577105488996168,0
2025-08-25 06:00:00,edge-2,75.60286886250995,93.69766045165078,84.32706839009835,22.641601616394382,0
2025-08-25 07:00:00,edge-2,58.424583082115525,63.37871991517485,87.56842068111203,15.675730099310115,0
2025-08-25 08:00:00,edge-2,41.620036594347006,60.057251518541264,161.699274673766,12.80315862240597,0
2025-08-25 09:00:00,edge-2,66.58988412691942,70.58831286455504,112.26310150658271,18.967239563977138,0
2025-08-25 10:00:00,edge-2,40.533508249338205,59.9361143421787,10.0,24.058822234138745,0
2025-08-25 11:00:00,edge-2,52.45337017092902,44.352850639652786,196.83754062635347,18.896918316528062,0
2025-08-25 12:00:00,edge-2,30.60374587976315,49.69519511736201,107.3224942788914,22.709920875027976,0
2025-08-25 13:00:00,edge-2,34.500781589948716,37.75694187847685,113.73476022939268,19.09437275373906,0
2025-08-25 14:00:00,edge-2,50.7708000565428,70.56754189730489,143.46779253739186,23.585002173577998,0
2025-08-25 15:00:00,edge-2,55.52130062871308,60.227836250009545,118.61611309246348,12.013709886471695,0
2025-08-25 16:00:00,edge-2,24.464140659634545,52.79427766483805,129.87634470867238,28.020910600730502,0
2025-08-25 17:00:00,edge-2,57.459310520009964,48.6663248632542,83.05106130540301,14.437582758881447,0
2025-08-25 18:00:00,edge-2,37.70856535102554,70.10112692399252,50.80818704134454,23.968661648648887,0
2025-08-25 19:00:00,edge-2,69.1953202350675,75.6089636122014,111.20931125892787,18.639080026655225,0
2025-08-25 20:00:00,edge-2,44.72053356763237,37.38972006989634,157.26458609098358,19.420860498165496,0
2025-08-25 21:00:00,edge-2,33.145665956750214,34.24630660448764,74.0878976646753,18.79449047014926,0
2025-08-25 22:00:00,edge-2,51.137068369388786,79.0901991124203,70.87904020720894,21.278022925257467,0
2025-08-25 23:00:00,edge-2,36.25647498381912,32.49733523022809,148.84077041519748,22.287622716404474,0
2025-08-26 00:00:00,edge-2,69.03417712149688,70.94973667644969,81.71019179435635,25.29180755911534,0
2025-08-26 01:00:00,edge-2,50.007953112996496,92.33818397508026,83.57760344662393,27.03974441298689,0
2025-08-26 02:00:00,edge-2,47.7248506536007,92.38469606786269,85.07422908215032,21.659107733883513,0
2025-08-26 03:00:00,edge-2,58.87701528396512,74.75745181264183,97.40076076038083,28.56837119584152,0
2025-08-26 04:00:00,edge-2,34.925788411995605,74.17619030644241,37.054476163918444,20.46486271411239,0
2025-08-26 05:00:00,edge-2,30.66269517007229,100.0,78.42639549833494,25.38720181126462,0
2025-08-26 06:00:00,edge-2,56.12527369162456,13.312086742124585,109.21472076558888,22.143598364530735,0
2025-08-26 07:00:00,edge-2,33.504939379867864,50.713286478387296,108.92951744699317,17.253976842873172,0
2025-08-26 08:00:00,edge-2,33.49984769375815,76.96983698153203,146.3197221031835,20.90617077189922,0
2025-08-26 09:00:00,edge-2,62.55134046831331,53.25425984316086,173.57568888779218,22.515859387545625,0
2025-08-26 10:00:00,edge-2,57.8759616497591,84.7955661721407,160.49933786657613,19.839009342986962,0
2025-08-26 11:00:00,edge-2,31.19255686320633,59.21291879379615,136.5860953629574,22.064282589987783,0
2025-08-26 12:00:00,edge-2,40.71295935587995,62.63487720675195,94.0506163693117,24.326814796634473,0
2025-08-26 13:00:00,edge-2,36.4440266608052,54.506506715081244,75.0772372017248,19.883134290020536,0
2025-08-26 14:00:00,edge-2,76.6447894706087,49.54978082383879,100.71513730033608,5.280561656587594,0
2025-08-26 15:00:00,edge-2,63.59015641355913,49.05780073704696,123.42315079091591,28.391350757466853,0
2025-08-26 16:00:00,edge-2,43.68732730992089,65.42332593673552,132.8775119298267,18.512042848898357,0
2025-08-26 17:00:00,edge-2,58.642920340152386,44.50870068354266,124.92342934063402,15.88359889583851,0
2025-08-26 18:00:00,edge-2,29.657207211037562,79.06409766982574,95.15298114495789,14.379448521735911,0
2025-08-26 19:00:00,edge-2,39.910307732157605,73.06451849205646,131.47448959369046,18.317770488331774,0
2025-08-26 20:00:00,edge-2,51.57294898912829,81.9883288193968,150.4349002033401,17.18626084341509,0
2025-08-26 21:00:00,edge-2,56.783461237188696,37.42151288014003,135.20641536270165,16.314952680576546,0
2025-08-26 22:00:00,edge-2,48.53811311729834,26.01046906427112,98.71947779346404,16.589368650777136,0
2025-08-26 23:00:00,edge-2,53.72020266071339,59.91628488736473,66.64605229975973,22.64871412029911,0
2025-08-27 00:00:00,edge-2,51.175046899296895,100.0,65.6973028244757,30.151817205015508,0
2025-08-27 01:00:00,edge-2,47.54633896966524,85.32417556189141,72.75129505631274,24.102857990074504,0
2025-08-27 02:00:00,edge-2,45.557816117136596,48.91107382986574,110.2830079469972,25.612990923772852,0
2025-08-27 03:00:00,edge-2,43.60602690983324,68.49024268862682,120.79215014222534,18.112949842766305,0
2025-08-27 04:00:00,edge-2,53.479062629428824,74.55173814887367,43.418707282238806,20.52332682775289,0
2025-08-27 05:00:00,edge-2,56.16223383799184,32.63223518534277,79.84019566545797,22.132412021151435,0
2025-08-27 06:00:00,edge-2,52.97538750978251,87.3925173806921,109.73141861221575,16.70221053178615,0
2025-08-27 07:00:00,edge-2,32.321044249984105,56.651517463581186,64.01280359609589,17.871349647254412,0
2025-08-27 08:00:00,edge-2,35.016082232852185,58.18638310784279,117.3561661223842,24.272759791665383,0
2025-08-27 09:00:00,edge-2,55.98322708922101,60.47569318867711,87.70286836333737,25.451463775500542,0
2025-08-27 10:00:00,edge-2,72.07509951006317,82.8908027861579,71.06318913322973,20.33705134757629,0
2025-08-27 11:00:00,edge-2,52.28623192338133,44.896356835971844,102.1282172979559,14.02421409610637,0
2025-08-27 12:00:00,edge-2,43.82497381284509,25.860599904310952,115.69121318316402,18.52204008391171,0
2025-08-27 13:00:00,edge-2,53.36510683164163,66.4591058580009,66.0588434292029,12.793344327470642,0
2025-08-27 14:00:00,edge-2,32.94767866229857,19.126838276537427,90.29550480743809,20.376012049173635,0
2025-08-27 15:00:00,edge-2,69.63414734804695,53.9779280972892,118.70713509228432,21.277015556357092,0
2025-08-27 16:00:00,edge-2,52.79891216762042,83.73748579717636,69.5163926673293,18.646447894811118,0
2025-08-27 17:00:00,edge-2,39.958141801841776,71.58187807017477,33.68972638304393,21.208556111916025,0
2025-08-27 18:00:00,edge-2,47.49806800860687,80.84712131450551,38.53704617240982,22.084506195419195,0
2025-08-27 19:00:00,edge-2,42.094456519045764,72.40702730405658,83.2779654377212,21.28431021453562,0
2025-08-27 20:00:00,edge-2,69.67504965225251,100.0,47.263268947794465,13.992348538515351,0
2025-08-27 21:00:00,edge-2,46.96639865829411,48.2352074468637,86.09112419295016,18.73367837243653,0
2025-08-27 22:00:00,edge-2,52.33048619173389,67.96263354016646,166.59771404690716,22.04921489133134,0
2025-08-27 23:00:00,edge-2,58.60589684976938,51.23759057574699,44.85606449245274,27.89355885653,0
2025-08-28 00:00:00,edge-2,38.88850094353187,79.13602539829742,88.69580594089197,18.640371248806513,0
2025-08-28 01:00:00,edge-2,52.905641992027356,58.76850247899008,185.29218217085537,22.75420100224055,0
2025-08-28 02:00:00,edge-2,54.116533540913146,94.3768975888809,116.32520331902839,24.39075955961912,0
2025-08-28 03:00:00,edge-2,26.688817684690683,49.383680891960466,85.29106850097602,19.016861508137204,0
2025-08-28 04:00:00,edge-2,53.79044733166415,88.14253051433968,93.72469461923046,25.7420387374367,0
2025-08-28 05:00:00,edge-2,49.313569025852914,71.86279061087941,117.17450033573111,26.01086915715448,0
2025-08-28 06:00:00,edge-2,51.94949438173995,59.350778618260385,167.8308772250976,26.901923670305955,0
2025-08-28 07:00:00,edge-2,50.5344457023585,70.84884675719849,78.7658557009103,22.292160844927658,0
2025-08-28 08:00:00,edge-2,53.88754809425123,65.22528775058385,69.69558868446869,31.80068624828768,0
2025-08-28 09:00:00,edge-2,70.06014838514237,67.1190936050362,44.84765068879091,16.923584436178295,0
2025-08-28 10:00:00,edge-2,32.30738881872335,55.86257853811218,104.12384130039216,30.6203879308947,0
2025-08-28 11:00:00,edge-2,44.8677149674937,45.96822984890017,43.77250520728349,23.841497443292162,0
2025-08-28 12:00:00,edge-2,59.99927943444254,53.29857760074939,81.44869500712821,26.701936665133594,0
2025-08-28 13:00:00,edge-2,57.21388801591867,26.337100441035545,63.6526623555859,18.399811227291444,0
2025-08-28 14:00:00,edge-2,56.891083300131264,76.83896665065251,142.96494040936423,24.222373514818813,0
2025-08-28 15:00:00,edge-2,91.30365823510006,35.296720556490406,79.66414450532777,27.134870818321815,0
2025-08-28 16:00:00,edge-2,59.212032861750586,55.64705889528601,115.87721312022464,14.56320678138064,0
2025-08-28 17:00:00,edge-2,66.96406694382537,72.96090082962067,35.836319932457485,19.183368590922903,0
2025-08-28 18:00:00,edge-2,45.39391911721238,76.78793434199822,105.26027817811382,9.293736558844062,0
2025-08-28 19:00:00,edge-2,35.106314391540764,24.506961263255228,51.87358776557005,19.108335115754215,0
2025-08-28 20:00:00,edge-2,45.28523856149549,58.16303849549845,82.97406000280563,15.91995903269957,0
2025-08-28 21:00:00,edge-2,60.67940257015106,69.19489398897645,188.44810297024895,18.911161560166324,0
2025-08-28 22:00:00,edge-2,56.10241782243763,61.04032218524654,137.28697508963535,34.6182167880233,0
2025-08-28 23:00:00,edge-2,56.04877055898319,86.8814991534709,94.86349668674772,28.589017533985995,0
2025-08-29 00:00:00,edge-2,46.784834198043086,43.56386200170795,227.95767639132785,12.802762316496839,0
2025-08-29 01:00:00,edge-2,44.39296071780537,19.019177396196064,63.393012385067294,22.778691507997024,1
2025-08-29 02:00:00,edge-2,47.30214133560083,76.20652033537043,146.60865528301446,23.994655435296192,0
2025-08-29 03:00:00,edge-2,60.867131752478194,49.25827760763025,38.69302172611542,18.310514566477053,0
2025-08-29 04:00:00,edge-2,62.61091142255627,24.829188048280038,90.2430896940821,20.891538015792747,0
2025-08-29 05:00:00,edge-2,34.90637525493159,56.829752188670525,46.088409992777585,21.37991103707499,0
2025-08-29 06:00:00,edge-2,61.43513839147174,84.61115951863403,110.29103660363499,13.266943135690699,0
2025-08-29 07:00:00,edge-2,40.23918153865655,34.73494764374604,102.23881014315027,14.84335322956926,0
2025-08-29 08:00:00,edge-2,57.0338247776158,100.0,87.69340803265672,20.86148359220495,0
2025-08-29 09:00:00,edge-2,47.120513863062676,43.242368109266764,143.68228100505226,20.497012639908835,0
2025-08-29 10:00:00,edge-2,73.48682823858476,61.740217082514995,77.31604107988838,16.457186422913654,0
2025-08-29 11:00:00,edge-2,43.728880565282815,35.61735164304783,113.07406991229297,16.028119300730776,0
2025-08-29 12:00:00,edge-2,52.67917761342175,60.832206973920286,132.82219761085355,19.55110375164397,0
2025-08-29 13:00:00,edge-2,59.098897363391416,57.32504356482646,40.67115164415267,24.430754764916365,0
2025-08-29 14:00:00,edge-2,36.89061724815677,30.210121953378255,70.06342633302465,19.61757114526565,0
2025-08-29 15:00:00,edge-2,48.90714416859582,100.0,102.15443869263336,28.113654153178246,0
2025-08-29 16:00:00,edge-2,46.00122673065294,50.0932566196261,125.20613677713274,16.520897261687196,0
2025-08-29 17:00:00,edge-2,42.2927977489104,50.11074885387943,156.84951063686134,20.96554900727413,0
2025-08-29 18:00:00,edge-2,43.4041549777514,79.3807175870731,91.36480805088318,18.22852285447997,0
2025-08-29 19:00:00,edge-2,66.68021897205192,96.28509766696938,87.34115829400463,22.93980473206555,0
2025-08-29 20:00:00,edge-2,41.021738978595,82.52873736008605,65.09615879145345,16.09206058887402,0
2025-08-29 21:00:00,edge-2,58.49611824007409,35.97639753946827,113.19936368708133,29.636988769968777,0
2025-08-29 22:00:00,edge-2,54.71892503046716,64.27818018989325,88.11529705207633,11.54693798461997,0
2025-08-29 23:00:00,edge-2,29.045298263372363,22.37255035230011,89.03870948697126,28.57740119840123,0
2025-08-30 00:00:00,edge-2,57.78754157639662,78.03410162644712,96.24445976445966,20.449942345544162,0
2025-08-30 01:00:00,edge-2,28.797301853634586,27.296237229390755,122.06512248361356,22.762122908734565,0
2025-08-30 02:00:00,edge-2,59.4213774224774,43.935973527815264,77.45077787282956,26.672624515459788,0
2025-08-30 03:00:00,edge-2,42.39212535303728,59.93596991937379,69.11367644364381,24.288307475830347,0
2025-08-30 04:00:00,edge-2,50.12550879884678,68.90013122282025,117.26896744536413,16.349865561034694,0
2025-08-30 05:00:00,edge-2,30.585800755604918,54.78130753209362,10.0,23.00044777631301,0
2025-08-30 06:00:00,edge-2,51.83573485407224,90.38167353465764,75.85287305353258,29.33736986317308,0
2025-08-30 07:00:00,edge-2,63.9042562695593,74.46479164384559,53.94762002370544,15.563541439195888,0
2025-08-30 08:00:00,edge-2,37.89551857966069,72.89449508128418,148.13032892067156,30.592142555969886,0
2025-08-30 09:00:00,edge-2,40.89249370783983,35.411981960306726,82.36268949828414,21.92851242984282,0
2025-08-30 10:00:00,edge-2,56.819315353512344,93.98735795090806,77.57135538931077,17.833861140398714,0
2025-08-30 11:00:00,edge-2,57.19427485470409,43.93869711442977,98.05510058986904,15.533553076958729,0
2025-08-30 12:00:00,edge-2,13.487310523872402,94.75084865974188,76.18510286140346,18.883564627958627,0
2025-08-30 13:00:00,edge-2,80.2310954567416,100.0,83.89407367385861,10.223608344647523,0
2025-08-30 14:00:00,edge-2,57.92830225322497,70.2531306472755,103.88441641692653,17.923777654706065,0
2025-08-30 15:00:00,edge-2,60.45377993679442,80.64026195358842,83.11838261974927,18.685363780721943,0
2025-08-30 16:00:00,edge-2,47.846893300069745,0.0,82.83130190911852,14.627931754437903,0
2025-08-30 17:00:00,edge-2,22.169697371716328,56.099951690192455,59.59369305154765,23.7392259745218,0
2025-08-30 18:00:00,edge-2,60.1208309187536,82.04331279839079,53.84865037917876,18.906168561053065,0
2025-08-30 19:00:00,edge-2,41.52217957653671,78.49020536628169,102.42547590361123,16.82102727692786,0
2025-08-30 20:00:00,edge-2,58.158975412750095,35.60553323800245,112.2640203914329,18.37333032465728,0
2025-08-30 21:00:00,edge-2,46.71798394605907,54.12555920264253,42.87373424864201,21.775537366579236,0
2025-08-30 22:00:00,edge-2,53.57059068674566,9.272689895977066,130.3976566152339,20.36610605233497,0
2025-08-30 23:00:00,edge-2,38.37505427886133,68.25985680345507,130.5619055929899,16.49512455956211,0
2025-08-31 00:00:00,edge-2,62.96583414018397,22.333431975463526,138.98756553114492,20.62826737020222,0
2025-08-31 01:00:00,edge-2,32.17431440813492,82.60955685575144,111.99556338962391,19.746620212168715,0
2025-08-31 02:00:00,edge-2,83.68354138008785,83.65449721434818,125.48328401155985,14.302678884255936,0
2025-08-31 03:00:00,edge-2,83.56922952480518,50.512663711870026,187.40103378313287,18.557476532463696,0
2025-08-31 04:00:00,edge-2,74.49049378199766,70.42551860908176,87.93913596490827,22.89669135210444,0
2025-08-31 05:00:00,edge-2,69.13218478661766,55.65802551878983,58.17233996441773,22.86069129948254,0
2025-08-31 06:00:00,edge-2,48.73177462649539,64.83816790029732,38.63760467114154,18.85017833798303,0
2025-08-31 07:00:00,edge-2,67.49820058620813,37.054811535137006,170.22695720929266,23.383863973929884,0
2025-08-31 08:00:00,edge-2,48.557352525858086,72.44985246479818,170.7514903479463,15.100222515076892,0
2025-08-31 09:00:00,edge-2,26.697236866320395,27.176295395511673,63.01601032263078,15.25506080903337,0
2025-08-31 10:00:00,edge-2,72.54802121046032,23.401396753412364,70.90716749285774,18.7437251835316,0
2025-08-31 11:00:00,edge-2,66.93236694383758,57.561433666660164,87.04035849875312,27.48783068043568,0
2025-08-31 12:00:00,edge-2,49.52991338516847,55.77513440777441,148.97027488583933,20.81625813269103,0
2025-08-31 13:00:00,edge-2,31.622236140032747,65.446034611035,48.507912060787596,18.62317095167114,0
2025-08-31 14:00:00,edge-2,41.20698985131539,47.00985019527342,21.335219004444994,27.720690006033234,1
2025-08-31 15:00:00,edge-2,22.682816226687354,97.71383331571178,186.70057906248644,18.56530782398231,0
2025-08-31 16:00:00,edge-2,64.17621278926966,63.21209978758884,112.49493147680302,31.17366618642997,0
2025-08-31 17:00:00,edge-2,25.950365497037296,64.65763557032452,118.17653223674242,17.443584381896272,0
2025-08-31 18:00:00,edge-2,54.302463052200146,63.944677548140916,91.79575979200027,14.941356353743494,0
2025-08-31 19:00:00,edge-2,37.34459978330467,80.05819737896155,118.63139694872095,19.168190125740622,0
2025-08-31 20:00:00,edge-2,28.59944832500785,71.52034828968928,39.431764666360564,18.754578695814914,0
2025-08-31 21:00:00,edge-2,53.57532639917858,68.84035799416559,66.36317732559081,15.961400118253586,0
2025-08-31 22:00:00,edge-2,44.99300922031953,74.71968209731182,104.20631538090421,33.00987039079219,0
2025-08-31 23:00:00,edge-2,62.572836581380514,23.507707259056176,10.0,21.59313283902625,0
2025-09-01 00:00:00,edge-2,30.985920969069397,24.26304698828445,87.89929544743083,22.32124786835792,0
2025-09-01 01:00:00,edge-2,38.64028031789267,58.478825093971125,85.43342518662371,17.690603664315393,0
2025-09-01 02:00:00,edge-2,14.185366872636628,56.046522346361954,87.89239072198555,17.11165307627435,0
2025-09-01 03:00:00,edge-2,17.234799765081156,71.59619688096416,77.95672768716075,25.127791778588502,0
2025-09-01 04:00:00,edge-2,76.97288614967769,60.400338043670104,60.16432296502011,11.620791137051196,0
2025-09-01 05:00:00,edge-2,81.25397366149504,71.63729868908422,27.11872598916321,14.285677636048158,0
2025-09-01 06:00:00,edge-2,51.39089307835929,35.088094608774284,105.78988188669648,18.763457471962226,0
2025-09-01 07:00:00,edge-2,37.642568511402324,59.7851085918261,87.99504052815027,26.755236528171558,0
2025-09-01 08:00:00,edge-2,45.5232661176484,33.17886524084432,44.98873813725289,18.12741513515263,0
2025-09-01 09:00:00,edge-2,63.10361303729546,67.73715868742802,102.50133651335082,22.08075778637098,0
2025-09-01 10:00:00,edge-2,42.28416470266931,22.434299152733587,88.20199219709176,20.13864339694046,0
2025-09-01 11:00:00,edge-2,53.564508005625335,66.9662019708176,81.5590419335154,26.48129206468404,0
2025-09-01 12:00:00,edge-2,49.80865924278125,30.620012382057755,13.724204527701986,12.076384908935394,0
2025-09-01 13:00:00,edge-2,41.46780994875713,52.32944413556409,127.31070049231572,23.679816018613884,0
2025-09-01 14:00:00,edge-2,42.10710881012193,77.89855382898497,50.677958395634796,19.005505351287013,0
2025-09-01 15:00:00,edge-2,54.39981307528262,64.54759977196835,102.53081019364966,24.62442096959704,0
2025-09-01 16:00:00,edge-2,35.34667795418838,27.086795525513978,67.66926226269229,15.903589469498424,0
2025-09-01 17:00:00,edge-2,56.77594018435274,46.55212310611952,84.45093929808058,20.12196534931419,0
2025-09-01 18:00:00,edge-2,42.926315605262275,29.97242949046396,146.09169966999644,19.48746644543658,0
2025-09-01 19:00:00,edge-2,51.91050956972345,26.104830007896133,121.26472803213495,14.987822643397937,0
2025-09-01 20:00:00,edge-2,70.75943849252837,62.353263522679484,145.2015978515788,13.597934935265181,0
2025-09-01 21:00:00,edge-2,47.477119321595715,71.20596687120207,113.21541978486293,17.097943190684287,0
2025-09-01 22:00:00,edge-2,63.797065102879884,68.81211841431379,115.84574337363122,20.649655644975,0
2025-09-01 23:00:00,edge-2,23.119507161742572,72.05253629759503,28.75443999095289,16.215438878477535,0
2025-09-02 00:00:00,edge-2,42.94455479539108,59.761782982283634,87.29900024533784,18.34963218486091,0
2025-09-02 01:00:00,edge-2,50.41532931614109,54.53219562500065,91.00364272605567,10.571013227582146,0
2025-09-02 02:00:00,edge-2,78.84996018809689,38.538613458753716,148.946592814079,18.14675039758135,0
2025-09-02 03:00:00,edge-2,20.600718751101642,51.19840656499002,79.75082688372287,25.117933233125033,0
2025-09-02 04:00:00,edge-2,48.55685207160835,33.57303229347659,110.59438036224489,23.525901629850416,0
2025-09-02 05:00:00,edge-2,71.85033276374395,43.09668945746161,109.03029372339009,19.56539031486428,0
2025-09-02 06:00:00,edge-2,38.22469392099692,61.77853740876084,146.3070064112291,21.218263625070815,0
2025-09-02 07:00:00,edge-2,46.80741784361494,57.643878249181554,94.65023670775466,15.858698022029213,0
2025-09-02 08:00:00,edge-2,54.976084775833094,100.0,133.11147794772586,28.122193416457,0
2025-09-02 09:00:00,edge-2,52.767628305841704,33.08408804989985,31.805394634499024,30.338812532569527,0
2025-09-02 10:00:00,edge-2,73.48655713181621,57.49802558336436,35.43922268224233,20.82411815352987,0
2025-09-02 11:00:00,edge-2,56.72710715109848,31.525357775925514,10.0,32.95342918030747,0
2025-09-02 12:00:00,edge-2,69.91659343271328,52.24428248060098,131.43939900533334,16.59908814232329,0
2025-09-02 13:00:00,edge-2,44.59987464035133,53.05813635769631,126.94667751154944,13.744603799655234,0
2025-09-02 14:00:00,edge-2,38.892118831245554,76.89760052466276,135.8731029559713,16.45188122952941,0
2025-09-02 15:00:00,edge-2,46.61415210470547,51.00666921564158,72.90552657175228,18.902548674625045,0
2025-09-02 16:00:00,edge-2,32.61345359948598,56.17360799887682,77.45809369861335,31.560332756014816,0
2025-09-02 17:00:00,edge-2,57.252675443151425,51.39364075055561,95.15809429350757,18.594204362970203,0
2025-09-02 18:00:00,edge-2,44.211828308671315,31.978965118855818,157.74797211790624,15.701720935979893,0
2025-09-02 19:00:00,edge-2,39.92316650033787,46.95795256413785,167.75312510488203,15.507705702112816,0
2025-09-02 20:00:00,edge-2,57.47987614431503,52.36126569832365,131.7523395936545,25.7001105602164,0
2025-09-02 21:00:00,edge-2,32.84426333038567,61.47651766812769,113.24078899214004,24.98650874154518,0
2025-09-02 22:00:00,edge-2,61.55753320783692,71.1789457444965,153.41530790800505,17.572609068231948,0
2025-09-02 23:00:00,edge-2,42.824939172629584,55.30806980577942,89.76630171401766,10.621079419614222,0
2025-09-03 00:00:00,edge-2,67.38644666141276,54.956474720373066,84.3623387807082,14.357032276453577,0
2025-09-03 01:00:00,edge-2,44.10893632655649,25.583736830258943,94.83911517544756,28.606219187497715,0
2025-09-03 02:00:00,edge-2,59.478644998368864,70.79469034512702,60.851425223216886,23.444039422747352,0
2025-09-03 03:00:00,edge-2,52.69343560659359,46.08204225699919,92.99962542513549,20.327306877791525,0
2025-09-03 04:00:00,edge-2,61.1585281057173,74.94246476459551,55.30367824864239,29.34416586575529,0
2025-09-03 05:00:00,edge-2,51.64920338221441,86.32879895708392,141.00031275598315,29.79163136405758,0
2025-09-03 06:00:00,edge-2,25.049038814851343,56.2416994661399,121.74749564132071,19.820301990193506,0
2025-09-03 07:00:00,edge-2,65.13190308863199,39.53377438468216,157.182495901913,19.912141197341665,0
2025-09-03 08:00:00,edge-2,48.68475616313139,59.66602773827404,34.82868788343242,17.089766589439616,0
2025-09-03 09:00:00,edge-2,61.84274116032219,66.97403996037276,176.0678778768829,18.576983562574323,0
2025-09-03 10:00:00,edge-2,60.35369715303285,53.68959997506558,37.10098344826239,12.568375120999395,0
2025-09-03 11:00:00,edge-2,38.40055278482987,48.719231812413526,52.067676996671764,12.548068119079701,0
2025-09-03 12:00:00,edge-2,36.27806892237055,71.27064421394827,75.1671381254764,11.386705655470493,0
2025-09-03 13:00:00,edge-2,59.83032652173506,69.9515654938839,152.3088276787946,25.421685034597225,0
2025-09-03 14:00:00,edge-2,45.4512645588423,53.07420719345684,109.02293988914293,12.192988885437185,0
2025-09-03 15:00:00,edge-2,64.04643919199745,26.9186766947862,90.24682997913713,29.749811493530775,0
2025-09-03 16:00:00,edge-2,47.32698585705465,69.12756370758905,68.29490261419357,16.348110544002974,0
2025-09-03 17:00:00,edge-2,65.35114666172433,44.65345613117247,44.962593973572005,28.686749533912682,0
2025-09-03 18:00:00,edge-2,56.34956726313653,64.28682150740617,145.30509294772042,18.17472828567263,0
2025-09-03 19:00:00,edge-2,54.319624905712224,63.02314463358074,131.9455704419456,12.169066145397615,0
2025-09-03 20:00:00,edge-2,44.38983201889589,22.221051459146693,154.098015083694,26.418894490327347,0
2025-09-03 21:00:00,edge-2,53.486414210922746,61.62163368823147,115.87272507924497,27.009328138166126,0
2025-09-03 22:00:00,edge-2,67.89279072429063,70.2906505074891,10.0,15.469744998664947,0
2025-09-03 23:00:00,edge-2,49.1867681200502,72.74304830620974,50.21668269274191,18.34173866701275,0
2025-09-04 00:00:00,edge-2,57.96761665525783,62.347315021926256,118.59485223386835,15.471020317195105,0
2025-09-04 01:00:00,edge-2,50.69540114374559,20.4562791210082,85.21131899055919,19.397366527711405,0
2025-09-04 02:00:00,edge-2,51.86906064118133,85.54162124373275,77.64632132287493,20.539145737204272,0
2025-09-04 03:00:00,edge-2,75.85116135407448,68.22045335085161,55.87092940441885,18.243084704422856,0
2025-09-04 04:00:00,edge-2,68.02595046559327,35.933613412590454,137.90358269658162,10.905543023045736,0
2025-09-04 05:00:00,edge-2,51.19105722793577,44.24473919683453,118.24770549657231,17.09560342454989,0
2025-09-04 06:00:00,edge-2,53.21681131904051,64.62448418589041,120.0476489163249,23.51759381777021,0
2025-09-04 07:00:00,edge-2,39.47194244673547,73.59568386596511,74.65591004859772,18.95550228702042,0
2025-09-04 08:00:00,edge-2,47.4054268060257,50.24074287304597,107.05151035599238,18.36279686219147,0
2025-09-04 09:00:00,edge-2,54.64096681322923,76.5105081475815,46.48940295214076,15.346117274846176,0
2025-09-04 10:00:00,edge-2,62.759203843536916,24.144663417996448,94.80688076615226,16.949743154011916,0
2025-09-04 11:00:00,edge-2,61.238313453663785,39.15081977812426,10.0,27.0447405329098,0
2025-09-04 12:00:00,edge-2,33.36111416143234,18.71271980315835,37.275354434617796,14.30111371598946,0
2025-09-04 13:00:00,edge-2,64.65474096017947,42.05189714260614,87.10752622991954,23.60411548342615,0
2025-09-04 14:00:00,edge-2,48.668394809336704,90.1615436908819,195.00472585099726,20.235276104517624,0
2025-09-04 15:00:00,edge-2,35.195129664836934,100.0,27.970277063005426,21.22405331560701,0
2025-09-04 16:00:00,edge-2,70.04577106147883,64.69180936460886,50.256776298405484,16.33821859492691,0
2025-09-04 17:00:00,edge-2,71.9491849510693,47.23141585462891,108.6709918677124,18.241113169760414,0
2025-09-04 18:00:00,edge-2,53.95620473510991,55.56720198298113,170.77691624058411,19.971399099140214,0
2025-09-04 19:00:00,edge-2,60.631904028578525,69.46679781666045,108.08689987952293,17.39666517695402,0
2025-09-04 20:00:00,edge-2,61.51173813116648,28.740382967218352,128.08567409216624,21.657160520182746,0
2025-09-04 21:00:00,edge-2,70.93658229218377,48.5500164803759,86.4958499729409,22.287195080615355,0
2025-09-04 22:00:00,edge-2,60.92102788147588,88.69786148900498,79.57513644242493,30.863533118099603,0
2025-09-04 23:00:00,edge-2,30.084675838421468,39.08579861343275,103.28737408271026,21.390950146811857,0
2025-09-05 00:00:00,edge-2,80.14711623456691,45.019502014769145,73.66842437495583,10.438786722405812,0
2025-09-05 01:00:00,edge-2,65.98485334220064,60.26387311962881,128.97077354870981,25.8150954041934,0
2025-09-05 02:00:00,edge-2,42.35713692090853,65.66284519009419,35.749124042176646,18.980646791819037,0
2025-09-05 03:00:00,edge-2,34.55562391463886,47.499919076010556,135.59948130267335,30.059626814684272,0
2025-09-05 04:00:00,edge-2,57.57220145606126,61.53928766503911,101.57252049211009,27.35462226252654,0
2025-09-05 05:00:00,edge-2,45.82609942448631,72.15879067478879,91.41116525596546,17.47366308144217,0
2025-09-05 06:00:00,edge-2,54.94993030998439,99.22903647527295,34.28061759254314,23.609513919355877,0
2025-09-05 07:00:00,edge-2,61.151102619173955,57.47511241130438,60.80845312008521,17.03022426126056,0
2025-09-05 08:00:00,edge-2,41.50337168004807,59.174053693188746,147.94605892532715,20.01345413207347,0
2025-09-05 09:00:00,edge-2,33.258380109734944,90.54904691959021,91.65604007866538,23.37992407176977,0
2025-09-05 10:00:00,edge-2,55.78727701807967,49.01668283403809,111.13593863491285,25.56500103023255,0
2025-09-05 11:00:00,edge-2,41.9991821708454,33.51293934475638,64.81871946738613,24.4760291444312,0
2025-09-05 12:00:00,edge-2,52.19143678598597,65.00497951317925,98.83781455098196,20.374948159564138,0
2025-09-05 13:00:00,edge-2,29.85010344556603,81.52350050175829,45.11391807520083,32.41711950040608,0
2025-09-05 14:00:00,edge-2,46.217259132880436,67.22094270399371,103.99529017151549,18.174897967364554,0
2025-09-05 15:00:00,edge-2,60.72427836559995,58.05968684905508,114.82563589080819,11.963996841503512,0
2025-09-05 16:00:00,edge-2,59.08898761470195,31.032132537303223,112.82458908740071,12.926503523953377,0
2025-09-05 17:00:00,edge-2,38.17463043690097,58.83261509463254,63.85660678039353,27.370038650611715,0
2025-09-05 18:00:00,edge-2,32.47603446022923,84.66309852632673,86.31796063597994,19.61673540076598,0
2025-09-05 19:00:00,edge-2,50.236455346276884,35.31765836921557,121.48776583926525,20.79528749027046,0
2025-09-05 20:00:00,edge-2,58.41549195529113,55.10505652393457,91.54249618887606,17.287380600378317,0
2025-09-05 21:00:00,edge-2,56.077627102888265,52.25030535683278,88.5077847063956,17.73648760350405,0
2025-09-05 22:00:00,edge-2,42.31760233458035,46.045908587245094,176.13870434502226,16.064520695253528,0
2025-09-05 23:00:00,edge-2,54.46736663729905,64.95846009038011,61.960435245355015,22.355754066650444,0
2025-09-06 00:00:00,edge-2,72.53533206913993,68.86610482512015,143.2167387235593,19.513100412314497,0
2025-09-06 01:00:00,edge-2,53.07717030963541,68.65653809586874,53.812773459802784,22.175026889017005,0
2025-09-06 02:00:00,edge-2,25.5027809627207,40.4638047276975,126.19124343085659,21.697191926587415,0
2025-09-06 03:00:00,edge-2,53.048005071509635,27.080326113326343,128.32610232495892,17.870606331835518,0
2025-09-06 04:00:00,edge-2,80.65935456818914,65.24776873061457,79.58539379771817,12.706346873486062,0
2025-09-06 05:00:00,edge-2,30.689137803266068,49.881619170346966,51.30092588551575,12.271002020003213,0
2025-09-06 06:00:00,edge-2,50.44586992743533,96.76624759373571,21.182671847863304,35.133257958475326,0
2025-09-06 07:00:00,edge-2,46.604968504517984,97.69019392029892,75.39545964298657,27.390867222116547,0
2025-09-06 08:00:00,edge-2,51.43824438912596,99.8137958879208,121.04874591809295,26.70091283445607,0
2025-09-06 09:00:00,edge-2,52.913782297306575,41.19778197930574,56.89487371601686,16.626965965065523,0
2025-09-06 10:00:00,edge-2,67.09957979094386,71.38738173484187,103.87794323694912,20.0475486688156,0
2025-09-06 11:00:00,edge-2,51.27174929601216,77.41905034502969,40.942808083566185,15.923186038084147,0
2025-09-06 12:00:00,edge-2,69.1588933581807,75.16708467088804,90.64447231584144,13.439589524170547,0
2025-09-06 13:00:00,edge-2,48.235165118202765,52.91204111612283,54.118243832050766,17.056132398121495,0
2025-09-06 14:00:00,edge-2,44.7479483903805,85.58329805930651,96.88077992422292,26.630924817147893,0
2025-09-06 15:00:00,edge-2,39.96225525442091,60.00949972733046,79.95682121569871,24.20372683461985,0
2025-09-06 16:00:00,edge-2,22.743694563197707,62.56212249870879,52.385354550496004,15.149759991889892,0
2025-09-06 17:00:00,edge-2,54.1367211788876,29.24333096445713,73.64506088444237,18.425919749212625,0
2025-09-06 18:00:00,edge-2,80.81000432707764,72.89529939145977,62.633725510320275,23.745615859682903,0
2025-09-06 19:00:00,edge-2,56.87353215928792,54.79176572855178,47.443011990503486,17.145143024063312,0
2025-09-06 20:00:00,edge-2,60.30121031242519,69.2955772420105,143.3098330115767,20.397931224163653,0
2025-09-06 21:00:00,edge-2,43.80453012478317,64.70227399609236,85.59300542196301,22.009237235324058,0
2025-09-06 22:00:00,edge-2,46.33499913089494,63.618731533275415,11.910982037053387,21.954652759220654,0
2025-09-06 23:00:00,edge-2,64.76962232499893,59.08572855066632,75.06876769621257,21.27072713845143,0
2025-09-07 00:00:00,edge-2,80.1304046043473,75.73199469320907,136.58846855273057,16.73151413108745,0
2025-09-07 01:00:00,edge-2,72.31921903695229,56.022149262298676,69.54565466970494,17.245127062405924,0
2025-09-07 02:00:00,edge-2,62.078669445920326,30.896051610940333,159.90975512534516,14.331750742396874,0
2025-09-07 03:00:00,edge-2,50.527258690857636,71.37911212747868,65.73351780153644,12.19331703248864,0
2025-09-07 04:00:00,edge-2,53.14578371400985,43.81988950176723,120.1363222326582,19.426256291548857,0
2025-09-07 05:00:00,edge-2,38.69739020857618,33.514763146357204,141.46554338364047,24.081298072935958,0
2025-09-07 06:00:00,edge-2,28.277487180460145,39.555133317148034,118.00775889245733,13.098588029230266,0
2025-09-07 07:00:00,edge-2,33.098024633600886,65.66664758713841,45.02024101435878,21.364866220621288,0
2025-09-07 08:00:00,edge-2,50.747000517829065,58.069623938103,62.301256923137416,23.923156066916974,0
2025-09-07 09:00:00,edge-2,45.62011607859984,17.346339406543052,146.80283961546326,10.816331155893272,0
2025-09-07 10:00:00,edge-2,27.95837442920473,52.32688113894661,67.8155417467209,18.647094499318907,0
2025-09-07 11:00:00,edge-2,49.44014931425396,83.38462449949529,139.0270605560882,28.231051002291867,0
2025-09-07 12:00:00,edge-2,45.22354513301082,50.97408658133242,82.78861112740225,22.759705088786866,0
2025-09-07 13:00:00,edge-2,32.40726717073879,56.69046893144815,105.65749276876605,10.647714254688559,0
2025-09-07 14:00:00,edge-2,44.447314840698944,80.85982874654306,44.555708919161944,23.291697312058055,0
2025-09-07 15:00:00,edge-2,45.18570498925484,75.90978516409072,75.66929701150008,16.261316028858356,0
2025-09-07 16:00:00,edge-2,40.750442901133,80.43502175303422,64.98774478241113,23.456534650463798,0
2025-09-07 17:00:00,edge-2,63.90005247163909,4.548927798925945,109.02398602232694,16.54959116699613,0
2025-09-07 18:00:00,edge-2,21.45647656860032,94.67046076884222,103.7279031886353,19.734837777940175,0
2025-09-07 19:00:00,edge-2,20.213015139335432,72.72800870855858,118.50599584982537,17.31228615718525,0
2025-09-07 20:00:00,edge-2,50.04928676673638,100.0,80.37909987629308,20.01578861369253,0
2025-09-07 21:00:00,edge-2,51.44190784088459,44.35347938451432,62.79079714821687,17.163599130444943,0
2025-09-07 22:00:00,edge-2,56.0632270402846,24.730987887021797,107.30916342177231,18.88230879222761,0
2025-09-07 23:00:00,edge-2,41.91539737581359,60.14436913450353,58.81644387971862,14.121974958446613,0
2025-09-08 00:00:00,edge-2,36.231142923615025,54.49255340485678,143.13690105690353,22.45329797706996,0
2025-09-08 01:00:00,edge-2,49.89025800957579,73.07327967229642,95.4191045364355,20.876426043219624,0
2025-09-08 02:00:00,edge-2,43.37632796978006,81.49856689172711,86.95459561180176,11.917339129479243,0
2025-09-08 03:00:00,edge-2,73.26607106983542,58.254117102410056,118.48702491000844,24.964583301009636,0
2025-09-08 04:00:00,edge-2,45.13659125112213,55.185839083745485,96.94542002273134,19.11856020172752,0
2025-09-08 05:00:00,edge-2,49.20222272424383,70.45439639032254,33.677931326592145,20.80881198117955,0
2025-09-08 06:00:00,edge-2,87.13127209396913,54.87342668615005,57.54280402442266,23.822808360145928,0
2025-09-08 07:00:00,edge-2,47.0785965990397,53.20035798206425,142.3083481545846,21.64121121179992,0
2025-09-08 08:00:00,edge-2,58.34235297798636,80.74269877350572,103.35537391378331,25.826015792304496,0
2025-09-08 09:00:00,edge-2,59.6946415007953,85.19555713807145,32.73728790546235,18.533522388972944,0
2025-09-08 10:00:00,edge-2,60.97102465577322,81.67932487726188,114.08448266860665,25.172146931135195,0
2025-09-08 11:00:00,edge-2,54.342308981168784,56.63540574548949,77.62964720521005,20.614623089036606,0
2025-09-08 12:00:00,edge-2,52.90761191615764,17.204220244936337,65.02000189964872,22.53816712253346,0
2025-09-08 13:00:00,edge-2,51.505014347556745,57.03587827214304,54.20509097464616,22.01814586398952,0
2025-09-08 14:00:00,edge-2,41.3600914664934,44.84039974645903,139.99717885274748,26.20365162654763,0
2025-09-08 15:00:00,edge-2,54.88278204258903,57.40549961978824,21.380065119785996,23.607061867796467,0
2025-09-08 16:00:00,edge-2,80.42968756136888,46.57818214564782,66.4987170224204,17.785272598450767,0
2025-09-08 17:00:00,edge-2,68.16022863445336,59.58520289068796,104.8050706364497,16.79366478000076,0
2025-09-08 18:00:00,edge-2,54.55877033336955,39.21448741536871,163.13452275613986,19.751229262025838,0
2025-09-08 19:00:00,edge-2,62.837446971589856,34.385651265632426,122.15432785401276,16.199492794603763,0
2025-09-08 20:00:00,edge-2,36.96236136904022,84.45382965141783,66.1590153786879,14.739038993368265,0
2025-09-08 21:00:00,edge-2,46.09231768700422,40.606847732646926,161.1741381642726,9.359737653509793,0
2025-09-08 22:00:00,edge-2,64.21774766276083,60.00663250512707,45.7950640118011,12.253686210856447,0
2025-09-08 23:00:00,edge-2,72.30750790187287,79.0902969320567,110.61344661420618,29.927031805557622,0
2025-09-09 00:00:00,edge-2,38.43700741856933,78.28608252459145,119.5113858300886,16.717498751851114,0
2025-09-09 01:00:00,edge-2,42.74617535865264,75.89696409830702,64.75537667198236,29.517301499105727,0
2025-09-09 02:00:00,edge-2,82.72063690817805,66.0573302900307,127.90372207553015,22.0157730057779,0
2025-09-09 03:00:00,edge-2,51.443918746534585,74.48006617073699,79.44439484236162,19.751209891819475,0
2025-09-09 04:00:00,edge-2,77.35042959050568,87.46176265212308,127.80569710071858,12.496974415893831,0
2025-09-09 05:00:00,edge-2,53.102859759136884,68.50045187990747,26.416180296551644,20.023344477880244,0
2025-09-09 06:00:00,edge-2,53.692704234881525,23.255953063716326,113.39904360915499,29.46091883484115,0
2025-09-09 07:00:00,edge-2,45.41763668510154,49.42933587699807,83.5157330922558,27.788183720083694,0
2025-09-09 08:00:00,edge-2,64.13832712265344,73.92740143444175,145.98815131871288,21.371193263487896,0
2025-09-09 09:00:00,edge-2,70.36666325456,47.45808132581192,98.24077080916199,14.256658170474921,0
2025-09-09 10:00:00,edge-2,34.47496654788699,92.40212278917288,149.96918134880477,15.214173273754238,0
2025-09-09 11:00:00,edge-2,44.713241716693446,58.73640343667137,120.30451060132208,15.737040783037699,0
2025-09-09 12:00:00,edge-2,63.72617786561331,61.70497542718873,94.89966163807371,26.390774636813504,0
2025-09-09 13:00:00,edge-2,48.05677043323508,82.49488397803471,131.5067723845718,28.158602180543795,0
2025-09-09 14:00:00,edge-2,42.599217972001846,56.343002053814146,131.76233858108486,20.97946417483793,0
2025-09-09 15:00:00,edge-2,65.14313230804103,63.52554071456372,118.87640017964856,18.48459782238423,0
2025-09-09 16:00:00,edge-2,66.55179807068767,77.98246967998224,10.0,27.743552483304917,0
2025-09-09 17:00:00,edge-2,43.25536863991792,30.554587683326275,60.69758036942409,15.107132295675225,0
2025-09-09 18:00:00,edge-2,53.185497919819184,54.294036752249006,155.36423386023694,20.259116638001828,0
2025-09-09 19:00:00,edge-2,31.872878061436506,76.58306590758241,49.76216578258936,22.31482999773065,0
2025-09-09 20:00:00,edge-2,36.56778634281952,61.31200296685188,135.29844600263226,15.685996964118003,0
2025-09-09 21:00:00,edge-2,51.8624784820007,89.3466762415496,128.25810627118676,16.820428893043463,0
2025-09-09 22:00:00,edge-2,50.47110181369765,28.481532836261636,70.96990553671883,16.431312104061984,0
2025-09-09 23:00:00,edge-2,35.496858624040485,26.199964641077337,20.19073491533102,27.083634279940426,0
2025-09-10 00:00:00,edge-2,39.26039112911637,75.39373033245435,77.24349608208294,29.57183638528544,0
2025-09-10 01:00:00,edge-2,34.02433445066661,77.3161442986555,183.12060174532044,20.573962651182804,0
2025-09-10 02:00:00,edge-2,56.82589785369816,56.13499986336333,65.46890831162582,18.658907064786064,0
2025-09-10 03:00:00,edge-2,20.485412049621498,68.00788800091449,68.22970621602919,17.00079462503352,0
2025-09-10 04:00:00,edge-2,34.82634155659706,74.90413955262814,60.09670358760693,20.008731567251644,0
2025-09-10 05:00:00,edge-2,22.055876782515185,43.72273588296507,148.59137906198077,17.24889124281605,0
2025-09-10 06:00:00,edge-2,56.28530905786971,45.86303249901402,90.28337153499575,19.514848788223897,0
2025-09-10 07:00:00,edge-2,22.958996749179477,63.79452358397273,74.96375084203444,22.066164115019617,0
2025-09-10 08:00:00,edge-2,50.4759379780331,78.0817791978744,156.53896068781404,17.973435286048158,0
2025-09-10 09:00:00,edge-2,74.59286023621135,36.680861472840306,123.17976351742146,19.052059686929514,0
2025-09-10 10:00:00,edge-2,75.10150971906353,56.04104736129961,63.22839033158962,19.072727574638478,0
2025-09-10 11:00:00,edge-2,22.911386462317683,55.11526736591122,51.05664355752879,18.412182826369307,0
2025-09-10 12:00:00,edge-2,54.47614402446433,68.35918210085528,146.32679859519894,17.792760614918944,0
2025-09-10 13:00:00,edge-2,35.16543055429318,59.826032599823314,100.67152654966864,23.81098301468403,0
2025-09-10 14:00:00,edge-2,32.10295946434613,49.08232832394281,38.03743920575549,11.146319855117788,0
2025-09-10 15:00:00,edge-2,48.29795068414889,84.97131561514811,28.675372524258037,27.871399295006317,0
2025-09-10 16:00:00,edge-2,68.42436735399689,49.2148503675836,55.358451392009655,20.677647316014987,0
2025-09-10 17:00:00,edge-2,58.99488311330537,54.158072739570926,50.4206164758788,23.050087879932576,0
2025-09-10 18:00:00,edge-2,39.27288607275679,28.17004728160753,18.156921163942542,23.625388915744377,0
2025-09-10 19:00:00,edge-2,60.57550996115004,45.7274824630821,56.019720534060156,16.459704199847145,0
2025-09-10 20:00:00,edge-2,16.34437502177481,70.321521526781,63.23677753424585,15.428207219103792,0
2025-09-10 21:00:00,edge-2,38.70581302350139,66.4120391270972,81.49274846461718,14.838653576730865,0
2025-09-10 22:00:00,edge-2,37.64162682948124,71.99033980131523,167.7164018051085,18.764659850857058,0
2025-09-10 23:00:00,edge-2,51.17481037608397,71.01964571891341,89.32626911606904,23.496023457755143,0
2025-09-11 00:00:00,edge-2,46.95758054510001,100.0,93.29700649023142,17.08118987389588,0
2025-09-11 01:00:00,edge-2,47.87793359570173,45.0428234510618,120.3702145519577,23.039658200891523,0
2025-09-11 02:00:00,edge-2,47.37920704840792,27.611525131304234,90.5072771573376,8.160393905694006,0
2025-09-11 03:00:00,edge-2,50.336108614836306,38.98894007856953,116.00611855546833,18.07216399012375,0
2025-09-11 04:00:00,edge-2,58.101964504373356,45.926963283368174,111.22459507806933,25.83568683805781,0
2025-09-11 05:00:00,edge-2,52.23996539153574,40.51346126766178,104.90354262396974,19.14514355483532,0
2025-07-13 06:00:00,edge-3,69.96472166071527,82.53335245583668,111.98368537802547,21.597674873712442,0
2025-07-13 07:00:00,edge-3,26.1788800828608,85.25899971541392,89.92085524460774,18.966166662344186,0
2025-07-13 08:00:00,edge-3,90.32168349294383,70.58355614846371,61.66245147732041,15.374418628476292,0
2025-07-13 09:00:00,edge-3,44.40094307366946,84.92729418952399,80.9676573785901,9.691118487784687,0
2025-07-13 10:00:00,edge-3,60.60776034911039,60.14674151662246,83.67012366042536,17.34285656963658,0
2025-07-13 11:00:00,edge-3,62.99409367919768,100.0,76.27003230473142,17.430584093830067,0
2025-07-13 12:00:00,edge-3,42.53964904436847,74.92330466985814,63.26649009035815,25.55868329424228,0
2025-07-13 13:00:00,edge-3,62.28545135088581,41.988968807526135,116.0630635008818,16.08572180859937,0
2025-07-13 14:00:00,edge-3,63.065047648718576,61.39213417488278,167.8655871256894,22.26385306781896,0
2025-07-13 15:00:00,edge-3,39.302832484313484,56.94995947569864,137.33027072921035,13.538800982791024,0
2025-07-13 16:00:00,edge-3,39.48049663727161,54.99151883124678,87.10319766918707,22.40124097041794,0
2025-07-13 17:00:00,edge-3,50.67960235227114,26.857215442015857,140.56115390402837,8.811498239076661,0
2025-07-13 18:00:00,edge-3,48.26759078471997,67.7372908888692,113.86603467355529,30.476480889653473,0
2025-07-13 19:00:00,edge-3,70.89695143774301,32.28494042118895,98.3718259625263,19.29466236601074,0
2025-07-13 20:00:00,edge-3,60.54002277417618,9.49185438955233,95.87509097410383,6.027496378004958,0
2025-07-13 21:00:00,edge-3,48.943646458053635,53.11972717753392,92.00239448046945,16.411252622200617,0
2025-07-13 22:00:00,edge-3,59.0911693806151,44.882126932155245,126.0426449094908,15.62168883457067,0
2025-07-13 23:00:00,edge-3,19.30020383304963,42.769259747288935,105.58680329105685,16.720909340668495,0
2025-07-14 00:00:00,edge-3,40.77033539552387,0.0,70.8630880969204,18.176793021005786,0
2025-07-14 01:00:00,edge-3,54.31731512478332,42.98314248093903,68.92591563598593,16.68691423337204,0
2025-07-14 02:00:00,edge-3,66.73048252838676,56.52716269654595,112.23615925126673,15.917939614658938,0
2025-07-14 03:00:00,edge-3,52.99654001983691,47.31692119807813,117.14604862733101,14.206585240005783,0
2025-07-14 04:00:00,edge-3,71.87358499966484,67.74687352506663,87.47469422732863,24.108947119665437,0
2025-07-14 05:00:00,edge-3,63.01909787037896,87.85321296951125,54.71977509015023,26.005678076181233,0
2025-07-14 06:00:00,edge-3,42.67505863892983,70.3273488051035,150.03860468340528,18.72713088381856,0
2025-07-14 07:00:00,edge-3,47.89954031069346,80.5278858820397,141.54418438108402,19.91181674983862,0
2025-07-14 08:00:00,edge-3,56.126325293578574,82.18253379296897,20.504939961060074,14.36834569903711,0
2025-07-14 09:00:00,edge-3,43.27046670715454,39.62278465866575,153.5833169325412,20.355103491682126,0
2025-07-14 10:00:00,edge-3,72.9693526687489,68.7822938537239,91.64096810667944,21.149818810769098,0
2025-07-14 11:00:00,edge-3,33.36910798561566,79.90314706730932,107.5994832010857,18.90300695143088,0
2025-07-14 12:00:00,edge-3,54.741596756365794,51.28079043903041,145.52892240210508,21.98037488884724,0
2025-07-14 13:00:00,edge-3,61.031702204075856,44.187466999394175,166.10155146516215,21.543543910255124,0
2025-07-14 14:00:00,edge-3,45.29829515808346,70.60812918432886,140.1146114018212,14.729303054547103,0
2025-07-14 15:00:00,edge-3,41.91801001026127,30.367422564246418,109.64121995802236,25.965237568644785,1
2025-07-14 16:00:00,edge-3,48.858780553250014,38.23990833867414,44.974372547880066,18.961768700852122,0
2025-07-14 17:00:00,edge-3,62.179977691777616,46.66487304833133,18.950727040610474,28.377858009584926,0
2025-07-14 18:00:00,edge-3,42.502280037082194,69.01028426261416,135.12635756098015,22.102102947096128,0
2025-07-14 19:00:00,edge-3,33.96618219636062,64.37825043111329,153.68121382977907,29.854665651859165,0
2025-07-14 20:00:00,edge-3,67.2587716548954,80.64741759104264,67.41420556647807,25.87634584653223,0
2025-07-14 21:00:00,edge-3,55.989447094033814,41.56259891273163,89.2088014104508,21.135948140704308,0
2025-07-14 22:00:00,edge-3,65.11786145734276,40.490540574649835,77.7093644645818,16.38446566690188,0
2025-07-14 23:00:00,edge-3,61.38997596901161,70.47823937499328,76.64399706043986,16.492162626152524,0
2025-07-15 00:00:00,edge-3,82.69833962422948,44.026661917859286,142.9984473556786,22.665171424912607,0
2025-07-15 01:00:00,edge-3,66.72458053409818,47.929921690111584,108.7349253101457,20.71563041895459,0
2025-07-15 02:00:00,edge-3,39.13880657187769,22.864703214965026,90.83286754417324,17.05486882004457,0
2025-07-15 03:00:00,edge-3,57.05401950847374,65.81692002827175,206.3008008204149,24.16529973805021,0
2025-07-15 04:00:00,edge-3,41.63766918434682,90.82580943632337,42.62316403969759,20.193856651780163,0
2025-07-15 05:00:00,edge-3,43.1881075424325,39.4142216739924,121.91644325983142,24.19504907650363,0
2025-07-15 06:00:00,edge-3,28.81249399077052,80.43407223440227,58.0408685931122,15.122649666492212,0
2025-07-15 07:00:00,edge-3,45.708302272001916,58.81202838020097,93.70252512023035,24.99735834004084,0
2025-07-15 08:00:00,edge-3,58.1755143280205,24.691707231799377,105.94553537850692,22.504977846736402,0
2025-07-15 09:00:00,edge-3,49.009674422993896,42.10546288743744,133.78382878540367,25.987848322309517,0
2025-07-15 10:00:00,edge-3,33.50947395126963,40.87065334392456,89.5527241935591,24.887152503581692,0
2025-07-15 11:00:00,edge-3,27.15471001297528,53.669444297187475,85.32207608812632,19.575232996460436,0
2025-07-15 12:00:00,edge-3,81.6776890322085,68.39028576893409,88.83659608745968,19.173127296783424,0
2025-07-15 13:00:00,edge-3,54.877411295622494,96.97845674482863,56.801892547952974,28.91515496295471,0
2025-07-15 14:00:00,edge-3,37.63896245600171,31.377084101630274,125.29239208366747,18.547157653090206,0
2025-07-15 15:00:00,edge-3,56.92675189554315,50.30445206160024,111.25337483127633,23.74216849418922,0
2025-07-15 16:00:00,edge-3,82.8377911670913,42.08038294178577,117.406746852602,18.09306503905129,0
2025-07-15 17:00:00,edge-3,59.30693539468842,34.640410770214054,97.21827989867677,10.690584599311755,0
2025-07-15 18:00:00,edge-3,8.19398196457201,61.90895373219131,92.28488160439628,13.863304510970234,0
2025-07-15 19:00:00,edge-3,89.78437531980414,60.029599823736945,147.02401352923405,22.02960442430992,0
2025-07-15 20:00:00,edge-3,22.261302795644337,23.723953058342623,140.87145880628063,23.50565849802552,0
2025-07-15 21:00:00,edge-3,46.909820819347516,60.3630105589093,156.5920234473755,22.046067046100802,0
2025-07-15 22:00:00,edge-3,32.99893549950724,35.892080141777214,114.90377405983482,25.729747506967513,0
2025-07-15 23:00:00,edge-3,38.8999683504018,60.23655438269952,154.10656378621678,21.956300776170643,0
2025-07-16 00:00:00,edge-3,54.26614527473956,85.3899298641218,83.35669441118344,16.123826468329575,0
2025-07-16 01:00:00,edge-3,18.934647368020862,69.26135922151877,91.96592855434675,22.97151090736882,0
2025-07-16 02:00:00,edge-3,48.646316217656164,63.550341888141794,147.80403014727847,20.848039804649815,0
2025-07-16 03:00:00,edge-3,67.21013634112042,49.42468485193226,133.73686153040956,17.122209975252304,0
2025-07-16 04:00:00,edge-3,37.351395131186734,61.33735301689549,88.38198372340413,22.362596507334306,0
2025-07-16 05:00:00,edge-3,29.145724100867664,71.26508444494965,58.14967055921157,20.39685083008723,0
2025-07-16 06:00:00,edge-3,47.91042346766387,69.28332685616819,91.84143172030109,16.974997245563262,0
2025-07-16 07:00:00,edge-3,44.924877649229366,58.015624723729125,72.60526234891861,19.110671132185097,0
2025-07-16 08:00:00,edge-3,41.071584944982966,64.34752647877832,168.98013929954698,27.067835677710704,0
2025-07-16 09:00:00,edge-3,32.17480885823579,33.668763599158396,130.40162574079002,26.904439080348237,0
2025-07-16 10:00:00,edge-3,57.78776871779183,45.31326450444524,69.36309690452937,20.940720696352706,0
2025-07-16 11:00:00,edge-3,58.92895267162596,74.15119505091971,58.2003615733995,20.28633578943643,0
2025-07-16 12:00:00,edge-3,34.01529898315269,76.84065902748415,68.86746904861778,12.834770063680796,0
2025-07-16 13:00:00,edge-3,36.0911953309436,61.87197181678724,77.64699046134663,28.59682556683142,0
2025-07-16 14:00:00,edge-3,52.04737991008588,89.57931468730303,93.33198424811222,25.181709436839835,0
2025-07-16 15:00:00,edge-3,35.525425128684994,70.16038832922735,144.5818596352355,23.759757853521634,0
2025-07-16 16:00:00,edge-3,52.679929740451826,55.337449642738704,61.33932434587986,8.626346414546804,0
2025-07-16 17:00:00,edge-3,72.02069792924094,35.604944939188854,191.58148979386198,20.204613253278982,0
2025-07-16 18:00:00,edge-3,49.10265978157529,88.7746650005783,62.267990526853815,19.36435645840456,0
2025-07-16 19:00:00,edge-3,31.795754488411376,75.40634914309155,43.63809075621604,23.414077191502994,0
2025-07-16 20:00:00,edge-3,55.881552459826224,95.96622845861036,167.53219301293882,17.74484593227102,0
2025-07-16 21:00:00,edge-3,47.335179057205764,100.0,152.85022399347824,18.841448917732404,0
2025-07-16 22:00:00,edge-3,47.74764443763029,34.26119386434479,92.70604808974859,23.097064694773515,0
2025-07-16 23:00:00,edge-3,57.12984309318183,34.313325117456294,115.25329260498106,16.132108164556605,0
2025-07-17 00:00:00,edge-3,60.36556104167489,2.736001748618655,116.26276476408056,17.1297865829534,0
2025-07-17 01:00:00,edge-3,50.53253248209957,78.36724274059512,105.46849714974235,20.966633198804807,0
2025-07-17 02:00:00,edge-3,49.08979524936075,73.12965374975198,48.14081846118108,26.692428516747867,0
2025-07-17 03:00:00,edge-3,80.95312235710085,61.95558000251693,10.0,24.042348686116735,0
2025-07-17 04:00:00,edge-3,68.00830998360946,35.47733537913198,66.21095270706331,25.37702034466249,0
2025-07-17 05:00:00,edge-3,62.50319177097752,58.21932621750457,172.6461764548379,20.316584031076452,0
2025-07-17 06:00:00,edge-3,51.968089188202946,63.69410990015411,174.21654010906624,27.475390118914873,0
2025-07-17 07:00:00,edge-3,34.91385146157539,75.6545133375834,89.52652142030765,11.294087877493453,0
2025-07-17 08:00:00,edge-3,66.91079578900991,65.45973828930572,61.68143109905314,30.111196092006736,0
2025-07-17 09:00:00,edge-3,52.16441220077032,73.27602589982332,111.12484878917522,30.75879487590018,0
2025-07-17 10:00:00,edge-3,41.342464792653,57.517382601719035,117.55924781868103,22.283081747684452,0
2025-07-17 11:00:00,edge-3,46.35289319618458,83.62963787850504,124.02878077176231,24.161313187177562,0
2025-07-17 12:00:00,edge-3,35.50726150642778,72.63460154886883,10.0,19.81000067997361,0
2025-07-17 13:00:00,edge-3,65.85993564478792,36.26133858598351,226.3102473530065,18.95215818463332,0
2025-07-17 14:00:00,edge-3,60.24555624682679,87.78440735312483,145.29898672174528,16.945648123178312,0
2025-07-17 15:00:00,edge-3,52.724486922925266,84.51143045430273,92.08545185041334,19.754939918677884,0
2025-07-17 16:00:00,edge-3,49.35821639562095,69.30949474105884,71.26089479356587,22.779667378028517,0
2025-07-17 17:00:00,edge-3,39.78996684125236,65.6143540997493,139.4922277631842,22.09941923581711,0
2025-07-17 18:00:00,edge-3,18.048910343622193,93.1722313775665,119.81578460138165,29.93301535845619,0
2025-07-17 19:00:00,edge-3,28.806096550099,27.333742674558515,103.68589952138045,20.50137272901276,0
2025-07-17 20:00:00,edge-3,38.86031990721065,84.82449048119301,118.33338534563246,12.555857193274846,0
2025-07-17 21:00:00,edge-3,36.605504269792206,50.47586602851298,95.49121583101542,28.22155310611708,0
2025-07-17 22:00:00,edge-3,54.34040936924098,81.90354892820771,116.07449062869208,13.895228608701155,0
2025-07-17 23:00:00,edge-3,62.172406129599814,62.40751694338086,129.05451403814016,17.20304537247288,0
2025-07-18 00:00:00,edge-3,48.07341171648447,35.14147953183524,113.73267496328108,21.358715706754516,0
2025-07-18 01:00:00,edge-3,71.13375402682152,50.06960379928617,111.63687593287676,22.085875411316124,0
2025-07-18 02:00:00,edge-3,38.25653420620054,80.4345814633193,155.71440532844724,12.772808405347238,0
2025-07-18 03:00:00,edge-3,47.96694309877583,55.79584237360253,36.115715223261745,16.2676388181319,0
2025-07-18 04:00:00,edge-3,49.23519231083606,47.5702917056379,68.08470885766278,12.596087693637326,0
2025-07-18 05:00:00,edge-3,66.38279493251628,47.436558844099594,101.0624274392409,23.1085653166128,0
2025-07-18 06:00:00,edge-3,51.58830623123268,72.84494844467581,70.80529668283036,25.91689942351443,0
2025-07-18 07:00:00,edge-3,52.003533718371926,95.01270060279927,84.15869847024236,13.89080977876743,0
2025-07-18 08:00:00,edge-3,25.177353274881177,17.182332587274367,151.50967131560176,24.978299765239328,0
2025-07-18 09:00:00,edge-3,36.50139936183868,100.0,94.041161041691,24.653893721623312,0
2025-07-18 10:00:00,edge-3,66.43928410546374,64.07492457952263,26.83155889144105,16.704646050442484,0
2025-07-18 11:00:00,edge-3,18.869866046042244,71.60448270597655,83.06633082662884,10.087104820660866,0
2025-07-18 12:00:00,edge-3,70.14488978645942,51.27476505705187,102.32452696535488,14.643719904026355,0
2025-07-18 13:00:00,edge-3,57.49496733431346,59.92969750286346,101.58758129825307,17.02371206545604,0
2025-07-18 14:00:00,edge-3,38.78718007454367,63.850260242622156,122.24149765385658,27.70835423404597,0
2025-07-18 15:00:00,edge-3,37.51926535389069,39.01808015325929,118.97554299021895,19.408487124918896,0
2025-07-18 16:00:00,edge-3,78.4393294977246,43.886371234849406,94.44695605896057,14.96586012004848,0
2025-07-18 17:00:00,edge-3,71.17108709719132,83.69135081782507,52.27840967018267,20.739242774759703,0
2025-07-18 18:00:00,edge-3,48.208388426847534,28.953063092815576,82.3544299344975,13.523261645672088,0
2025-07-18 19:00:00,edge-3,52.01887594178569,68.82078206627081,75.08893773512807,22.571700251031746,0
2025-07-18 20:00:00,edge-3,40.30727958634591,52.58966181261631,88.59584789254976,15.11167970364118,0
2025-07-18 21:00:00,edge-3,52.02175966739158,40.78585701048849,127.64674141031549,15.83738129904712,0
2025-07-18 22:00:00,edge-3,39.89144467146057,99.43863703938801,116.16410998255009,21.87746024215946,0
2025-07-18 23:00:00,edge-3,48.821854637387304,40.90994877477124,132.96022854966742,28.751168414011097,0
2025-07-19 00:00:00,edge-3,77.15494069647113,37.39796000531057,84.63667185588824,30.988937801179482,0
2025-07-19 01:00:00,edge-3,48.56578930174361,56.26054592958928,160.33443073138932,14.800672471102288,0
2025-07-19 02:00:00,edge-3,34.2796717808956,44.62882731795797,126.9135405038688,17.016968366423406,0
2025-07-19 03:00:00,edge-3,29.504419280225388,60.127613139890975,104.48938727367829,22.577661425186793,0
2025-07-19 04:00:00,edge-3,51.906766360467195,63.107985933027805,124.13386337511878,25.843946741543526,0
2025-07-19 05:00:00,edge-3,38.58657268260814,64.69316131269854,72.96958341475874,9.179581552061384,0
2025-07-19 06:00:00,edge-3,53.69904712973805,57.522183055128735,15.649831361583153,20.436684094531497,0
2025-07-19 07:00:00,edge-3,25.707453603071805,45.9567659381555,75.73214523720887,17.564285117180525,0
2025-07-19 08:00:00,edge-3,60.35375201863823,72.86806085358661,129.89827828968674,10.379894004848445,0
2025-07-19 09:00:00,edge-3,34.09752692310492,57.76614466991712,103.20864158755855,13.314161100038149,0
2025-07-19 10:00:00,edge-3,50.69445888916008,50.08765375890043,94.52662109288507,17.161127701795266,0
2025-07-19 11:00:00,edge-3,44.925451738400426,89.59987398195045,66.08639716889088,20.294075099912277,0
2025-07-19 12:00:00,edge-3,75.77583443418305,57.57376079217098,21.766966963338575,25.040514301320723,0
2025-07-19 13:00:00,edge-3,52.57233760144291,81.83973202993181,156.9938248325916,21.771740575410323,0
2025-07-19 14:00:00,edge-3,79.18207922171891,84.53676894218782,91.68421032753571,24.737697185838265,0
2025-07-19 15:00:00,edge-3,58.411136000936295,85.75345670851586,82.81848072411236,20.133621679236313,0
2025-07-19 16:00:00,edge-3,71.38108883468718,73.823156162222,73.13414931632511,16.475270265315007,0
2025-07-19 17:00:00,edge-3,46.86802690365619,59.98733006248471,150.18089910506518,19.08125023064713,0
2025-07-19 18:00:00,edge-3,55.18254574235483,58.719166186979486,135.25403249517538,23.477586737346055,0
2025-07-19 19:00:00,edge-3,68.27965383528434,55.117597630334224,61.31042143156185,25.162810846633917,0
2025-07-19 20:00:00,edge-3,63.574399228760726,16.662086599737485,146.5817186017414,19.260626577780766,0
2025-07-19 21:00:00,edge-3,57.96489917276853,74.37613611495725,94.19718324314931,15.354423688084808,0
2025-07-19 22:00:00,edge-3,45.08097750818408,64.88931132770158,75.5783124805109,21.67829079743618,0
2025-07-19 23:00:00,edge-3,47.61835259289919,76.51048532417255,88.25550452809799,22.389904819211104,0
2025-07-20 00:00:00,edge-3,67.06492927405034,57.65996897056072,68.66810997940412,26.163595430265588,0
2025-07-20 01:00:00,edge-3,70.1886687309821,73.2965032390705,47.16491589004839,16.606185635201975,0
2025-07-20 02:00:00,edge-3,41.1070590608049,32.44985874277111,131.04523862034358,16.661013728671566,0
2025-07-20 03:00:00,edge-3,38.84361538467545,36.6146878147686,91.17180563874128,23.780800987697877,0
2025-07-20 04:00:00,edge-3,36.43799317594675,10.47576800557237,124.68838134581082,17.962832144954454,0
2025-07-20 05:00:00,edge-3,62.445509235952336,57.31301608336748,111.48853324518186,17.75157908660448,0
2025-07-20 06:00:00,edge-3,36.057874669062215,44.549488244428,121.94164445412959,26.270699350701218,0
2025-07-20 07:00:00,edge-3,62.26405109032621,41.9323624965916,18.16052778371653,13.144971968594136,0
2025-07-20 08:00:00,edge-3,58.1853551468152,66.69304755930615,65.32959002571931,30.281015698877557,0
2025-07-20 09:00:00,edge-3,41.823622334513296,51.489856116047434,122.77459021607393,16.936822934460864,0
2025-07-20 10:00:00,edge-3,73.457889707769,31.338179863926747,49.00677223456128,24.33364201400356,0
2025-07-20 11:00:00,edge-3,28.0661163784816,100.0,114.92260335248926,19.456001690373128,0
2025-07-20 12:00:00,edge-3,74.8929889963784,59.25978759023848,44.371816799257005,21.35681142436068,0
2025-07-20 13:00:00,edge-3,54.78328796368245,38.33673894128608,100.65775933978777,18.68606750119119,0
2025-07-20 14:00:00,edge-3,18.898004650119624,46.603290781339005,164.39961575744226,24.28288326016487,0
2025-07-20 15:00:00,edge-3,73.8781945373242,56.53714061981592,130.98400461326497,18.263380629902166,0
2025-07-20 16:00:00,edge-3,64.58318756329983,56.495080754855984,25.97036210237063,17.135267640774494,0
2025-07-20 17:00:00,edge-3,43.57682474880443,86.04328546091752,133.9348561726474,29.06670912934996,0
2025-07-20 18:00:00,edge-3,35.529191521379055,58.41140084735585,172.8895290691833,20.14691348506846,0
2025-07-20 19:00:00,edge-3,26.46399884242422,97.10416343736505,211.88064040646958,16.621522194902298,0
2025-07-20 20:00:00,edge-3,86.23169242715586,51.35154111975788,119.00302949874757,12.548567050440507,0
2025-07-20 21:00:00,edge-3,36.14927188757234,68.52872080519785,45.423203044585804,29.3278901551799,0
2025-07-20 22:00:00,edge-3,31.046171569986114,80.43960388655661,117.38711912097718,17.240373117723742,0
2025-07-20 23:00:00,edge-3,54.018786865252245,83.90304609423356,163.84134393365858,30.309191192505736,0
2025-07-21 00:00:00,edge-3,25.43159799858327,86.23744434857626,92.51647280998786,21.99427175706441,0
2025-07-21 01:00:00,edge-3,35.276774023331654,54.55976518239731,141.72435691530234,20.714426001512255,0
2025-07-21 02:00:00,edge-3,64.92453791240703,59.89021479450162,66.41588004489248,20.84921906163999,0
2025-07-21 03:00:00,edge-3,56.963158922290695,10.411548668726489,114.89413012507403,31.079754696383475,0
2025-07-21 04:00:00,edge-3,44.204450603909265,56.07979922798879,10.0,9.038907152895693,0
2025-07-21 05:00:00,edge-3,50.27460009397069,81.82508355859963,61.98658472653128,21.071707597537525,0
2025-07-21 06:00:00,edge-3,43.36294204699995,77.93672959711765,99.75517410872575,18.673981962349714,0
2025-07-21 07:00:00,edge-3,49.070032859464405,58.27025757979837,85.46573077694256,18.934533074584685,0
2025-07-21 08:00:00,edge-3,38.57282926160522,93.98278885859915,47.97530022897014,20.746559260709518,0
2025-07-21 09:00:00,edge-3,41.29641020708859,52.31989431310386,80.01375207660176,18.668729252519366,0
2025-07-21 10:00:00,edge-3,40.83982793681851,45.67720351960201,113.18620193871988,20.94065333594153,0
2025-07-21 11:00:00,edge-3,39.11208722216368,50.636765295472614,96.55089651559125,19.88211268922473,0
2025-07-21 12:00:00,edge-3,65.65866494624723,37.55069950327769,102.43750279483476,13.432209109076755,0
2025-07-21 13:00:00,edge-3,61.55176088019579,72.44790063407073,129.27875212342954,21.906830189054396,0
2025-07-21 14:00:00,edge-3,36.01455097413576,65.76963623217219,86.27349197067014,23.580272258497903,0
2025-07-21 15:00:00,edge-3,32.084093111861435,72.19958892746104,154.3671153220766,17.289671912459582,0
2025-07-21 16:00:00,edge-3,47.64085035304076,51.712576961375774,60.429157355943495,29.339480391120354,0
2025-07-21 17:00:00,edge-3,82.3293139743432,58.83854041321493,177.12010212238076,26.67785872832047,0
2025-07-21 18:00:00,edge-3,34.584421944551785,16.43162553182185,144.5215452197705,24.219761495855856,0
2025-07-21 19:00:00,edge-3,47.5816341544394,67.52451102622095,85.76008877951112,24.15910372014007,0
2025-07-21 20:00:00,edge-3,51.33080620576493,61.97682910119299,88.42725183075677,20.150484763049437,0
2025-07-21 21:00:00,edge-3,48.37036738932275,37.989446770130705,108.26942366446944,25.706860523672102,0
2025-07-21 22:00:00,edge-3,43.12685188670767,57.906849358268055,123.94683719487907,27.85377306031051,0
2025-07-21 23:00:00,edge-3,67.32619958297832,54.84301395859666,143.78193100933828,24.040120064059742,0
2025-07-22 00:00:00,edge-3,56.816879344151815,95.28623870014985,46.37635007939667,17.148583290938173,0
2025-07-22 01:00:00,edge-3,62.68707985617613,38.77746063744391,117.49770488244988,19.801592808566998,0
2025-07-22 02:00:00,edge-3,58.84069924499496,66.62852357733405,15.3394299014914,22.86835016488045,0
2025-07-22 03:00:00,edge-3,63.4092248270898,38.184632946432785,92.90798056658066,24.18872452023072,0
2025-07-22 04:00:00,edge-3,73.76608749461094,48.84253111859459,158.15650015149834,19.612613927282247,0
2025-07-22 05:00:00,edge-3,69.96565950182502,65.5363790738446,43.29563871126006,17.16595726446464,0
2025-07-22 06:00:00,edge-3,84.87205939393871,55.77274018273777,36.0304885587335,27.92103493688916,0
2025-07-22 07:00:00,edge-3,68.26011922110789,59.88018287572887,108.83180398191904,14.638401427405212,0
2025-07-22 08:00:00,edge-3,39.9582983520874,66.65444216463939,155.49716656690407,15.293341221835409,0
2025-07-22 09:00:00,edge-3,62.70968062708744,50.126208576028844,113.01581804341288,13.36436095249293,0
2025-07-22 10:00:00,edge-3,60.65652768476893,77.6829306963088,23.815284124737957,15.28224590187838,0
2025-07-22 11:00:00,edge-3,78.80442357848283,53.8904051352479,32.674863478149035,26.236724385595018,0
2025-07-22 12:00:00,edge-3,35.492622249855664,58.04889076894857,103.90985731717677,26.404163782566016,0
2025-07-22 13:00:00,edge-3,58.36926622089405,67.2262254917571,52.830303228169306,19.62977232767415,0
2025-07-22 14:00:00,edge-3,39.783944828495635,64.5400040232967,105.46745175622624,22.4815719777839,0
2025-07-22 15:00:00,edge-3,57.68817656150202,72.88455849085706,107.83980453067757,19.94747711188042,0
2025-07-22 16:00:00,edge-3,46.77880003100421,66.3392880296941,80.40969957369157,14.040115870235224,0
2025-07-22 17:00:00,edge-3,57.192032062863326,69.38061323112349,172.59017175795253,31.090535038372167,0
2025-07-22 18:00:00,edge-3,28.84492720877864,53.49254971669716,123.61868819737168,26.873699825349885,0
2025-07-22 19:00:00,edge-3,61.89839722333846,38.62457803828959,148.46363515176705,21.77209702664854,0
2025-07-22 20:00:00,edge-3,53.0908927277915,31.447221944942797,136.8232703308649,15.720550388038651,0
2025-07-22 21:00:00,edge-3,52.28289322657857,26.58579704715401,93.99705752200529,18.875328114151102,0
2025-07-22 22:00:00,edge-3,79.25342449770994,95.25453435458552,92.22210994642607,16.537872242900157,0
2025-07-22 23:00:00,edge-3,44.26274902598265,15.744531782117484,88.09519852684917,20.487911204642344,0
2025-07-23 00:00:00,edge-3,55.13398137157972,83.87446997954204,127.24409010000976,21.549615872996743,0
2025-07-23 01:00:00,edge-3,51.50406048558882,43.58261977405054,73.98539290512545,18.294372530948188,0
2025-07-23 02:00:00,edge-3,52.97058740361099,83.72881944239609,169.00131768138272,12.72793623546499,0
2025-07-23 03:00:00,edge-3,83.32705856964168,15.949199441691,70.16522785310428,30.660294928579418,0
2025-07-23 04:00:00,edge-3,50.95710638620623,55.29812196233435,108.57900289188115,21.187633734156755,0
2025-07-23 05:00:00,edge-3,41.49080300767606,89.08048806050536,90.83676751816205,22.282960000972135,0
2025-07-23 06:00:00,edge-3,78.06354193170831,74.26419126951163,81.96826742453894,17.88795306962507,0
2025-07-23 07:00:00,edge-3,45.384668518415566,53.25469078618416,186.8938740985445,12.189944423353932,0
2025-07-23 08:00:00,edge-3,25.922327791864173,21.140453969430368,82.43782634350147,19.583497345510818,0
2025-07-23 09:00:00,edge-3,38.88734440356723,33.550229556981364,87.81115276030295,18.3838899550655,0
2025-07-23 10:00:00,edge-3,31.301187589357163,87.78294193118758,73.4346560617644,23.547671903597887,0
2025-07-23 11:00:00,edge-3,23.00051800528323,53.03517597492549,101.64162462755692,24.53038786688085,0
2025-07-23 12:00:00,edge-3,44.55477493447798,58.56351793173121,95.94774530629225,23.825147398546854,0
2025-07-23 13:00:00,edge-3,48.946760520898515,65.67070209405261,55.22987477182782,24.941361679585746,0
2025-07-23 14:00:00,edge-3,67.7079187269336,33.94322173824888,83.02520542609375,29.01832903738299,0
2025-07-23 15:00:00,edge-3,59.44102418093098,68.14580359680357,124.38746171135847,21.94925869767778,0
2025-07-23 16:00:00,edge-3,58.75751462193,51.60769038661988,141.07947397687815,25.496079104049173,0
2025-07-23 17:00:00,edge-3,36.601849922034205,65.87405571151082,100.9600245186192,22.46930286917864,0
2025-07-23 18:00:00,edge-3,63.273998929461726,48.43898158925931,102.35979162612837,10.499823000110414,0
2025-07-23 19:00:00,edge-3,70.86849254598103,28.53767879877686,85.56019712938894,19.227398586561456,0
2025-07-23 20:00:00,edge-3,55.918563373192406,51.45254936375966,79.90233192168468,15.661442465481082,0
2025-07-23 21:00:00,edge-3,56.33776304446888,72.81555234216003,63.2170788047079,21.157166653521802,0
2025-07-23 22:00:00,edge-3,31.02961550450032,67.88120178154071,37.73402183044195,16.044949203431816,0
2025-07-23 23:00:00,edge-3,65.8165371140799,60.618617346694535,71.90213303573853,23.028404450151683,0
2025-07-24 00:00:00,edge-3,76.7124582314213,77.96263706020686,136.16211469362054,24.905140490697974,0
2025-07-24 01:00:00,edge-3,54.844285985702555,55.92811974911547,83.02332229211291,26.017850230100795,0
2025-07-24 02:00:00,edge-3,41.08464082448773,61.12552628030435,86.15925265223832,28.096307807621336,0
2025-07-24 03:00:00,edge-3,47.57007716018236,50.40466240612549,85.38059201141411,11.619879579645536,0
2025-07-24 04:00:00,edge-3,43.693689274811184,79.1323595350691,149.78830663330936,14.004999825265909,0
2025-07-24 05:00:00,edge-3,44.593255202595586,65.83057095443529,62.864697178746496,34.63907593116559,0
2025-07-24 06:00:00,edge-3,59.719745955410886,48.86083779653256,111.08213353559974,25.04761859929772,0
2025-07-24 07:00:00,edge-3,54.19196167505513,30.219405069443912,97.26135465719344,21.12223985523506,0
2025-07-24 08:00:00,edge-3,65.05904908957054,82.09922549796653,102.71707300379074,20.160187551559478,0
2025-07-24 09:00:00,edge-3,55.563538171673315,45.1186989763072,109.77401628465802,19.715699264525405,0
2025-07-24 10:00:00,edge-3,37.03868039032726,61.44128704979094,102.28659761072281,10.3312672123229,0
2025-07-24 11:00:00,edge-3,42.48961964225914,100.0,131.72087546603677,16.13835447688254,0
2025-07-24 12:00:00,edge-3,41.557383908182146,76.03019083466617,98.82970688148285,19.440762027476705,0
2025-07-24 13:00:00,edge-3,47.202948850723224,92.22299177653983,169.7750557370279,16.420700622698067,0
2025-07-24 14:00:00,edge-3,76.92070537121882,49.23750374917702,101.77919755867384,17.074320047252925,0
2025-07-24 15:00:00,edge-3,79.32349387471442,81.41952793640414,31.86132469598921,32.793657109903094,0
2025-07-24 16:00:00,edge-3,62.54901800669879,60.53337985903782,125.53241432574927,18.741734792167996,0
2025-07-24 17:00:00,edge-3,51.78145695250427,67.32033841537164,115.68387221039127,21.390600041333656,0
2025-07-24 18:00:00,edge-3,29.575216707434077,100.0,101.30180127047697,21.21268142501861,0
2025-07-24 19:00:00,edge-3,53.30012458595125,54.427083517005876,89.61714737515422,22.947297493115418,0
2025-07-24 20:00:00,edge-3,38.1498905534442,60.38508907353073,15.41523734160856,17.61358617064949,0
2025-07-24 21:00:00,edge-3,74.4578284484888,41.93570696984075,22.126237509372984,26.23490624019341,0
2025-07-24 22:00:00,edge-3,25.90841465314266,77.76937111816153,165.90076881989924,22.217810968033678,0
2025-07-24 23:00:00,edge-3,55.76726499995176,48.787462034267286,76.57989587602452,13.564178131376668,0
2025-07-25 00:00:00,edge-3,36.886409335244466,80.45420831637757,138.62481710208834,19.46248000385186,0
2025-07-25 01:00:00,edge-3,49.85727221774792,27.00173516510298,35.878669070381534,19.139258396641047,0
2025-07-25 02:00:00,edge-3,59.99102285466585,70.97276143667214,58.125668185269376,18.909172723346884,0
2025-07-25 03:00:00,edge-3,65.32953033173146,47.126133878738884,127.14563787526863,22.54648401111542,0
2025-07-25 04:00:00,edge-3,49.08964698602628,74.61035278660421,95.89995857205469,23.173625945896102,0
2025-07-25 05:00:00,edge-3,61.41824825272293,59.72881654291543,121.50668687957516,22.583265414069928,0
2025-07-25 06:00:00,edge-3,40.062948520818466,49.29322170263417,99.45469736280769,21.694576790387817,0
2025-07-25 07:00:00,edge-3,53.683075771598304,52.2688076624801,91.69312143973565,20.428188538280875,0
2025-07-25 08:00:00,edge-3,65.03311121656797,42.992233998827196,72.79824687300439,9.243964979438463,0
2025-07-25 09:00:00,edge-3,54.98149217209982,76.75575510641718,52.239893762799966,23.889463144690865,0
2025-07-25 10:00:00,edge-3,42.059844554400414,39.02725301149171,156.10805158929995,22.441770475532383,0
2025-07-25 11:00:00,edge-3,45.81436448654851,54.65842722534405,162.69236424519525,15.076193616643796,0
2025-07-25 12:00:00,edge-3,65.2348409382191,66.90479159404947,58.45188181023264,21.402911391983206,0
2025-07-25 13:00:00,edge-3,33.62233074607764,92.26989050897038,55.83683591972207,23.239692405401115,0
2025-07-25 14:00:00,edge-3,35.83527298988821,59.814027982163715,86.0890743031163,25.856235326125304,0
2025-07-25 15:00:00,edge-3,59.02383139717604,55.14978826923119,113.61740059452609,22.551507215869435,0
2025-07-25 16:00:00,edge-3,43.412846081873035,65.47269730232055,92.72727168173323,21.608009034081835,0
2025-07-25 17:00:00,edge-3,28.204127054754665,18.530715686511414,119.98080260990885,24.733861587503714,0
2025-07-25 18:00:00,edge-3,70.26228000562865,36.02708598618561,98.03004209554537,18.46729989902942,0
2025-07-25 19:00:00,edge-3,33.50599568180139,52.492670022430985,95.41475434203066,22.060016097975264,0
2025-07-25 20:00:00,edge-3,47.00854980020542,45.740616985346946,196.52314947079475,16.894434028980886,0
2025-07-25 21:00:00,edge-3,40.70719034469353,27.983334215131755,78.99186993618773,25.551483538106517,0
2025-07-25 22:00:00,edge-3,45.53474771689669,77.1555730233517,165.59787571298187,11.95144442871664,0
2025-07-25 23:00:00,edge-3,36.7307081352299,65.19513459114644,157.87452270723455,24.083685870751623,0
2025-07-26 00:00:00,edge-3,60.71418856540194,62.80530494565016,120.16374026338596,20.088544809240037,0
2025-07-26 01:00:00,edge-3,51.662352864603676,46.12017697691253,22.95472654201899,24.826936653631464,0
2025-07-26 02:00:00,edge-3,64.75480392816337,61.587859293273304,101.24229961451847,16.09727814804351,0
2025-07-26 03:00:00,edge-3,40.862476826874165,70.28898918882119,79.41220970417812,20.44991789408148,0
2025-07-26 04:00:00,edge-3,81.99532654923817,54.70207892193439,100.80362765761895,20.30315044865639,0
2025-07-26 05:00:00,edge-3,21.430268217440833,68.89144478480729,57.481328304484705,22.16941780025228,0
2025-07-26 06:00:00,edge-3,26.22297638116559,44.078790363497696,130.2503179620021,14.762190246760097,0
2025-07-26 07:00:00,edge-3,76.29627271574643,61.94970625979427,139.39940108444262,23.18107544042177,0
2025-07-26 08:00:00,edge-3,57.11062501169577,82.849965658522,146.80097208267767,10.770529359638216,0
2025-07-26 09:00:00,edge-3,55.120791245841126,84.64039407152079,84.71285134461864,16.66078971441318,0
2025-07-26 10:00:00,edge-3,56.469129609770164,86.55177609899324,57.622995918129064,12.186349964304005,0
2025-07-26 11:00:00,edge-3,58.56810905225674,65.71136830865834,114.06725665883138,24.141096998428132,0
2025-07-26 12:00:00,edge-3,54.49651580650926,60.632279097154914,170.24297288594965,22.00065388754518,0
2025-07-26 13:00:00,edge-3,35.511432625623414,51.02422167681171,102.77558538454136,22.280193234493684,0
2025-07-26 14:00:00,edge-3,62.272863576091865,23.850304869651666,118.091883444484,27.365946981242796,0
2025-07-26 15:00:00,edge-3,59.91017317307348,33.102006071990154,90.60306216472009,18.42029165419099,0
2025-07-26 16:00:00,edge-3,71.42646720109745,56.638900560694815,79.86119176416949,23.047928407063303,0
2025-07-26 17:00:00,edge-3,76.46361615351748,57.83423101743139,126.33103754417995,20.330111735882376,0
2025-07-26 18:00:00,edge-3,54.95714119464893,88.24446057612984,95.75732930644537,19.56882722665696,0
2025-07-26 19:00:00,edge-3,31.58676473551725,86.29598258751251,116.1409164611732,26.53312916039448,0
2025-07-26 20:00:00,edge-3,76.58784396803205,46.27027717026831,120.30027429108111,30.409396817010204,0
2025-07-26 21:00:00,edge-3,34.72775097495588,76.36651430178037,113.90067356555633,17.84266668568293,0
2025-07-26 22:00:00,edge-3,55.069462905085715,50.45862270852179,122.3142127755096,24.168597957599417,0
2025-07-26 23:00:00,edge-3,46.14899110368717,73.65232686007602,65.87977068959634,21.595584563234056,0
2025-07-27 00:00:00,edge-3,43.54061974722811,76.1203545621349,63.43882574612674,21.65556211225221,0
2025-07-27 01:00:00,edge-3,61.464501822972764,84.84185624295475,98.29513573570975,21.23588864516744,0
2025-07-27 02:00:00,edge-3,53.666893989019485,50.14713290434606,99.2575471895501,18.33461004269421,0
2025-07-27 03:00:00,edge-3,57.69862236902196,80.28607374361847,79.10708693121485,2.075097195391489,0
2025-07-27 04:00:00,edge-3,37.76470564754945,22.54371927757456,109.64001185658702,27.674046622992442,0
2025-07-27 05:00:00,edge-3,47.38887551938009,85.92431363077723,136.3286972333616,16.526337061638003,0
2025-07-27 06:00:00,edge-3,38.456975302389495,59.499665543629675,147.50047496613945,18.79221427524696,0
2025-07-27 07:00:00,edge-3,47.013926180338025,59.92544004028605,156.49047490588623,18.89853549990956,0
2025-07-27 08:00:00,edge-3,48.21856662698886,19.251269886190947,47.4079334777126,16.080983033733112,0
2025-07-27 09:00:00,edge-3,77.66456259807194,52.22668225505238,53.48005705166298,21.20120070997811,0
2025-07-27 10:00:00,edge-3,46.10917228296889,87.10958799227102,88.41418426233415,19.778437822889575,0
2025-07-27 11:00:00,edge-3,18.11602513204031,51.465962165943715,103.21146164029506,16.41732010585231,1
2025-07-27 12:00:00,edge-3,70.9263730598118,74.26925521950417,90.46327984572045,20.746510083256776,0
2025-07-27 13:00:00,edge-3,56.73889061039035,60.69110255428218,77.89442679269803,19.83476653520818,0
2025-07-27 14:00:00,edge-3,48.03484348169916,81.25338279199397,87.82327039210512,24.63919285644051,0
2025-07-27 15:00:00,edge-3,43.44176949708358,63.83001930408249,119.33255289730012,13.298086061591336,0
2025-07-27 16:00:00,edge-3,35.796115159146716,41.36376937803796,46.815102128318706,15.973053395541084,0
2025-07-27 17:00:00,edge-3,79.07072145629738,61.129013596978865,193.7342869034841,23.626488054187025,0
2025-07-27 18:00:00,edge-3,50.77767332990055,92.02433807402426,100.83974173537197,16.801285282758883,0
2025-07-27 19:00:00,edge-3,23.93373284777788,69.95290156072403,142.033895769149,15.482988687274583,0
2025-07-27 20:00:00,edge-3,54.91610049927863,57.67107385412671,76.7998042014197,17.048545294956945,0
2025-07-27 21:00:00,edge-3,68.09257553052261,100.0,122.97398370099074,19.495106416553085,0
2025-07-27 22:00:00,edge-3,52.34652002530246,83.18431405122442,104.00364291314303,19.51410531966479,1
2025-07-27 23:00:00,edge-3,36.4760979170703,76.3346783079692,134.27233575553174,18.950207819488334,0
2025-07-28 00:00:00,edge-3,35.13388570963014,66.3468493048875,92.05412328704992,14.857174257756752,0
2025-07-28 01:00:00,edge-3,36.24021608421147,74.60547669502215,162.06254268358714,23.86579463626766,0
2025-07-28 02:00:00,edge-3,72.82486995570427,75.25464146365681,40.31776610051824,26.63109881128839,0
2025-07-28 03:00:00,edge-3,48.92503917144763,16.343693088957245,137.97495320792092,10.447856568066346,0
2025-07-28 04:00:00,edge-3,24.819133779820547,67.89872425658898,104.74879022132193,12.232296912882369,0
2025-07-28 05:00:00,edge-3,55.76200888766696,56.78388281328683,59.26693206508226,25.014284873874935,0
2025-07-28 06:00:00,edge-3,52.11555178360328,50.00447453726849,178.0826348018844,27.848981703128693,0
2025-07-28 07:00:00,edge-3,43.266567996750034,56.09125439911524,173.94790906270316,9.354105141476317,0
2025-07-28 08:00:00,edge-3,34.693898658667834,28.883026263555976,17.045170207061787,24.07718250639417,0
2025-07-28 09:00:00,edge-3,34.04157650340687,23.907797999256417,107.07137549383299,28.189399432243896,0
2025-07-28 10:00:00,edge-3,66.29950723199508,84.93004834896993,128.22650218922945,15.687938670835942,0
2025-07-28 11:00:00,edge-3,53.71269283707646,69.24315639417853,117.66819233271261,27.898339134466053,0
2025-07-28 12:00:00,edge-3,57.17965496992676,11.739757455754415,160.62118433113733,19.11002859559997,0
2025-07-28 13:00:00,edge-3,53.6713821437018,48.472309171965186,152.30530830058458,21.573185452865598,0
2025-07-28 14:00:00,edge-3,54.91533057367733,77.61103466793061,110.60749425268727,16.403833427264555,0
2025-07-28 15:00:00,edge-3,42.97408004857638,54.399712525587375,191.08414449646546,25.005142630106945,0
2025-07-28 16:00:00,edge-3,46.912559682788356,84.90009907596723,137.4738609083031,24.172260588077336,0
2025-07-28 17:00:00,edge-3,67.47367708137564,80.99503598553268,85.94342019288311,28.623546778649118,0
2025-07-28 18:00:00,edge-3,71.21885251728668,32.86577581378573,77.90609620686594,27.203036845551125,0
2025-07-28 19:00:00,edge-3,31.668620183603743,57.13351802302336,149.73366011894433,19.954249778913823,0
2025-07-28 20:00:00,edge-3,46.87611750338326,51.03821150382592,68.28183093878232,35.541893075909485,0
2025-07-28 21:00:00,edge-3,62.58928038490497,32.21523411295799,83.6104688216609,26.7539632423685,0
2025-07-28 22:00:00,edge-3,78.23119598323595,30.91451350289457,90.41712434180607,22.702580175228285,0
2025-07-28 23:00:00,edge-3,76.72939371996125,43.87956907516545,114.22613573104603,15.01422801173194,0
2025-07-29 00:00:00,edge-3,38.0636327758025,47.181491809747236,92.26166548153672,12.349836353861825,0
2025-07-29 01:00:00,edge-3,69.12569177308738,65.66459554486725,47.32116414079446,12.774860714616697,0
2025-07-29 02:00:00,edge-3,50.87954453160525,80.8842694642884,146.48318951963054,15.331672565377271,0
2025-07-29 03:00:00,edge-3,65.66624958313608,70.2728991162474,83.8240540485954,26.88651327945114,0
2025-07-29 04:00:00,edge-3,61.8241802123193,75.00744480561647,180.79741075197967,22.435444566687615,0
2025-07-29 05:00:00,edge-3,31.040539361528552,54.66764357059265,112.15960029039357,16.93313408315771,0
2025-07-29 06:00:00,edge-3,58.249609349407635,72.0600039322578,150.68829937608638,19.320654945516463,0
2025-07-29 07:00:00,edge-3,65.08544886753933,57.032500368194775,125.23446056723171,18.71126798536057,0
2025-07-29 08:00:00,edge-3,49.69767117458252,51.17055233494435,152.60225085826505,24.000253352618316,0
2025-07-29 09:00:00,edge-3,46.30525359040069,97.94201897791251,122.81355985057729,15.60601118782085,0
2025-07-29 10:00:00,edge-3,26.425041323403676,13.39048086905003,109.40675335967225,21.748431930581212,0
2025-07-29 11:00:00,edge-3,60.25426274826401,22.533914053852783,143.72936367426067,21.5004288797335,0
2025-07-29 12:00:00,edge-3,53.13122551720866,67.65399508267208,199.4388845836821,15.75565994923544,0
2025-07-29 13:00:00,edge-3,36.167241279348715,54.700353029351,89.20812245580498,27.940030146051743,0
2025-07-29 14:00:00,edge-3,45.112400046854,31.260312996661554,131.79707950900055,18.52214396738436,0
2025-07-29 15:00:00,edge-3,52.31754873691659,38.90778097672464,99.79020309959405,15.03624937721882,0
2025-07-29 16:00:00,edge-3,41.620463164209944,41.511884062764366,120.24236081972138,24.264399897600967,0
2025-07-29 17:00:00,edge-3,50.04015691264837,77.84673074261828,101.68634230306135,20.272477885773213,0
2025-07-29 18:00:00,edge-3,23.751010291948262,84.24820862128878,13.690284571583874,22.042141563295274,0
2025-07-29 19:00:00,edge-3,70.24132545277934,92.79125130461236,91.99253129047293,14.0766009990423,0
2025-07-29 20:00:00,edge-3,50.23863927449427,28.21977555581324,139.98220291234136,24.06208125820986,0
2025-07-29 21:00:00,edge-3,33.509697402645344,32.65752934976936,69.39173506925718,30.86214182262277,0
2025-07-29 22:00:00,edge-3,13.10436727418476,31.287470509989546,136.8378577228617,13.685831351077685,0
2025-07-29 23:00:00,edge-3,65.43702411550089,85.77714011540019,107.34436657561379,21.771044029947642,0
2025-07-30 00:00:00,edge-3,58.37137329085463,68.34448908839059,92.34037876583163,16.073451523249936,0
2025-07-30 01:00:00,edge-3,53.16028570203577,61.60398432939443,136.2326154113347,33.448030297987316,0
2025-07-30 02:00:00,edge-3,62.95472001896906,64.59257387694895,127.24126174257046,26.19816239075125,0
2025-07-30 03:00:00,edge-3,62.91347594445067,58.86443445722513,116.82188284792142,21.41053671514985,0
2025-07-30 04:00:00,edge-3,52.916571050802986,37.5771590518699,140.63600811121657,13.860662620652898,0
2025-07-30 05:00:00,edge-3,46.18678674113274,70.26345579569809,108.12393278354322,15.06971962611871,0
2025-07-30 06:00:00,edge-3,43.742876020771135,56.27722988692627,34.21335868043904,23.731372528408944,0
2025-07-30 07:00:00,edge-3,56.31413035857799,35.99356973041414,84.87516507470723,13.187539011412547,0
2025-07-30 08:00:00,edge-3,70.95547062319024,71.48570890716115,27.823903088805366,13.34443077628966,0
2025-07-30 09:00:00,edge-3,48.45645243026044,51.484247274548245,126.29459304834535,20.04415632583939,0
2025-07-30 10:00:00,edge-3,72.14716108875083,64.54966973682754,135.84799357171872,20.667083347717874,0
2025-07-30 11:00:00,edge-3,55.59728710178618,57.5004167740395,137.66808968532166,21.900157035971468,0
2025-07-30 12:00:00,edge-3,55.710364527749924,77.82757544449618,119.56378796919216,17.802373510914432,0
2025-07-30 13:00:00,edge-3,86.0766420098596,64.40325948457883,138.71700517557196,24.600732730655427,0
2025-07-30 14:00:00,edge-3,74.79017324327648,42.32599650286389,36.935866469301565,15.690926435117866,0
2025-07-30 15:00:00,edge-3,75.17913866582322,66.44006447077064,95.69732312822849,23.133221767782207,0
2025-07-30 16:00:00,edge-3,38.03579512449713,67.09377448946124,43.4033604476714,21.070603393340626,0
2025-07-30 17:00:00,edge-3,82.88273753234435,70.22665948077746,85.66681548776444,23.003245428142662,0
2025-07-30 18:00:00,edge-3,48.76674808820065,80.71748509463825,164.6500694373103,25.90999025962769,0
2025-07-30 19:00:00,edge-3,46.587632303697404,47.68034429645654,143.72948729418775,17.723338274475594,0
2025-07-30 20:00:00,edge-3,17.611273798801413,73.35871334361065,126.49141625897687,16.694612340902857,0
2025-07-30 21:00:00,edge-3,54.89436236830734,25.5036552431839,92.73519085597428,11.558031219242084,0
2025-07-30 22:00:00,edge-3,33.74969062846041,57.60030369423387,60.25620862217673,9.904989520385818,0
2025-07-30 23:00:00,edge-3,56.12380742820486,54.50680230384715,107.48110735137716,19.12012920965261,0
2025-07-31 00:00:00,edge-3,32.57652300143462,88.95690440360559,144.42703327289226,19.46238559565193,0
2025-07-31 01:00:00,edge-3,76.96549756692207,56.87329142047029,116.39485957036936,14.569584380280867,0
2025-07-31 02:00:00,edge-3,58.27360944315093,72.15977556343219,36.57236843261752,15.644501500657793,0
2025-07-31 03:00:00,edge-3,84.19807363624365,24.76442754254886,104.18443588463342,27.617269286479644,0
2025-07-31 04:00:00,edge-3,34.65463952761231,52.964840706228365,23.466872317346073,24.379198901514066,0
2025-07-31 05:00:00,edge-3,73.23768867061963,43.072802651328416,132.1673533242403,13.691965626391884,0
2025-07-31 06:00:00,edge-3,22.959313744507597,100.0,72.2796900773314,17.788259744405476,0
2025-07-31 07:00:00,edge-3,53.12113214711441,46.66406485757285,51.075144005882684,22.030013458282017,0
2025-07-31 08:00:00,edge-3,40.525653200870735,61.46558145322904,132.71722650928814,16.867744878197293,0
2025-07-31 09:00:00,edge-3,43.280651971244644,62.531516045503395,122.37511348735946,15.956523422972838,0
2025-07-31 10:00:00,edge-3,42.25255373136757,28.210434181266933,109.29595849656843,18.308771081087343,0
2025-07-31 11:00:00,edge-3,36.27925721973006,49.47929178913772,187.66831788604205,25.45330442666237,0
2025-07-31 12:00:00,edge-3,31.10467540023961,68.09533025298511,125.39999345023824,25.907006512593696,0
2025-07-31 13:00:00,edge-3,43.363597896027954,61.714445504825704,74.20172280290532,16.32276591103865,0
2025-07-31 14:00:00,edge-3,51.74042595930307,13.991780559841267,120.76815469939767,22.302755473171555,0
2025-07-31 15:00:00,edge-3,67.45541534939028,48.660171109907985,88.55690626414228,19.967941235611246,0
2025-07-31 16:00:00,edge-3,54.43025594931581,80.41643322893785,150.6703528758801,14.958822537569747,0
2025-07-31 17:00:00,edge-3,67.4981030194158,71.7644585462587,111.23908827321712,18.514627433749784,0
2025-07-31 18:00:00,edge-3,27.827346920643496,84.36066703650408,115.19693147201794,13.678829060011804,0
2025-07-31 19:00:00,edge-3,43.50545891436887,40.28705325153418,42.30526359218824,25.815276185765477,0
2025-07-31 20:00:00,edge-3,60.66507378704637,85.61859070558116,102.45406478011809,27.762360213276516,0
2025-07-31 21:00:00,edge-3,55.14786133687038,59.111879034216365,97.74936582938963,17.947134592129547,0
2025-07-31 22:00:00,edge-3,37.082373280112336,91.84445001877879,59.031461791577954,16.754603437278433,0
2025-07-31 23:00:00,edge-3,64.01103338248853,60.06608868167547,91.1399405444462,25.27297218824288,0
2025-08-01 00:00:00,edge-3,42.03090227071278,19.050490145713738,117.43009774336313,26.08074470490009,0
2025-08-01 01:00:00,edge-3,38.33954657909419,76.98509142614287,99.82601602623947,14.427942990537424,0
2025-08-01 02:00:00,edge-3,57.30421640745212,51.12972644050715,43.51601233663865,19.25977665623675,0
2025-08-01 03:00:00,edge-3,50.09254048001354,52.47540777263033,89.07132667212227,19.70530806064383,0
2025-08-01 04:00:00,edge-3,42.15631497457085,30.93807137860461,81.27900843840503,16.146118631725404,0
2025-08-01 05:00:00,edge-3,41.64697212129342,92.44398998012086,107.74054092124732,21.92990847043724,0
2025-08-01 06:00:00,edge-3,33.95304800289953,49.57797652394305,103.4213024757769,16.500273324580245,0
2025-08-01 07:00:00,edge-3,44.06377630911703,91.5007154982504,83.53547751552613,17.298696273218123,0
2025-08-01 08:00:00,edge-3,66.50014153231153,51.37513676814294,81.97346226306595,19.493286350824796,0
2025-08-01 09:00:00,edge-3,53.66825694482247,41.44509595701444,102.68890351937999,12.554688588873205,0
2025-08-01 10:00:00,edge-3,64.37891121166018,86.39058348059628,138.5190701994625,9.717733650116786,0
2025-08-01 11:00:00,edge-3,57.74102806512052,58.53330501999541,111.14562090832743,24.591361833191634,0
2025-08-01 12:00:00,edge-3,40.81630689542271,58.72855985289688,156.92277301162855,16.298384554440766,0
2025-08-01 13:00:00,edge-3,25.262880878236352,34.3674811943376,145.32763915367562,30.674320415125194,0
2025-08-01 14:00:00,edge-3,36.09718452944307,50.847532906074875,159.8672998483661,29.859189625418303,0
2025-08-01 15:00:00,edge-3,39.9314628335372,68.57391647261997,154.74510607212224,17.46760689140472,0
2025-08-01 16:00:00,edge-3,38.771256945625105,34.01640012482295,162.5179806696289,31.695264977913133,0
2025-08-01 17:00:00,edge-3,64.71529890289581,49.21824611656366,53.87428758115064,24.687872646937883,0
2025-08-01 18:00:00,edge-3,64.55882700274553,51.59107125185085,125.89705111641874,16.77343098528462,0
2025-08-01 19:00:00,edge-3,83.17819460414968,61.32881609427996,148.73282211455586,7.090801300938628,0
2025-08-01 20:00:00,edge-3,38.54418243211422,89.59119291276528,155.96109287426475,23.440775688001633,0
2025-08-01 21:00:00,edge-3,73.96172459096623,54.00093734034032,69.17124747944189,20.156479374405727,0
2025-08-01 22:00:00,edge-3,73.86900808496195,46.189986751748755,126.29522099725752,22.156807928718493,0
2025-08-01 23:00:00,edge-3,46.51604362941704,100.0,103.00812259801677,18.855819117477754,0
2025-08-02 00:00:00,edge-3,57.10333095410352,51.3362929295314,173.88240932030448,14.280715347005678,0
2025-08-02 01:00:00,edge-3,68.61099873711817,56.186836776616076,44.50833502422198,17.86486667789413,0
2025-08-02 02:00:00,edge-3,49.116130660066084,52.84307261617935,69.22841674308538,23.5331864297252,0
2025-08-02 03:00:00,edge-3,47.95412334178036,54.46461797780745,27.574647001506193,18.228123163128945,0
2025-08-02 04:00:00,edge-3,40.58993868323822,61.55509726031922,105.7846514813233,18.197910713286962,0
2025-08-02 05:00:00,edge-3,14.599422220054556,78.41592955186549,190.55361077078607,12.403064559711769,0
2025-08-02 06:00:00,edge-3,51.057074247327186,68.07975446546811,98.22633525866831,20.456002408891376,0
2025-08-02 07:00:00,edge-3,39.3519600881986,81.54191126732842,104.04133290097016,14.440340292562352,0
2025-08-02 08:00:00,edge-3,33.869770645747586,80.88057349214867,122.00955082492818,24.592630998490563,0
2025-08-02 09:00:00,edge-3,56.33287475216472,64.17104211231752,95.34838059970836,16.32949549884909,0
2025-08-02 10:00:00,edge-3,28.23031638768353,67.5262394012755,114.64104076576321,18.521479547521217,0
2025-08-02 11:00:00,edge-3,62.091198369209266,82.17473352537246,115.68846677311257,30.81991782872186,0
2025-08-02 12:00:00,edge-3,57.25398972890782,37.77580143995035,66.17773391625893,18.46712888649706,0
2025-08-02 13:00:00,edge-3,43.99710182454122,100.0,96.23813153801326,17.79712591933462,0
2025-08-02 14:00:00,edge-3,49.050346207333114,49.74829738944786,129.67731705960983,22.928109929494653,0
2025-08-02 15:00:00,edge-3,32.14668358768637,52.980701568620475,137.1430446625238,11.073690988871736,0
2025-08-02 16:00:00,edge-3,61.25507905048064,35.76198050652469,151.940066247771,26.25404660889263,0
2025-08-02 17:00:00,edge-3,52.81046361576898,36.35698384091204,113.41744267131176,24.969700217277975,0
2025-08-02 18:00:00,edge-3,53.92774931884316,79.48068137779472,114.23142844977762,22.622258724373626,0
2025-08-02 19:00:00,edge-3,57.528355695096955,100.0,130.007394608585,3.114512532618452,0
2025-08-02 20:00:00,edge-3,40.36376879162414,48.655197783833046,76.20919145714768,18.702941507621116,0
2025-08-02 21:00:00,edge-3,27.21412587618599,66.94633056255036,74.56883792043351,13.635668869973335,0
2025-08-02 22:00:00,edge-3,64.35977562368946,64.40333191424327,95.00808569382406,25.6205339197977,0
2025-08-02 23:00:00,edge-3,60.330776204186115,80.00489124833517,48.999292017835856,25.262805436280058,0
2025-08-03 00:00:00,edge-3,41.969617950935984,100.0,116.27603086799635,21.940049449153868,0
2025-08-03 01:00:00,edge-3,56.1366529869506,90.41946835963172,141.96328144673055,13.984444014299935,0
2025-08-03 02:00:00,edge-3,68.86960158076926,55.22681438038505,71.59825420646584,27.47147105262465,0
2025-08-03 03:00:00,edge-3,67.0805120462591,70.5753527141927,117.40596759541084,18.688694304902562,0
2025-08-03 04:00:00,edge-3,41.53161745352006,72.56115685484454,74.83475796232027,29.026855334502827,0
2025-08-03 05:00:00,edge-3,27.668584318486232,59.59818737664761,59.33697992020296,21.32693533431324,0
2025-08-03 06:00:00,edge-3,30.2417729060487,38.08127733006538,182.22244175038668,22.53404009458324,0
2025-08-03 07:00:00,edge-3,45.32410980567333,44.024475628739566,59.91067455931031,17.69847807718735,0
2025-08-03 08:00:00,edge-3,71.93475699930738,82.9630530185843,48.8272272764862,27.034777888909044,0
2025-08-03 09:00:00,edge-3,39.07331881787948,85.02615991644099,108.58861588221251,23.042169421468042,0
2025-08-03 10:00:00,edge-3,41.05508220485967,55.84865270321627,110.74085913843065,27.214458462573106,0
2025-08-03 11:00:00,edge-3,40.74633352822523,65.22110788120176,126.68928564759763,20.8877059927352,0
2025-08-03 12:00:00,edge-3,42.02403805566999,83.94527642659287,180.04912214039626,19.764806703721003,0
2025-08-03 13:00:00,edge-3,49.83159733870059,25.914622559334035,68.91480739221478,22.975650814494056,0
2025-08-03 14:00:00,edge-3,30.799247381723667,51.07295138322287,76.86252648104399,27.21270254545604,0
2025-08-03 15:00:00,edge-3,66.26539934490427,100.0,164.35221989227426,25.08367153619586,0
2025-08-03 16:00:00,edge-3,47.827683829855296,65.98615432406635,137.56495062023137,20.691119035771365,0
2025-08-03 17:00:00,edge-3,87.18701862088002,37.415678305931316,132.00325351046928,10.7139074618605,0
2025-08-03 18:00:00,edge-3,32.39643502174978,62.34564587147429,76.40525217970725,24.051930196856617,0
2025-08-03 19:00:00,edge-3,73.84799257737362,80.42871184536553,145.03552881649009,12.806476012730041,0
2025-08-03 20:00:00,edge-3,70.8701809697973,9.069341253428362,132.12731280724142,20.175028780761693,0
2025-08-03 21:00:00,edge-3,43.824739867315266,63.525716343821856,107.58149072477462,19.421169063147126,0
2025-08-03 22:00:00,edge-3,44.074090797321986,52.551708908150246,76.60288759066032,12.911157584671933,0
2025-08-03 23:00:00,edge-3,36.180532758051555,27.16003747126105,104.26782217553782,21.862515449369166,0
2025-08-04 00:00:00,edge-3,36.352678621406675,61.63854510260618,165.93947553933089,30.771588701036386,0
2025-08-04 01:00:00,edge-3,49.99091075337713,57.27039536479104,56.24128989585279,18.4369723441004,0
2025-08-04 02:00:00,edge-3,50.31043976369541,59.518194956047225,68.0080372774612,23.82939831206565,0
2025-08-04 03:00:00,edge-3,25.96467099588253,53.034787595104746,74.8879025971734,31.778449193710543,0
2025-08-04 04:00:00,edge-3,84.40257984988796,39.5732489609172,83.5671537596102,24.31306609504437,0
2025-08-04 05:00:00,edge-3,46.107247142554066,30.903943328035062,99.37053253915892,16.77578346171136,0
2025-08-04 06:00:00,edge-3,50.984184158257825,46.18620119450751,138.34284112807626,21.18507398061374,0
2025-08-04 07:00:00,edge-3,40.60643849879837,77.18504228152129,118.45656457669851,22.403900915546576,0
2025-08-04 08:00:00,edge-3,45.994856913622485,64.6614058745349,102.43364202013716,27.16906566636981,0
2025-08-04 09:00:00,edge-3,44.63182833133688,58.6165334110682,111.07973900321382,26.07025170319043,0
2025-08-04 10:00:00,edge-3,49.956043612621094,39.20463701857021,124.95963841452718,6.150581907577163,0
2025-08-04 11:00:00,edge-3,49.78115134357828,52.521701342915776,32.73176215081621,15.718977239019118,0
2025-08-04 12:00:00,edge-3,62.072995228116056,74.74315116714425,142.86336767018403,19.649866386931993,0
2025-08-04 13:00:00,edge-3,53.40829905648164,70.09567524970981,66.9434822845439,14.923564687311524,0
2025-08-04 14:00:00,edge-3,60.56424530599255,50.456022604545694,82.25958515290048,1.4995422045467919,0
2025-08-04 15:00:00,edge-3,49.85283767291848,7.771956970643963,113.61741286814346,16.371907561246612,0
2025-08-04 16:00:00,edge-3,53.46878832658836,46.50304739676837,96.9837668798433,19.981946962561693,0
2025-08-04 17:00:00,edge-3,46.38041475975093,50.346109647787245,119.47721764373358,17.373576585942804,0
2025-08-04 18:00:00,edge-3,65.04667601506473,41.85788124594477,105.67311673825623,15.015283724618296,0
2025-08-04 19:00:00,edge-3,54.83933644273887,51.7364843372059,88.42670851753513,20.207323123924144,0
2025-08-04 20:00:00,edge-3,47.62887718230649,76.33100256390436,161.15032677505127,21.71544087626065,0
2025-08-04 21:00:00,edge-3,47.18134798173019,59.25407094086972,128.3226212804054,17.65701443017264,0
2025-08-04 22:00:00,edge-3,48.361409881295046,79.79392095809884,112.08469300542478,26.85871911236836,0
2025-08-04 23:00:00,edge-3,50.456658855155474,29.832558287091913,127.70079363437466,20.28857207939738,0
2025-08-05 00:00:00,edge-3,49.154583481716195,53.898718840901125,71.78682029170017,15.642431651825598,0
2025-08-05 01:00:00,edge-3,41.6173751718296,21.219557783099994,186.99086967266737,14.37731338825083,0
2025-08-05 02:00:00,edge-3,61.473508329023915,51.46844940326304,56.494511956674465,18.93515098370669,0
2025-08-05 03:00:00,edge-3,62.421139888222555,39.086850894046535,104.52674633173606,25.567103267687273,0
2025-08-05 04:00:00,edge-3,76.7578525685112,85.62505666856765,88.54294885529039,15.881556454284333,0
2025-08-05 05:00:00,edge-3,40.945554340328584,68.19424011687012,87.02342498291807,22.979397419983506,0
2025-08-05 06:00:00,edge-3,59.99658087728159,80.29658991186028,81.82972974740963,20.472784550071562,0
2025-08-05 07:00:00,edge-3,21.362940255759764,51.413043494541405,69.13159996005994,29.966164847523384,0
2025-08-05 08:00:00,edge-3,62.43564597532831,39.605638057667136,147.53368819232477,21.951257318302847,0
2025-08-05 09:00:00,edge-3,28.151268274892224,38.96874010923123,51.811888216684636,16.5088688028707,0
2025-08-05 10:00:00,edge-3,35.23503344641572,65.30878561541715,139.3425559473528,23.68184764382343,0
2025-08-05 11:00:00,edge-3,54.98337993523728,96.20322988386849,125.94150938883928,23.85010995447985,0
2025-08-05 12:00:00,edge-3,40.677514468665315,68.24764584040976,84.76435473282615,18.014944938520927,0
2025-08-05 13:00:00,edge-3,38.62469734995635,52.50464541424834,121.30429135175412,14.18002147834995,0
2025-08-05 14:00:00,edge-3,42.72775966252481,56.22458289746832,93.68403929213702,22.680175956132853,0
2025-08-05 15:00:00,edge-3,60.94438987877788,59.37399336496405,55.959746459625926,20.31757588382501,0
2025-08-05 16:00:00,edge-3,36.00664405373385,100.0,56.38265381316374,12.417249541312232,0
2025-08-05 17:00:00,edge-3,49.18767703666196,84.67217131669764,126.21766065878764,21.272604994953063,0
2025-08-05 18:00:00,edge-3,44.32015573190995,65.1991800830073,124.14281294740091,16.815035509893967,0
2025-08-05 19:00:00,edge-3,62.2983615699352,62.194639356122124,109.68045657276878,12.421989790687595,0
2025-08-05 20:00:00,edge-3,62.718826311242644,65.98706780739752,84.33933842637973,18.23941828305849,0
2025-08-05 21:00:00,edge-3,22.47077303845831,69.88551338566154,92.38273865475914,26.414593671034318,0
2025-08-05 22:00:00,edge-3,65.67664128146473,51.73604094048808,86.97787371343894,26.040307500440285,0
2025-08-05 23:00:00,edge-3,40.838661403117825,43.11842105246727,30.12223459292531,24.733760510036838,0
2025-08-06 00:00:00,edge-3,53.54438297895011,80.64440521109731,102.45013001025117,21.346164450460616,0
2025-08-06 01:00:00,edge-3,35.91636889425055,60.43965461143967,120.89819444838004,22.978986016775497,0
2025-08-06 02:00:00,edge-3,55.56701904064675,78.97455871629937,102.70435195112823,20.49322290739001,0
2025-08-06 03:00:00,edge-3,88.27023430431653,92.92317497552887,170.76596688076808,14.474745868927656,0
2025-08-06 04:00:00,edge-3,51.90748341927549,70.4122946819912,59.817514206800794,15.472490505737827,0
2025-08-06 05:00:00,edge-3,43.102284235304644,67.1709695914014,73.5558513242512,16.964095372211478,0
2025-08-06 06:00:00,edge-3,46.517581479866884,100.0,105.3207598273468,27.006795383181647,0
2025-08-06 07:00:00,edge-3,27.964550641429703,64.14040256559636,109.75067240769727,25.383453655602224,0
2025-08-06 08:00:00,edge-3,71.73444929246688,38.189063843073036,23.95165499894911,14.600612183365874,0
2025-08-06 09:00:00,edge-3,54.69324661394916,54.37549535656025,124.1079199950241,20.266955577081,0
2025-08-06 10:00:00,edge-3,34.2665314055323,91.03369423491083,109.93267358222394,17.98696428623636,1
2025-08-06 11:00:00,edge-3,34.7552256480687,34.11665299439907,15.224282246676353,19.224497303496584,0
2025-08-06 12:00:00,edge-3,50.229235687232396,44.95080791694039,95.33162924460312,17.319785905238867,0
2025-08-06 13:00:00,edge-3,63.979930900077306,82.12853611937035,67.6583391224533,27.028458114031388,0
2025-08-06 14:00:00,edge-3,32.73515136894543,54.56758714973932,81.8670694274484,19.905467315631824,0
2025-08-06 15:00:00,edge-3,66.70114012800757,57.7950842604701,46.47596861288549,21.080784023006366,0
2025-08-06 16:00:00,edge-3,48.625496720646446,81.46745640261258,116.6475471469429,21.121291030666615,0
2025-08-06 17:00:00,edge-3,36.04634922489355,45.66357648692078,170.47105522280904,14.861149125194899,0
2025-08-06 18:00:00,edge-3,42.98464360140533,30.62795096955877,110.6009429668113,20.542768489202636,0
2025-08-06 19:00:00,edge-3,76.22830815694564,32.222280582749285,13.624635929454143,25.311584108934206,0
2025-08-06 20:00:00,edge-3,29.17679995181994,71.63560886819243,111.42384149331195,27.36345492740353,0
2025-08-06 21:00:00,edge-3,39.0216056608078,65.18264187661589,92.2144483120386,14.260925161402787,0
2025-08-06 22:00:00,edge-3,64.28875376952381,46.1486697344134,55.959498609835876,12.406993813056356,0
2025-08-06 23:00:00,edge-3,53.24685565180452,36.82416758385732,114.14495325564108,20.31067290020761,0
2025-08-07 00:00:00,edge-3,38.13138772612922,54.58853749702266,135.19058912509422,25.54593787867517,0
2025-08-07 01:00:00,edge-3,64.47189854547234,82.33034572500944,73.2602607242745,21.79798227141844,0
2025-08-07 02:00:00,edge-3,65.18443599753772,43.28364092341488,34.250687567524366,23.401480380399025,0
2025-08-07 03:00:00,edge-3,54.97086002777122,46.746319560948756,19.53311041828522,13.198754895467388,0
2025-08-07 04:00:00,edge-3,40.81405118624728,36.18956865307242,73.37259625658712,17.140062578650028,0
2025-08-07 05:00:00,edge-3,43.12543070248463,52.651742217956574,93.77986122960762,9.01943847103549,0
2025-08-07 06:00:00,edge-3,54.270140979475975,66.7615798143316,79.35977745450083,19.287559753770207,0
2025-08-07 07:00:00,edge-3,30.321064081799307,100.0,72.66871629350473,9.17890279578364,0
2025-08-07 08:00:00,edge-3,69.91677321699669,64.35563025639874,122.7159810851262,26.663308509202388,0
2025-08-07 09:00:00,edge-3,75.50313633013758,58.92643789525962,118.51304184583697,27.774107339544674,0
2025-08-07 10:00:00,edge-3,46.46067725239594,77.25873211970263,107.98373611040769,20.703217460308828,0
2025-08-07 11:00:00,edge-3,55.3415673864621,73.92431103660489,132.65951137376425,12.437134461610349,0
2025-08-07 12:00:00,edge-3,67.7870306427399,48.44678371266634,73.74770588818727,21.878563269565884,0
2025-08-07 13:00:00,edge-3,79.33341257851532,100.0,56.217630597657276,29.29566279230471,0
2025-08-07 14:00:00,edge-3,73.35472003236048,59.51233295412094,79.10665303090514,22.378677498434637,0
2025-08-07 15:00:00,edge-3,23.96693729961811,64.72750640711591,76.34788913272916,25.9249199524546,0
2025-08-07 16:00:00,edge-3,45.266694675087216,71.02697174572265,17.94842175811894,17.5741734415189,0
2025-08-07 17:00:00,edge-3,57.510323772248285,66.91744735225906,78.17725441812117,15.643949760833081,0
2025-08-07 18:00:00,edge-3,42.58674054647103,90.50795337749179,144.194022207289,19.645689954186754,1
2025-08-07 19:00:00,edge-3,76.74150117560546,48.20182521740061,132.0341372247145,10.366473225296351,0
2025-08-07 20:00:00,edge-3,74.44062759203949,75.6676449770541,121.0073542782432,31.320442806569723,0
2025-08-07 21:00:00,edge-3,37.761047881119055,63.29136890769958,105.26472172947916,20.698250232402465,0
2025-08-07 22:00:00,edge-3,47.56399970141415,79.65446390219047,157.95594104568124,24.33386477183504,0
2025-08-07 23:00:00,edge-3,38.75668795715545,55.70029100063444,57.593284205281556,17.692457358018967,0
2025-08-08 00:00:00,edge-3,47.073073338407454,52.991692876937584,61.40691512148534,12.284568150708562,0
2025-08-08 01:00:00,edge-3,46.61851475999925,74.64146974852024,144.97181094754131,27.129074153404378,0
2025-08-08 02:00:00,edge-3,64.31386872120288,67.15986514179961,101.10419587354835,14.379498593616841,0
2025-08-08 03:00:00,edge-3,36.67303004399248,43.594113953494634,73.15286771823286,21.74419381784621,0
2025-08-08 04:00:00,edge-3,10.748755925663545,86.91224572828517,122.07698507025881,22.215424056597264,0
2025-08-08 05:00:00,edge-3,25.9318537664777,74.65018750216919,82.4613215324806,20.369756518394418,0
2025-08-08 06:00:00,edge-3,34.57547580939905,58.51591619007893,66.49898018109062,16.077078819089007,0
2025-08-08 07:00:00,edge-3,40.16462616504393,50.63537776537768,65.38592748531639,19.251838814868844,0
2025-08-08 08:00:00,edge-3,52.8076160092282,67.2826179374717,112.86197444104064,15.249745869788098,0
2025-08-08 09:00:00,edge-3,33.80309141706711,73.20970448053566,108.2326198652265,24.04588846279469,0
2025-08-08 10:00:00,edge-3,31.83349114610102,28.118498520583408,160.66987066623804,22.85773463749107,0
2025-08-08 11:00:00,edge-3,36.05828873521835,67.51361845045663,88.39643013593988,19.892987834510514,0
2025-08-08 12:00:00,edge-3,33.26518998260328,73.0510940482707,87.7140220480835,17.158242641524847,0
2025-08-08 13:00:00,edge-3,41.682593835565314,12.95102800064457,157.58534122107665,30.536589498910082,0
2025-08-08 14:00:00,edge-3,41.040689061574014,63.923793174905796,139.42587173110363,13.48968006923332,1
2025-08-08 15:00:00,edge-3,60.33585225460716,73.89218268791159,105.79593215050957,12.276934515695789,0
2025-08-08 16:00:00,edge-3,35.15705922395566,71.61756628529092,37.559491096747585,19.589970096859883,0
2025-08-08 17:00:00,edge-3,44.63605057505343,76.0489670956165,67.5258087086707,18.709763367145467,0
2025-08-08 18:00:00,edge-3,41.824659801248465,53.448668159635034,57.836208104490545,25.48791227377191,0
2025-08-08 19:00:00,edge-3,62.13327464056351,39.20187130649089,101.45807107597477,23.23058227473336,0
2025-08-08 20:00:00,edge-3,47.68581085973444,24.005113364692072,79.66635541833824,20.147627934910197,0
2025-08-08 21:00:00,edge-3,65.76045085098792,81.84446481136115,164.11619571369198,22.501688914097365,0
2025-08-08 22:00:00,edge-3,32.71444735992787,74.06130987588686,37.14251144903965,22.41082874124829,0
2025-08-08 23:00:00,edge-3,49.2595008734777,83.36977861656936,53.54641132349148,30.517783600909752,0
2025-08-09 00:00:00,edge-3,41.36163474455101,45.49717282311711,109.78515139519408,21.26681695247717,0
2025-08-09 01:00:00,edge-3,31.609308531715943,76.07672845250727,120.8574419905668,16.59461433660253,0
2025-08-09 02:00:00,edge-3,48.98733438522414,29.946380960864026,10.0,20.992505499141053,0
2025-08-09 03:00:00,edge-3,75.99391637352835,42.61012882580377,30.58359363339025,6.906602933648793,0
2025-08-09 04:00:00,edge-3,37.206367956108004,62.519544330156734,89.45585227437543,19.83676229289819,0
2025-08-09 05:00:00,edge-3,48.0881752724335,73.26415259652842,154.2417452593987,25.46491235552994,0
2025-08-09 06:00:00,edge-3,30.316525706111733,93.58024895794048,175.5104354086788,23.010920594352108,0
2025-08-09 07:00:00,edge-3,28.11158342143986,55.198718692031896,83.42010039347896,21.492780218228372,0
2025-08-09 08:00:00,edge-3,38.19121505985649,42.68500556421871,93.17412090318335,23.24619577785247,0
2025-08-09 09:00:00,edge-3,43.25025482556229,41.65702244337142,66.52536970861428,25.51628272438858,0
2025-08-09 10:00:00,edge-3,43.91625438603275,46.24308109951414,125.32825599544489,27.126167036490937,0
2025-08-09 11:00:00,edge-3,46.6096247738116,100.0,161.14118337975725,22.237279501447293,0
2025-08-09 12:00:00,edge-3,25.275010389449456,75.13747162268916,150.24082949520198,18.419442827436544,0
2025-08-09 13:00:00,edge-3,40.610806827395415,82.25063700724918,98.83997549378334,8.432390047201121,0
2025-08-09 14:00:00,edge-3,57.526377101055125,55.220288256402114,66.45873179459102,24.890867135038647,0
2025-08-09 15:00:00,edge-3,29.626323906581934,59.96702635202508,100.32788017239282,22.576012568019515,0
2025-08-09 16:00:00,edge-3,44.67281457732393,73.98529011917047,155.2314681773431,20.763297437579002,0
2025-08-09 17:00:00,edge-3,54.392656399071015,49.88402488438121,83.97931606613527,16.559742524028813,0
2025-08-09 18:00:00,edge-3,38.26599616964495,54.173842269066476,27.38283882608988,24.82576001670278,0
2025-08-09 19:00:00,edge-3,55.122865942412716,46.505913674723196,85.59962986730129,18.71381787085934,0
2025-08-09 20:00:00,edge-3,27.183105809224532,51.0501460048577,88.83896986046643,19.82788944477008,0
2025-08-09 21:00:00,edge-3,63.32674359398308,60.979572250066454,27.1480735492201,19.720057054158783,0
2025-08-09 22:00:00,edge-3,55.48701099640544,43.5657974767208,109.28149327993276,22.24925859082749,0
2025-08-09 23:00:00,edge-3,50.83498105264201,65.71957958258773,120.24018653021591,14.256839944849357,0
2025-08-10 00:00:00,edge-3,66.87227039458762,65.69163491102233,174.3957045927324,22.81275930953673,0
2025-08-10 01:00:00,edge-3,45.059764111450775,56.41502714287633,46.7049217262755,16.395558215959863,0
2025-08-10 02:00:00,edge-3,40.73215831307132,43.45080288873158,129.22085725155057,16.57098146550422,0
2025-08-10 03:00:00,edge-3,70.5881642614587,62.09926097903723,138.67344604703507,24.426200237788745,0
2025-08-10 04:00:00,edge-3,77.61148703352193,49.901908740964174,120.78483723741239,15.024857694522147,0
2025-08-10 05:00:00,edge-3,39.59843440823356,60.931883342120685,59.72793468623502,24.417212005052328,0
2025-08-10 06:00:00,edge-3,48.29385144338277,81.9625493480687,57.40293277029953,20.506833623544527,0
2025-08-10 07:00:00,edge-3,65.67563814892182,34.941197657919346,103.8878700913526,11.758616255649638,0
2025-08-10 08:00:00,edge-3,48.827824972838414,100.0,103.60710639385168,26.8223792582325,0
2025-08-10 09:00:00,edge-3,58.91882763106975,58.54952816424519,77.62264701485174,21.55126863631747,0
2025-08-10 10:00:00,edge-3,61.70605396232574,68.2367854781184,151.66548054133023,21.97062932944935,0
2025-08-10 11:00:00,edge-3,41.565431366651836,44.9449981951633,83.96993670031759,25.036211552923795,0
2025-08-10 12:00:00,edge-3,56.28911995100389,82.84423099083295,24.25197023523853,27.49610372280649,0
2025-08-10 13:00:00,edge-3,49.90710958235095,57.4874706109866,91.03773941980651,21.00513448108064,0
2025-08-10 14:00:00,edge-3,31.746971099093567,52.11763380401653,119.21093392982823,23.08643661248034,0
2025-08-10 15:00:00,edge-3,35.155210303573995,48.489699574488526,113.67844608244184,21.85592965308713,0
2025-08-10 16:00:00,edge-3,40.21374613405447,54.6301594842161,113.36890348559785,18.2856614664916,0
2025-08-10 17:00:00,edge-3,63.92779776203906,68.36694645905817,159.7595605742671,12.082818485524278,0
2025-08-10 18:00:00,edge-3,64.42037243469991,63.45621381261151,55.40837713191503,21.07461029552104,0
2025-08-10 19:00:00,edge-3,61.24869377482426,59.202805337794544,83.05166606597302,26.89468915322278,0
2025-08-10 20:00:00,edge-3,56.60166054898427,45.7715716410036,161.80216152041612,22.916664816788284,0
2025-08-10 21:00:00,edge-3,56.19239460734659,44.61653052150048,21.306004521428633,14.662884045117792,0
2025-08-10 22:00:00,edge-3,54.163406743322454,50.782514348405385,97.85222211188922,25.48760752822453,0
2025-08-10 23:00:00,edge-3,56.11395583132451,69.20551424321428,149.15684460948137,18.452650740718298,0
2025-08-11 00:00:00,edge-3,57.13043875496304,73.24519751540807,148.5606500373624,9.539870637524977,0
2025-08-11 01:00:00,edge-3,28.933667514089286,75.94088393796038,126.40465491385412,25.089519075912605,0
2025-08-11 02:00:00,edge-3,38.14629281083642,59.97066212922383,127.41757207046776,15.273096879534435,0
2025-08-11 03:00:00,edge-3,34.56617563276936,67.67123881835649,58.359075077794586,28.90364186558955,0
2025-08-11 04:00:00,edge-3,66.60717511481013,56.63098590234177,154.92708335716742,25.738867002987092,0
2025-08-11 05:00:00,edge-3,74.8115015537542,25.154040181432634,51.99753154856823,18.8610036316842,0
2025-08-11 06:00:00,edge-3,17.464281193817378,55.68146420921204,54.383479225065,22.296799228772315,0
2025-08-11 07:00:00,edge-3,73.47221917807491,52.493467492844964,115.51496524654982,32.119592828275515,0
2025-08-11 08:00:00,edge-3,51.30082060297294,39.21909591141897,80.27942017131201,25.000035189184924,0
2025-08-11 09:00:00,edge-3,65.19079728738053,48.65211648494392,108.26786796159035,21.191000123922947,0
2025-08-11 10:00:00,edge-3,57.59700731877344,62.70182828581955,117.23068317120908,34.44576997103135,0
2025-08-11 11:00:00,edge-3,71.60592580399882,37.33506428629848,171.12438957502195,20.587905054782443,0
2025-08-11 12:00:00,edge-3,53.146136500362445,45.78429057168381,117.34898342265637,22.90907409439418,0
2025-08-11 13:00:00,edge-3,29.54818311780625,90.95804031105436,75.25862783366165,15.318934054703703,0
2025-08-11 14:00:00,edge-3,48.41487674340185,27.94587348239388,127.0595183274454,11.626405672025552,0
2025-08-11 15:00:00,edge-3,57.73484069160209,56.336356807857904,66.72983199671552,18.56098854025823,0
2025-08-11 16:00:00,edge-3,46.76058347698462,36.6738126847183,136.52622097504164,20.19204042184259,0
2025-08-11 17:00:00,edge-3,59.86597583229006,44.96726404347781,102.58511678277021,21.646317922049292,0
2025-08-11 18:00:00,edge-3,49.01453917039334,56.04525540763772,116.02175264627793,12.901144766128763,0
2025-08-11 19:00:00,edge-3,41.06736021327695,40.24847754742462,28.77384091541279,23.30337161058974,0
2025-08-11 20:00:00,edge-3,33.71032425032689,71.47861230732856,10.0,15.848072379781616,0
2025-08-11 21:00:00,edge-3,44.122769261999835,87.02301239544826,39.943030703462696,23.043671796972074,0
2025-08-11 22:00:00,edge-3,53.06857474550491,76.83356272205464,169.83083422793868,24.67463241421825,0
2025-08-11 23:00:00,edge-3,20.60912293616074,80.49226235441736,54.073807086116375,18.022454549736853,0
2025-08-12 00:00:00,edge-3,38.29885383927465,32.40528641942372,129.29239207955726,15.180905338662003,0
2025-08-12 01:00:00,edge-3,20.049619328384022,55.13857956361733,74.32368804357179,27.71824658691814,0
2025-08-12 02:00:00,edge-3,40.7438771903294,69.34842134706864,90.39879603123039,24.364560471495977,0
2025-08-12 03:00:00,edge-3,67.95972101430834,77.42381828229074,98.21118979722962,20.759881669237036,0
2025-08-12 04:00:00,edge-3,32.20825427406747,95.06705985219651,165.75113711245984,27.342138818399263,0
2025-08-12 05:00:00,edge-3,60.547396187919944,81.38079183257891,123.38022123165699,20.41630861987757,0
2025-08-12 06:00:00,edge-3,92.7323769096848,77.92977247347768,115.40132561281405,16.897463949026744,0
2025-08-12 07:00:00,edge-3,71.80307196886025,100.0,151.86793728444786,14.991489678136201,0
2025-08-12 08:00:00,edge-3,52.00270070586818,61.92618163214592,74.67212544953672,19.461004323231787,0
2025-08-12 09:00:00,edge-3,62.87651683694724,54.21883123516862,142.73371907805733,23.858602389907965,1
2025-08-12 10:00:00,edge-3,29.454757963448124,63.547158073208976,136.05210380634924,26.948796075539093,0
2025-08-12 11:00:00,edge-3,26.39878019884169,41.69894488626398,135.5959745297413,20.117551080172372,0
2025-08-12 12:00:00,edge-3,50.43047163619091,61.352675715356135,93.7993318835397,26.065624639678386,0
2025-08-12 13:00:00,edge-3,55.97915845202617,25.462956124450365,82.50740416890285,18.928652842489846,0
2025-08-12 14:00:00,edge-3,66.4160642637386,49.409619268643894,65.20705419322339,16.09200990672073,0
2025-08-12 15:00:00,edge-3,41.468567878980274,57.69332235868817,67.71270540133847,13.468433830998059,0
2025-08-12 16:00:00,edge-3,52.900932265424686,78.99270581706087,63.31947395766032,17.46880018829067,0
2025-08-12 17:00:00,edge-3,52.386673348294615,82.22181088772723,114.67391047304304,13.656712862751725,0
2025-08-12 18:00:00,edge-3,48.02908841635299,40.72765870497837,90.86654746919712,30.047558155951002,0
2025-08-12 19:00:00,edge-3,48.912876857989986,100.0,117.25600790720077,22.196482131546727,0
2025-08-12 20:00:00,edge-3,37.17943246040659,62.967469568790044,119.51528078611216,19.52192575417844,0
2025-08-12 21:00:00,edge-3,54.19561112577445,64.8008993206154,57.60975782846668,28.610008811727873,0
2025-08-12 22:00:00,edge-3,52.925749702926176,27.64613030023346,56.40925871563083,13.488663155142476,0
2025-08-12 23:00:00,edge-3,43.39982351065947,47.59885219759886,90.8535846730675,19.31428582052128,0
2025-08-13 00:00:00,edge-3,59.98661399035351,80.99647623064956,68.99517105544875,29.998368960509307,0
2025-08-13 01:00:00,edge-3,65.41747382648444,63.39556925426198,64.78351441894857,19.279797466376664,0
2025-08-13 02:00:00,edge-3,60.16064443963194,62.15629452505748,167.82748036299483,32.234068892022634,0
2025-08-13 03:00:00,edge-3,34.36335019908913,64.54344341150963,38.66580912490348,23.928024197207694,0
2025-08-13 04:00:00,edge-3,51.49468650292987,31.135913898279032,180.92257709112042,26.529629543161164,0
2025-08-13 05:00:00,edge-3,36.328526557048214,58.06782893197023,111.55505533436354,26.674474117274354,0
2025-08-13 06:00:00,edge-3,51.448321194497495,88.16660710595244,139.44953132071703,20.00801230124019,0
2025-08-13 07:00:00,edge-3,36.386949544701295,81.73415244130987,134.73331269320926,17.55894167702212,0
2025-08-13 08:00:00,edge-3,69.15745006032179,57.49601115768803,124.67836709064144,19.422798400597934,0
2025-08-13 09:00:00,edge-3,61.74997203529763,91.27337348723111,166.4732719657274,15.065337483431865,0
2025-08-13 10:00:00,edge-3,67.29483958013584,34.818029864632116,56.70333246092873,19.67018558385103,0
2025-08-13 11:00:00,edge-3,65.77583135293244,40.5660467028748,93.74486488886365,19.977969753775195,0
2025-08-13 12:00:00,edge-3,45.941004326395024,97.27244754314614,65.8861234999701,28.44617497659602,0
2025-08-13 13:00:00,edge-3,43.615853847088616,71.55946236617046,32.1568187587047,22.966378553637387,0
2025-08-13 14:00:00,edge-3,76.1258574305023,54.222253157953716,73.55035525767104,31.81308778893436,0
2025-08-13 15:00:00,edge-3,47.52320524741378,58.893628679295055,174.90191112895286,9.202279511780258,0
2025-08-13 16:00:00,edge-3,29.681290362920013,43.86737773745632,93.06133210329142,13.914781499850287,0
2025-08-13 17:00:00,edge-3,65.11200100498738,65.5318520361489,179.3406285333424,18.22327336167317,0
2025-08-13 18:00:00,edge-3,52.15663502395581,63.947768926229415,183.43308653772817,27.462472320071026,0
2025-08-13 19:00:00,edge-3,72.58916185968474,60.397694197253806,219.8052145478433,19.452113998583265,0
2025-08-13 20:00:00,edge-3,53.64454516971273,36.80487569577808,176.21972076393223,12.660865821743743,0
2025-08-13 21:00:00,edge-3,49.699977689799304,65.29512222137822,194.3252746133523,18.774377819255186,0
2025-08-13 22:00:00,edge-3,72.89181213162036,49.409771351559364,113.00670164222896,14.01200871122543,0
2025-08-13 23:00:00,edge-3,26.92300482444519,40.28045479021624,109.13312934746693,13.031871159250972,0
2025-08-14 00:00:00,edge-3,41.21956543095489,85.33484983074723,111.79357444861401,29.9941390882695,0
2025-08-14 01:00:00,edge-3,36.68955542217188,100.0,100.00248818441456,18.24195566659674,0
2025-08-14 02:00:00,edge-3,17.07380332140074,98.85240257639272,105.98652540670172,20.86576431401257,0
2025-08-14 03:00:00,edge-3,63.09764642024905,73.0024552752457,130.08730260613672,19.535218264159568,0
2025-08-14 04:00:00,edge-3,41.638723790255916,54.688298418416196,81.36728578813846,18.74252187695776,0
2025-08-14 05:00:00,edge-3,63.58052062469862,58.59288834790758,44.895030487651574,15.796694838561832,0
2025-08-14 06:00:00,edge-3,55.83629736851906,68.1120452692455,114.54475190290106,18.446826979141765,0
2025-08-14 07:00:00,edge-3,59.10713699941526,51.59504495077621,72.28780662700734,21.686177392620735,0
2025-08-14 08:00:00,edge-3,43.169007787390285,86.37620120244792,76.42906010114646,27.09317656031977,0
2025-08-14 09:00:00,edge-3,38.53627784022427,19.285450113429228,94.28987078743314,24.73717818277037,0
2025-08-14 10:00:00,edge-3,51.34641312829581,54.085488920251336,85.114271218645,13.904665512724584,0
2025-08-14 11:00:00,edge-3,63.78752274962254,76.0214298413464,144.4016997006677,24.942662091183024,0
2025-08-14 12:00:00,edge-3,49.24426991774387,43.096807054403584,93.33033841906625,22.377190057636845,0
2025-08-14 13:00:00,edge-3,39.470955160515615,55.19702217644334,146.4179855150687,16.87639499693252,0
2025-08-14 14:00:00,edge-3,32.01472862902462,71.87286832486404,108.24064995768614,20.910485480932845,0
2025-08-14 15:00:00,edge-3,53.0624452298574,90.36538214075591,96.45883992257319,22.861435918249494,0
2025-08-14 16:00:00,edge-3,41.68898697607193,34.12123435667511,106.32881945147176,20.235264739114378,0
2025-08-14 17:00:00,edge-3,48.9238911891539,32.6385102449028,48.33480543917065,22.401216670783604,0
2025-08-14 18:00:00,edge-3,46.418318266270106,41.079396243203185,113.52308757882783,15.685244915380997,0
2025-08-14 19:00:00,edge-3,43.33353537973182,29.249282989836797,133.96757185259844,29.964160221232564,0
2025-08-14 20:00:00,edge-3,54.40705341139268,30.672430891770595,139.634017073849,10.353576355108874,0
2025-08-14 21:00:00,edge-3,58.317561262161604,40.54677604610599,45.91303658488528,22.88925611664071,0
2025-08-14 22:00:00,edge-3,79.47918416976175,84.66987096491982,39.24079191028095,21.833817315051615,0
2025-08-14 23:00:00,edge-3,61.36951572026768,53.75846363862485,78.52725899676653,23.21471696725857,0
2025-08-15 00:00:00,edge-3,73.9052349421121,60.62750212313213,155.38649431971513,16.45814824175869,0
2025-08-15 01:00:00,edge-3,37.72099442897395,40.89071486491643,108.83901574320984,25.84598514166528,0
2025-08-15 02:00:00,edge-3,25.985828439094647,72.67074150129164,69.01219041007191,19.46009659160844,0
2025-08-15 03:00:00,edge-3,49.78354616419763,97.51528055665545,41.88242132278479,14.068925304650328,0
2025-08-15 04:00:00,edge-3,62.870408662236485,42.247402319211574,72.64042782185535,14.52594805862022,0
2025-08-15 05:00:00,edge-3,60.51742577239144,94.49496742149469,69.93795485947689,20.62352534418794,0
2025-08-15 06:00:00,edge-3,68.17072358489862,67.2884876633569,137.42470874581025,12.017392382692545,0
2025-08-15 07:00:00,edge-3,11.951819615221908,60.33726998577422,140.50176997548178,29.002529917212108,0
2025-08-15 08:00:00,edge-3,68.79465342326311,68.00247664650482,58.003925112362545,25.24460640271318,0
2025-08-15 09:00:00,edge-3,55.031939396444606,67.81052997934032,130.12664246326398,29.13422160425499,0
2025-08-15 10:00:00,edge-3,26.839799823124807,97.14208838126488,126.03027594701712,28.607117445544503,0
2025-08-15 11:00:00,edge-3,60.85293270093209,70.4044146364345,52.812767409482724,18.240467675992036,0
2025-08-15 12:00:00,edge-3,52.54223865249445,70.82214342281942,96.64725204688393,15.653352686749116,0
2025-08-15 13:00:00,edge-3,55.71843947867076,51.57000360074911,113.63279952629668,6.611136589179072,0
2025-08-15 14:00:00,edge-3,64.98663725473043,76.78154272928808,106.52941674869436,17.968829375535172,0
2025-08-15 15:00:00,edge-3,56.45413052646074,40.863060527540284,31.578356927657737,28.828264279179763,0
2025-08-15 16:00:00,edge-3,27.90762352295472,62.18007979159188,105.24729818066474,15.860746712513977,0
2025-08-15 17:00:00,edge-3,47.85460595325637,100.0,125.45059565726704,18.95039502568122,0
2025-08-15 18:00:00,edge-3,25.735322437236622,9.916201607074171,163.18376675470094,17.227148754585585,0
2025-08-15 19:00:00,edge-3,59.735928208383385,64.66293992670903,73.24835199411406,21.874975768038578,0
2025-08-15 20:00:00,edge-3,70.96955362376059,65.43245841757795,78.18187373884432,26.430423421071552,0
2025-08-15 21:00:00,edge-3,31.378220561715114,55.43821915025595,91.64532936509559,12.303946912427417,0
2025-08-15 22:00:00,edge-3,39.92804359201384,55.90961477865138,111.64863685267558,13.261120091847037,0
2025-08-15 23:00:00,edge-3,36.76446018316747,61.82819546322966,103.88071070491421,27.433100196371775,0
2025-08-16 00:00:00,edge-3,43.19142092092495,54.95993449070937,124.17231951868362,23.66533437225905,0
2025-08-16 01:00:00,edge-3,56.18634737298302,64.43959457642008,54.99253831139431,18.703097193257705,0
2025-08-16 02:00:00,edge-3,43.353963168482615,50.24778588366202,115.87414757186197,28.53541380963205,0
2025-08-16 03:00:00,edge-3,59.787952590485375,100.0,70.31138479097385,13.174855568050479,0
2025-08-16 04:00:00,edge-3,65.98069655113963,54.95972513405297,94.26664391777686,24.656067455955164,0
2025-08-16 05:00:00,edge-3,66.52638891993915,71.39222815249433,168.32054509024823,19.658809455680004,0
2025-08-16 06:00:00,edge-3,33.22728356945528,46.61927800313566,44.070287649359656,23.032719180064465,0
2025-08-16 07:00:00,edge-3,70.78893416709084,78.66286060802294,88.82130126242518,8.064239439373633,0
2025-08-16 08:00:00,edge-3,71.99108427314358,74.66935574702669,49.01416910757501,18.696483200528252,0
2025-08-16 09:00:00,edge-3,73.29019896855753,68.38520473064341,106.12271898207091,23.68398358018186,0
2025-08-16 10:00:00,edge-3,47.63277770423456,39.4532928756296,141.9293166156007,19.683348908025856,0
2025-08-16 11:00:00,edge-3,38.722362900345836,44.95193918872958,106.78620475377079,26.276488864004257,0
2025-08-16 12:00:00,edge-3,35.236382127798734,93.72345971492362,95.33136586657348,26.109025035703933,0
2025-08-16 13:00:00,edge-3,33.47330170137771,44.73052584578641,153.1360931620821,15.20718187389704,0
2025-08-16 14:00:00,edge-3,50.17535609997303,72.81804340425009,113.22009739088578,24.119963256668402,0
2025-08-16 15:00:00,edge-3,62.71777784735637,41.10657339637395,132.7826422524724,15.0366867138588,0
2025-08-16 16:00:00,edge-3,69.59837661481016,80.16766471203539,128.6102954738054,20.27007720577378,0
2025-08-16 17:00:00,edge-3,42.71664325456473,46.272052850052305,10.0,23.280641246538103,0
2025-08-16 18:00:00,edge-3,49.419675993795664,40.736242249200004,96.93324777516206,15.82358534369709,0
2025-08-16 19:00:00,edge-3,48.437186698978316,45.75315046606197,56.877021244745904,23.93463092782191,0
2025-08-16 20:00:00,edge-3,40.470796252022915,48.92394806677953,66.82732423372553,17.473221269240483,0
2025-08-16 21:00:00,edge-3,61.03624294640929,68.0934670984844,158.98344429301173,17.09651236293826,0
2025-08-16 22:00:00,edge-3,55.442723699348385,61.38767412275567,85.00777818709632,23.533254917698578,0
2025-08-16 23:00:00,edge-3,52.12734762679409,38.09687840174338,175.7027278322403,15.820135281582907,0
2025-08-17 00:00:00,edge-3,55.37458158793887,59.441059724023596,43.69246318916578,15.565822653184526,0
2025-08-17 01:00:00,edge-3,59.23176871936226,37.12997185417807,56.65316878890528,25.20578020015041,0
2025-08-17 02:00:00,edge-3,59.08155528695582,72.87114730001959,130.4940264380788,20.54278575962467,0
2025-08-17 03:00:00,edge-3,37.422650658172145,76.53805797744815,86.34513920965966,12.729402523483525,0
2025-08-17 04:00:00,edge-3,63.44492823114419,59.521053229012765,112.29309346404199,24.278206891941053,0
2025-08-17 05:00:00,edge-3,53.83049176520839,65.43306805985523,95.50772694521,17.966993838782777,0
2025-08-17 06:00:00,edge-3,43.480757075296026,95.0424822132882,94.29695048135969,12.984933302192674,0
2025-08-17 07:00:00,edge-3,53.513445371692555,56.84794015215762,87.83055725071695,7.4634249441918,0
2025-08-17 08:00:00,edge-3,55.1671621508758,41.1148409989822,107.17973441630947,24.51707148516204,0
2025-08-17 09:00:00,edge-3,66.22675500746186,71.5839047187558,125.6655315011161,15.700409669442145,0
2025-08-17 10:00:00,edge-3,34.3076655727223,37.34692468469311,164.57688603889903,13.780776143507493,0
2025-08-17 11:00:00,edge-3,69.8747653048129,55.78862073454115,91.8994985862873,23.197014151929956,0
2025-08-17 12:00:00,edge-3,50.34749534464741,48.020199078329654,84.25446817456498,24.02895798154427,0
2025-08-17 13:00:00,edge-3,42.40770123877102,45.9636033358226,79.10153774163471,16.064485007026853,0
2025-08-17 14:00:00,edge-3,41.94862850214298,54.998248087109786,158.79135420129995,24.56320329802989,0
2025-08-17 15:00:00,edge-3,34.97948362486131,77.99782652428165,127.61299588455272,30.27446460556564,0
2025-08-17 16:00:00,edge-3,23.886276743648857,82.11337576648373,24.038662942473195,26.733316354855486,0
2025-08-17 17:00:00,edge-3,60.160998205388054,78.52411726181342,22.275171888144726,25.95528547598478,0
2025-08-17 18:00:00,edge-3,79.71329600632947,66.72708178256829,66.79768482007658,21.570645610662652,0
2025-08-17 19:00:00,edge-3,25.735769767462774,54.84566877224688,109.20581776217499,17.78140897235539,0
2025-08-17 20:00:00,edge-3,35.743581261044625,12.843500092000852,98.66119443125238,19.72056973551622,0
2025-08-17 21:00:00,edge-3,61.27374783718,67.3532198655455,120.59114207374724,22.20370801831381,0
2025-08-17 22:00:00,edge-3,49.31544636992866,14.41336550482226,92.98226231266881,13.7124402067255,0
2025-08-17 23:00:00,edge-3,62.516288634127235,21.53265447053974,155.8967508551577,16.1530904619677,0
2025-08-18 00:00:00,edge-3,48.47419215276745,56.76664688426106,130.88445515096063,12.861249285087077,0
2025-08-18 01:00:00,edge-3,41.29058751100433,65.29154489260995,103.10306428462744,21.175933111457063,0
2025-08-18 02:00:00,edge-3,46.612368339903036,50.97830192341479,145.8135772213642,20.415269611977685,0
2025-08-18 03:00:00,edge-3,14.268658666160555,90.71062297187936,34.04375102739117,16.736456672656935,0
2025-08-18 04:00:00,edge-3,32.84773481527303,69.24203315037013,96.59701149339105,24.102496026898706,0
2025-08-18 05:00:00,edge-3,64.22419061328053,55.01184186409485,105.5004922451194,14.776998170358457,0
2025-08-18 06:00:00,edge-3,67.87849766268266,87.72619890363592,124.08145999810037,16.5508262991138,0
2025-08-18 07:00:00,edge-3,71.09249082638473,91.30226695128181,31.39335988685518,23.90263242456253,0
2025-08-18 08:00:00,edge-3,56.61304019672049,70.25117386949339,89.58372372502073,24.64407890063069,0
2025-08-18 09:00:00,edge-3,16.15896688570595,44.49484680485007,116.01843185404297,16.021368986455784,0
2025-08-18 10:00:00,edge-3,40.474902062192875,48.99459137956536,119.08648505589343,21.160213023716203,0
2025-08-18 11:00:00,edge-3,69.86983514822948,31.06522574013326,147.44519365816805,16.10596379610484,0
2025-08-18 12:00:00,edge-3,74.34581358025329,59.15166240398973,130.46021329626979,19.01330233211348,0
2025-08-18 13:00:00,edge-3,70.43971614510865,38.99917117110935,97.56615802511836,20.719186970757818,0
2025-08-18 14:00:00,edge-3,46.45621302845301,53.41850461606963,126.99894995795019,22.801830994079673,0
2025-08-18 15:00:00,edge-3,30.40136200138152,65.21200606110322,91.9454545778147,21.587795067465546,0
2025-08-18 16:00:00,edge-3,49.390526150622776,20.325827159921218,105.87095811051411,21.365811702701215,0
2025-08-18 17:00:00,edge-3,50.222105273453934,34.725174629575264,131.7920940058945,14.607508314464972,0
2025-08-18 18:00:00,edge-3,73.48347230137179,49.863038903293486,98.1879682724783,21.94138319653749,0
2025-08-18 19:00:00,edge-3,53.41686950183317,58.94945262553655,114.4795871812735,22.755326755981496,0
2025-08-18 20:00:00,edge-3,50.25021768321157,50.12218400523784,138.45235077268052,23.444672650435663,0
2025-08-18 21:00:00,edge-3,51.10242722215188,54.58964137227246,128.4865944295621,16.402399102645564,0
2025-08-18 22:00:00,edge-3,55.99788244644029,45.87625607748885,149.33887423525476,24.57792808291804,0
2025-08-18 23:00:00,edge-3,59.39660129092353,31.012003163827476,193.1379319181164,13.413825691115875,0
2025-08-19 00:00:00,edge-3,39.13193848973006,49.304984452166025,128.11711093427772,17.845909229779757,0
2025-08-19 01:00:00,edge-3,34.135694080616474,55.73662950139391,81.54829794380981,18.62240458852918,0
2025-08-19 02:00:00,edge-3,70.55837782107048,53.79219792787503,120.47292191279203,13.687954687483504,0
2025-08-19 03:00:00,edge-3,25.384380583464747,62.23591837592906,118.75273665961669,18.54644494247598,0
2025-08-19 04:00:00,edge-3,74.56621188807159,68.37789140950395,124.54042774041525,21.107404571724008,0
2025-08-19 05:00:00,edge-3,21.339819541194505,73.6345245379334,159.80064988949488,10.87113909083332,0
2025-08-19 06:00:00,edge-3,41.231883007534684,47.32898328977218,32.63553964063975,18.026558081145772,0
2025-08-19 07:00:00,edge-3,64.57780955875171,28.484063921604303,160.55351965318937,11.257995338683381,0
2025-08-19 08:00:00,edge-3,50.0051283361741,85.43192731457214,174.01667472232452,30.20769392158472,0
2025-08-19 09:00:00,edge-3,30.252847943572387,67.70891831222177,122.72282653080859,21.06245608466992,0
2025-08-19 10:00:00,edge-3,56.39642231188994,40.90675297652123,123.68540324892533,20.629146419155038,0
2025-08-19 11:00:00,edge-3,51.005065127007214,65.55410112984843,90.33420770962005,21.160367058295705,0
2025-08-19 12:00:00,edge-3,46.75927567337033,81.35989466536248,100.2529595926682,23.022603153004162,0
2025-08-19 13:00:00,edge-3,40.64116563825638,94.58353050478783,127.91808636592609,24.890774249172644,0
2025-08-19 14:00:00,edge-3,49.480910007041,65.01220552315462,125.34209571081297,12.182230355926684,0
2025-08-19 15:00:00,edge-3,41.27117582071467,81.19341274699721,128.8283892001355,26.550887987133784,0
2025-08-19 16:00:00,edge-3,86.51799003273737,35.80795855370552,125.06674286413134,26.22912647008627,0
2025-08-19 17:00:00,edge-3,46.39974272274841,59.28194496806647,135.9355989656948,19.66826694571229,0
2025-08-19 18:00:00,edge-3,44.39364569271334,53.29974701487361,131.4659467994259,19.406356546584,0
2025-08-19 19:00:00,edge-3,41.87545781768317,66.85139703408419,59.026053389594736,4.486196016879635,0
2025-08-19 20:00:00,edge-3,76.6542626425729,92.22387870872443,133.2907217403152,13.780044188992058,0
2025-08-19 21:00:00,edge-3,25.4139968315665,64.99778788558517,174.34346465664908,22.594246381315784,0
2025-08-19 22:00:00,edge-3,55.39148632849127,41.24618521466246,98.9349299217839,26.00308733154946,0
2025-08-19 23:00:00,edge-3,46.41065042185393,34.73122840232237,159.9791979192991,23.644184610583988,0
2025-08-20 00:00:00,edge-3,28.64899843036982,92.91560125507877,63.30818800353636,19.621424671108553,0
2025-08-20 01:00:00,edge-3,37.71385508205326,70.27586824770465,98.8094952155826,29.629363502842224,0
2025-08-20 02:00:00,edge-3,54.754309908587494,68.96162693950113,74.35367392760567,25.025877781835693,0
2025-08-20 03:00:00,edge-3,37.03410170515868,53.12537222883659,155.16885009695196,18.030867906275475,0
2025-08-20 04:00:00,edge-3,53.89345892330064,65.35723569335687,165.61906217635405,30.91055325976707,0
2025-08-20 05:00:00,edge-3,75.93729843029527,40.2608018774638,96.03215519649751,14.519163826466997,0
2025-08-20 06:00:00,edge-3,52.55901015826003,67.74396711407303,146.84246090647403,12.640798897312719,0
2025-08-20 07:00:00,edge-3,28.197312822132563,36.502597268519445,166.02506511613336,17.894473064380385,0
2025-08-20 08:00:00,edge-3,37.29805607229665,52.81423109944481,98.68324568153322,16.206799109897073,0
2025-08-20 09:00:00,edge-3,45.718913918821066,47.14213702681189,105.19006447187934,18.175341927565505,0
2025-08-20 10:00:00,edge-3,44.716473215080114,0.0,129.34461478507936,23.990453482005577,0
2025-08-20 11:00:00,edge-3,52.280207676738776,53.06462746933186,66.29848073918862,19.830102141976607,0
2025-08-20 12:00:00,edge-3,54.686644131171,42.02267151074143,104.40390380858243,19.958516161901073,0
2025-08-20 13:00:00,edge-3,75.95791932678289,55.79220232218432,185.7114842480775,20.29407408104452,0
2025-08-20 14:00:00,edge-3,49.9442050236816,60.03445600963708,79.99945918998813,8.438372535126067,0
2025-08-20 15:00:00,edge-3,32.71708329686135,95.35863885963168,134.15304962826056,12.423697460409663,0
2025-08-20 16:00:00,edge-3,67.3070919537285,66.09417994315018,120.95217784548048,18.073443672852893,0
2025-08-20 17:00:00,edge-3,68.94536865171536,66.68225265967075,93.44936365188191,15.785355993261312,0
2025-08-20 18:00:00,edge-3,53.48664641008954,69.9122767043849,108.86620371637568,18.84106256426941,0
2025-08-20 19:00:00,edge-3,46.304084071865574,77.43617024482252,170.10479698157718,27.020641898040452,0
2025-08-20 20:00:00,edge-3,59.33819603823592,69.08558907709036,122.14388586317204,19.627752513034014,0
2025-08-20 21:00:00,edge-3,46.83380279480705,65.63426048848238,128.3927449304505,13.38915891138507,0
2025-08-20 22:00:00,edge-3,19.164366068337735,74.22493837126287,164.03449185007025,16.034501063676633,0
2025-08-20 23:00:00,edge-3,58.452114244587,11.46731158337792,88.42358252007327,28.552879544961268,0
2025-08-21 00:00:00,edge-3,63.38377215461867,100.0,58.12340360648619,27.662469857295076,0
2025-08-21 01:00:00,edge-3,71.61630845568993,91.79459689426797,170.73389566361118,22.979387178244412,0
2025-08-21 02:00:00,edge-3,39.03862335571153,64.3427150371858,105.46087130473722,12.18758464652335,0
2025-08-21 03:00:00,edge-3,53.392479737919096,31.73987099182467,135.74403400596054,21.534024675520747,0
2025-08-21 04:00:00,edge-3,53.71699336779474,84.20700864985889,69.50683257522559,21.918485495753508,0
2025-08-21 05:00:00,edge-3,51.28073839555722,46.12247001870578,115.5410522098466,20.1277010419512,0
2025-08-21 06:00:00,edge-3,51.72284057429323,70.6768203314987,56.12268860552571,17.149944721953204,0
2025-08-21 07:00:00,edge-3,50.55704023065449,34.34188796429068,102.5495935891237,18.186844780651278,0
2025-08-21 08:00:00,edge-3,53.17624102374225,100.0,74.08307259286882,16.80142546406464,0
2025-08-21 09:00:00,edge-3,61.1102155099303,31.155664757827598,64.89382660349794,14.27463020820488,0
2025-08-21 10:00:00,edge-3,68.30431286876474,61.37972140633003,87.87509322536306,26.82993917734122,0
2025-08-21 11:00:00,edge-3,38.65501368959543,17.55625570977014,10.0,24.411568975148477,0
2025-08-21 12:00:00,edge-3,47.41547967817726,59.17555095607356,53.603902488898676,18.57535278708345,0
2025-08-21 13:00:00,edge-3,43.66087820168514,51.49429589723449,131.29656625041312,21.76089154183885,0
2025-08-21 14:00:00,edge-3,41.51491464199913,82.74366787811933,113.90665558190908,21.948504451952676,0
2025-08-21 15:00:00,edge-3,25.759528770409606,51.49241136816269,57.0325221214957,31.71441779038031,0
2025-08-21 16:00:00,edge-3,50.363336837794435,82.7724716569266,121.91494277860265,24.362843404578523,0
2025-08-21 17:00:00,edge-3,57.18980554317932,39.51758864822658,64.87147711392458,24.173848093640522,0
2025-08-21 18:00:00,edge-3,47.673503721516916,54.36076793910512,128.87855481653673,20.18990506534667,0
2025-08-21 19:00:00,edge-3,49.86563155404372,54.76175804158988,95.37443706152698,17.82788020794912,0
2025-08-21 20:00:00,edge-3,56.27655391863697,69.91176511265834,86.99507398430691,26.913551263308076,0
2025-08-21 21:00:00,edge-3,71.16679542745447,67.36748852814112,96.35745505090182,23.26136058783092,0
2025-08-21 22:00:00,edge-3,43.70353205715446,74.44450309846724,202.38113826662834,15.852290229728004,0
2025-08-21 23:00:00,edge-3,32.42581828499166,65.33661206579478,69.64793921910598,22.26933277169919,0
2025-08-22 00:00:00,edge-3,48.64339779509579,73.22629653226231,109.06234665065514,24.18693044210406,0
2025-08-22 01:00:00,edge-3,78.25341895054919,42.042721426137234,131.25474837969483,9.520845218535692,0
2025-08-22 02:00:00,edge-3,32.586491623574176,67.77597333762469,61.50348603644262,15.388066037076664,0
2025-08-22 03:00:00,edge-3,59.75203543370426,92.16411854891362,36.229686503762714,21.81382413019953,0
2025-08-22 04:00:00,edge-3,67.36869843927671,26.40014465224806,75.95607428151308,10.37769348085622,0
2025-08-22 05:00:00,edge-3,14.516986709086098,69.78015909937855,130.3785280443547,11.169344170573531,0
2025-08-22 06:00:00,edge-3,56.15333785412728,73.53559555876235,86.31986193086868,18.647691298028693,0
2025-08-22 07:00:00,edge-3,59.05115955609642,89.22372754943366,90.755762745559,22.457721295474713,0
2025-08-22 08:00:00,edge-3,45.98997197930218,74.52093866580418,136.43078605168319,22.68891853450559,0
2025-08-22 09:00:00,edge-3,40.30342158365424,62.00631884317417,67.74627682020562,27.911997763457304,0
2025-08-22 10:00:00,edge-3,41.140064712140294,68.60146391020078,96.44978755415535,20.411319439447496,0
2025-08-22 11:00:00,edge-3,45.071472561865676,45.29924330877319,39.44635834732725,18.136735732697392,0
2025-08-22 12:00:00,edge-3,45.46855952468334,52.240638552845084,112.82876242903183,13.463202069223758,0
2025-08-22 13:00:00,edge-3,42.63834435864849,33.28594320596011,109.1802829827364,18.07686191786482,0
2025-08-22 14:00:00,edge-3,44.83287120976331,89.74059028688447,131.8214519266887,23.537646539983637,0
2025-08-22 15:00:00,edge-3,67.86187735769943,69.00314637901693,54.189754733144554,23.763611017435593,0
2025-08-22 16:00:00,edge-3,31.783568316272977,41.67775079350773,92.32449676910333,21.323095033642463,0
2025-08-22 17:00:00,edge-3,23.764123650926145,65.42713925325168,48.86118558167253,22.735574676473583,0
2025-08-22 18:00:00,edge-3,68.10177660851473,83.18695419988666,90.15573255376805,26.381917795372956,0
2025-08-22 19:00:00,edge-3,47.11973360989127,79.85584650908768,159.27152301764897,20.37635921559979,0
2025-08-22 20:00:00,edge-3,44.17651561276196,41.44722773667198,87.1698897610407,26.836594188751175,0
2025-08-22 21:00:00,edge-3,48.33174314400996,0.0,45.36320703020387,16.36676580350327,0
2025-08-22 22:00:00,edge-3,53.1391505116869,67.9077216979276,72.80482940100735,19.633544777297548,0
2025-08-22 23:00:00,edge-3,42.139231593224515,42.26260736323533,35.56192666331155,17.595833850697897,0
2025-08-23 00:00:00,edge-3,57.588966914709545,72.44655011961001,48.169084847711225,23.96352565869504,0
2025-08-23 01:00:00,edge-3,35.56606139286656,79.00540776672483,126.839477899816,14.927577767042756,0
2025-08-23 02:00:00,edge-3,45.47260733226221,82.27266222326764,42.14867050551586,18.391172622482546,0
2025-08-23 03:00:00,edge-3,16.77955617072871,94.89480971957063,112.4931436141951,10.701617545886732,0
2025-08-23 04:00:00,edge-3,67.58355702295663,84.72713836154607,101.02970703530293,22.971880427849307,0
2025-08-23 05:00:00,edge-3,47.358684551605556,94.99097657568043,78.73887003626663,26.233951378627417,0
2025-08-23 06:00:00,edge-3,60.05156137605738,87.58120686470662,109.09399920231107,24.553539756500484,0
2025-08-23 07:00:00,edge-3,57.148618763993746,89.32435148044334,62.49353962610978,24.063138067348888,0
2025-08-23 08:00:00,edge-3,58.24720670556983,59.18263721404455,133.63377603308186,24.197001979899742,0
2025-08-23 09:00:00,edge-3,49.883367071384804,34.213471375352455,72.06638805710675,23.498469142182525,0
2025-08-23 10:00:00,edge-3,55.82341089108762,100.0,84.54532445572453,23.071978112530395,0
2025-08-23 11:00:00,edge-3,35.58073381082083,61.2590587043204,79.78595978411572,23.394567288143133,0
2025-08-23 12:00:00,edge-3,32.43232165655401,84.57416127948468,127.57894257631064,16.721589350462207,0
2025-08-23 13:00:00,edge-3,48.483410997421174,48.994503379515564,121.77775654035597,18.999032782400768,0
2025-08-23 14:00:00,edge-3,39.80335429406351,79.27844885091278,10.0,20.351216303542564,0
2025-08-23 15:00:00,edge-3,71.3819625987414,11.100733499200686,110.16971745112716,18.32147430650243,0
2025-08-23 16:00:00,edge-3,55.627166439606654,51.79113217998092,30.21628672697676,12.168451819825801,0
2025-08-23 17:00:00,edge-3,39.25277914819191,58.03177833215423,86.34713151243348,13.824955065530311,0
2025-08-23 18:00:00,edge-3,45.9268934224163,69.25217536610373,95.673039130132,21.14988057511737,0
2025-08-23 19:00:00,edge-3,51.99509872982149,81.44049353202216,85.91767081872652,24.52887954360959,0
2025-08-23 20:00:00,edge-3,48.97995565776625,38.117141567393695,120.03276888395666,20.04670954579853,0
2025-08-23 21:00:00,edge-3,54.07619049401397,73.19936377840408,128.80306264318128,33.82410930927097,0
2025-08-23 22:00:00,edge-3,51.02981816693462,84.53333953273483,69.06136828722838,15.40118784922365,0
2025-08-23 23:00:00,edge-3,29.1401487729488,100.0,67.60811990010717,22.22471071032849,0
2025-08-24 00:00:00,edge-3,17.736431487441337,74.13255967675067,98.56121785389932,26.456013053247208,0
2025-08-24 01:00:00,edge-3,44.395864326620135,50.80988037037556,38.25071677735376,25.328385605827894,0
2025-08-24 02:00:00,edge-3,58.40739057647536,34.56470685783478,80.92088099249285,23.27533430887309,0
2025-08-24 03:00:00,edge-3,44.56446448154632,96.5840459573046,153.9231133354943,25.351269869210547,0
2025-08-24 04:00:00,edge-3,68.54846170107838,74.74683871185883,39.74797739157138,20.2769717382885,0
2025-08-24 05:00:00,edge-3,49.29669951051652,59.56048736839521,86.39530562746367,28.31440872410275,0
2025-08-24 06:00:00,edge-3,70.35794096377968,27.603634115563636,76.30796748279533,26.41579553177131,0
2025-08-24 07:00:00,edge-3,67.27855158896458,41.37632098203895,180.21071525551034,15.738861996447266,0
2025-08-24 08:00:00,edge-3,65.769302977617,72.62640577547873,78.48555173321387,21.607839688171932,0
2025-08-24 09:00:00,edge-3,31.947325486894993,67.07666048251801,80.80756458566016,12.263516852365738,0
2025-08-24 10:00:00,edge-3,50.257110019598024,21.07336882067092,58.76940288793078,27.608944866178547,0
2025-08-24 11:00:00,edge-3,68.34160231223471,72.65225113003657,100.37287214269004,21.12115720515867,0
2025-08-24 12:00:00,edge-3,54.08517087137058,28.6312710356008,110.8066822009475,26.743864220335062,0
2025-08-24 13:00:00,edge-3,58.31539857498452,87.08018137204519,64.56720609521624,19.45321247616085,0
2025-08-24 14:00:00,edge-3,29.181690423265678,64.17111829809915,139.54891202887862,10.718662506173445,0
2025-08-24 15:00:00,edge-3,78.781848959121,50.731571025014006,110.84254337154036,33.18683770534996,0
2025-08-24 16:00:00,edge-3,38.129383961518755,79.80308678221346,134.07597075060727,20.655442735936198,0
2025-08-24 17:00:00,edge-3,20.083622873747046,67.0699857689157,86.87457888640323,14.998956882991001,0
2025-08-24 18:00:00,edge-3,44.733113932624,86.49855217010037,109.72737323565333,25.72881144195444,0
2025-08-24 19:00:00,edge-3,13.287742227183998,61.609512267791345,91.47614020503673,30.17928640622148,0
2025-08-24 20:00:00,edge-3,33.7231228281325,62.776387328114275,158.30726197964597,18.987809127714932,0
2025-08-24 21:00:00,edge-3,88.37767749656669,54.29499134804182,104.65056549484248,19.50378794636514,1
2025-08-24 22:00:00,edge-3,44.2993883374517,65.25934285534326,100.35015793259996,21.190231173557898,0
2025-08-24 23:00:00,edge-3,28.583192480303136,93.95901759578507,81.67032003916343,14.445146842239499,0
2025-08-25 00:00:00,edge-3,50.379468298491766,49.944716598779124,79.36145478111345,16.54666275209315,0
2025-08-25 01:00:00,edge-3,36.53294382452037,72.95910298661272,109.50888299295308,28.909629321825108,0
2025-08-25 02:00:00,edge-3,62.96778799510895,42.391128339840975,132.78349837490856,19.338967810502425,0
2025-08-25 03:00:00,edge-3,36.656828309209395,18.66535764643102,72.61767608359648,15.81221510987395,0
2025-08-25 04:00:00,edge-3,54.06100565202738,64.14917480740219,105.06317108704515,17.739790518183625,0
2025-08-25 05:00:00,edge-3,32.79411444691311,67.40810846938847,107.36677964076459,25.36411843665067,0
2025-08-25 06:00:00,edge-3,88.9854221718583,57.79897461115032,114.33454065502441,10.120515574375306,0
2025-08-25 07:00:00,edge-3,57.554355800409716,30.080300584555278,31.700143925571254,21.273249486769245,0
2025-08-25 08:00:00,edge-3,47.81741303776299,66.08602149283243,63.01069201156047,32.31109372521231,0
2025-08-25 09:00:00,edge-3,45.605626240530725,65.32627268278891,45.366219195123975,30.155313136445148,0
2025-08-25 10:00:00,edge-3,41.696000251259534,42.224387378148535,101.31537706606983,22.866013904093364,0
2025-08-25 11:00:00,edge-3,38.58629780288723,32.9301685705396,63.96106520438756,26.582213050219902,0
2025-08-25 12:00:00,edge-3,38.17404910728221,54.95224144588065,80.15035526293009,26.534131423981375,0
2025-08-25 13:00:00,edge-3,75.17493275692928,73.05858493555537,52.228779043566156,19.370739982554507,0
2025-08-25 14:00:00,edge-3,41.71079063418142,68.33309463583981,83.8705385132879,24.623969016821533,0
2025-08-25 15:00:00,edge-3,18.058716400423684,42.38326004331844,55.035855951249246,28.942915093936783,0
2025-08-25 16:00:00,edge-3,32.510484186801584,62.738501700440146,130.31633768131803,13.681188784379344,0
2025-08-25 17:00:00,edge-3,63.915869299987065,77.74252810951134,119.16911879182311,22.883254387407984,0
2025-08-25 18:00:00,edge-3,46.21513915112995,36.546685814663704,106.0091712589741,21.807377240442758,0
2025-08-25 19:00:00,edge-3,47.988775997954434,61.26310736086388,87.92232281277727,20.515822424871057,0
2025-08-25 20:00:00,edge-3,67.54721677128639,86.79281960341746,18.492529347890994,20.0731665283269,0
2025-08-25 21:00:00,edge-3,38.34250116241545,34.50135689412204,81.67173498020617,21.158349862652145,0
2025-08-25 22:00:00,edge-3,59.48626583196356,83.11052582099018,69.54173825250504,21.577860989247423,0
2025-08-25 23:00:00,edge-3,39.981752753186115,92.3837490464477,109.89096869062087,25.593076464315892,0
2025-08-26 00:00:00,edge-3,58.638149551285004,55.55588949658227,124.78828675217487,22.3825733161359,0
2025-08-26 01:00:00,edge-3,44.13297123845512,53.139827619674385,112.98530649972346,19.11061702661814,0
2025-08-26 02:00:00,edge-3,46.376762377164646,80.66188838039119,150.52153236506354,15.800392712544854,0
2025-08-26 03:00:00,edge-3,62.30200486266916,56.277392499409615,77.2674306245964,17.63778741086481,0
2025-08-26 04:00:00,edge-3,61.220372115237495,12.937465986098154,75.60896474717426,21.305830514395154,0
2025-08-26 05:00:00,edge-3,47.51858021893123,58.02410810620841,141.5151291561031,16.469646310588363,0
2025-08-26 06:00:00,edge-3,42.925644950078215,69.40807936389126,106.64865578152536,24.729385443573108,0
2025-08-26 07:00:00,edge-3,73.98721376722482,74.80167707164937,90.12005037831136,22.150275703364276,0
2025-08-26 08:00:00,edge-3,58.83996217246953,42.387416704961545,173.8608457957913,25.717637100285053,0
2025-08-26 09:00:00,edge-3,44.13287287013172,54.60397761054783,123.1092218953073,16.805903895164867,0
2025-08-26 10:00:00,edge-3,40.20373455065368,79.53814528304599,92.37823304263667,15.844661676758754,0
2025-08-26 11:00:00,edge-3,65.3734626041321,58.80002757173325,72.562207454108,25.680286131338327,0
2025-08-26 12:00:00,edge-3,51.73100129079739,29.42524012078173,153.06050686335476,20.64976978333777,0
2025-08-26 13:00:00,edge-3,47.546705073108704,84.75276019240752,108.27988083558677,18.98741435549055,0
2025-08-26 14:00:00,edge-3,51.72462763343891,55.7177795524551,100.98067678153708,23.49330247826198,0
2025-08-26 15:00:00,edge-3,55.066953119554874,81.82437554362761,127.0510570982036,23.307246193228636,0
2025-08-26 16:00:00,edge-3,49.14966278853843,32.09086608266901,135.20351427415898,13.721181316333539,0
2025-08-26 17:00:00,edge-3,68.05530300264492,57.5802650482183,121.99479937963588,26.923225615430447,0
2025-08-26 18:00:00,edge-3,68.89007714317981,70.19472047354469,135.35902302527776,17.947965282923132,0
2025-08-26 19:00:00,edge-3,57.97832178802699,58.25710276998024,118.05497435610728,28.500090238709525,0
2025-08-26 20:00:00,edge-3,70.62078485743442,36.33987595358015,122.19562333720907,13.332256932181686,0
2025-08-26 21:00:00,edge-3,50.12745152207333,12.263933863129708,70.7344858062626,21.586994412401555,0
2025-08-26 22:00:00,edge-3,60.35496507506923,90.4653025900672,172.41415526470234,19.07189399530762,0
2025-08-26 23:00:00,edge-3,65.06684478307912,64.9607640380265,50.652933640371884,10.123826617829081,0
2025-08-27 00:00:00,edge-3,65.28557420024916,83.33602105582275,112.37510457989896,23.291039890258315,0
2025-08-27 01:00:00,edge-3,63.73998721607516,78.57338198720899,46.52931767285569,10.38031486627497,0
2025-08-27 02:00:00,edge-3,59.46783791122527,71.93693652239158,96.07485044656178,18.54166569516487,0
2025-08-27 03:00:00,edge-3,79.35692173457129,53.573252897058644,77.1482544852766,25.521377388580937,0
2025-08-27 04:00:00,edge-3,41.90456322101763,69.79533851278256,105.43023485375934,17.349820113524807,0
2025-08-27 05:00:00,edge-3,47.67168818659684,88.6507389274145,113.67030725430581,15.481329242422401,0
2025-08-27 06:00:00,edge-3,46.782342850247986,61.66021856547514,61.74665188021632,24.00178235281005,0
2025-08-27 07:00:00,edge-3,44.47899282854286,98.0340208879838,98.82342180193697,18.752409747353003,0
2025-08-27 08:00:00,edge-3,20.168419348775956,30.01156227066288,155.74696889825128,17.97470152655089,0
2025-08-27 09:00:00,edge-3,70.62297208562372,27.861827774751063,47.50939609994157,26.374962385846615,0
2025-08-27 10:00:00,edge-3,34.60939311430584,79.76150429038788,65.83784923351735,14.163606324227114,0
2025-08-27 11:00:00,edge-3,52.54722363119146,43.625141269582436,134.4301859166134,17.70196372264789,0
2025-08-27 12:00:00,edge-3,28.672082334876702,100.0,103.10219252985681,24.332235055348853,0
2025-08-27 13:00:00,edge-3,59.31073596079608,86.74682742465887,106.04619719298258,13.84026322245241,0
2025-08-27 14:00:00,edge-3,38.21905946089703,91.75143013516083,140.8920939476931,28.87673579868097,0
2025-08-27 15:00:00,edge-3,32.96057113836413,77.688726111025,68.2372519280683,18.915762574666136,0
2025-08-27 16:00:00,edge-3,52.9151519672256,41.56832752659412,79.22659079609618,24.372636907061825,0
2025-08-27 17:00:00,edge-3,39.48898129276057,26.813167997296162,74.29432534132646,24.36217589011271,0
2025-08-27 18:00:00,edge-3,41.3876135587044,89.90589338378044,86.07187810657749,19.238560380187863,0
2025-08-27 19:00:00,edge-3,52.57684422799431,30.008635879758856,153.58088339790714,17.604939440767204,0
2025-08-27 20:00:00,edge-3,61.99984180451626,91.6977137545504,31.95679617901952,19.78517719022902,0
2025-08-27 21:00:00,edge-3,37.72399268192433,73.3922952045871,52.23124756359708,23.563421237451877,0
2025-08-27 22:00:00,edge-3,35.1321128901275,58.47494692359796,45.37267730827283,15.067875780195711,0
2025-08-27 23:00:00,edge-3,50.35225500023412,68.84095368670623,156.0677580274387,13.983707056344482,0
2025-08-28 00:00:00,edge-3,58.08878870387123,69.30581870898199,75.42400261200947,27.421013608768114,0
2025-08-28 01:00:00,edge-3,71.94132787790937,55.9517922282584,86.93305415660005,16.325724647835518,0
2025-08-28 02:00:00,edge-3,33.93005602559448,88.51374469838628,35.41463288316254,21.770419410142015,0
2025-08-28 03:00:00,edge-3,45.23049348094429,87.82801721199068,89.50455855336325,18.988978955504486,0
2025-08-28 04:00:00,edge-3,67.63679037612881,63.113186036418824,134.66086883367868,19.21067194388294,0
2025-08-28 05:00:00,edge-3,79.59641804208078,48.000112265993906,110.11828193091853,27.151948606938223,0
2025-08-28 06:00:00,edge-3,35.10363501036869,86.11908088808582,95.68543794805498,19.574154061212383,0
2025-08-28 07:00:00,edge-3,38.91782120290025,19.548792397223608,37.404578981930364,18.215869358910613,0
2025-08-28 08:00:00,edge-3,55.716501419147896,68.87785214022645,86.88191650768113,18.651421818625536,0
2025-08-28 09:00:00,edge-3,41.33385286710369,74.79150216417844,105.87659055703529,17.48270790461247,0
2025-08-28 10:00:00,edge-3,38.61152368235071,43.43296330443975,60.32700571866781,16.64954653687478,0
2025-08-28 11:00:00,edge-3,53.66705909553361,79.47570974875293,126.19564631911524,17.5027656854206,0
2025-08-28 12:00:00,edge-3,73.24129930609666,59.472282773667466,135.4027418658028,28.316050564443078,0
2025-08-28 13:00:00,edge-3,30.35776557350921,49.08599756101764,78.8540516538362,23.557444135302127,0
2025-08-28 14:00:00,edge-3,72.4750116166927,79.26446679327344,129.03328775086817,18.274017255701636,0
2025-08-28 15:00:00,edge-3,41.37846172125668,38.28631142604502,95.61041610063867,24.90827817309411,0
2025-08-28 16:00:00,edge-3,55.18687881887298,77.38386673127759,145.88551926315253,12.064030993063149,0
2025-08-28 17:00:00,edge-3,73.86276081652791,20.353075723614886,181.36602640232323,26.878391758578353,0
2025-08-28 18:00:00,edge-3,54.87985388453168,65.71408893462393,56.25338072267013,26.475778849134613,0
2025-08-28 19:00:00,edge-3,45.537634277012174,60.876879124269884,130.77937614186663,31.181670070118205,0
2025-08-28 20:00:00,edge-3,60.77263434042109,49.206084662684795,152.1985826465091,25.057757195393286,0
2025-08-28 21:00:00,edge-3,47.402506965013394,67.79249735778022,61.172786385926706,22.18617271932586,0
2025-08-28 22:00:00,edge-3,57.820265743919215,58.40859741264424,76.99517327125359,26.455701924340744,0
2025-08-28 23:00:00,edge-3,46.92978502433271,81.09391254611094,76.54491607083185,16.870952843132017,0
2025-08-29 00:00:00,edge-3,62.91729345483558,71.2030197760687,94.68875045855512,18.02291754148925,0
2025-08-29 01:00:00,edge-3,29.086524611746757,69.05388465748706,85.74537975117514,19.678775907732806,0
2025-08-29 02:00:00,edge-3,34.79717563859486,65.83722407120409,92.06861647779671,26.844407654501964,0
2025-08-29 03:00:00,edge-3,28.866073626980807,50.55667086905916,133.51953313112674,15.72060823608883,0
2025-08-29 04:00:00,edge-3,49.153558562054904,53.963929000486054,24.167531124553747,15.189691512151704,0
2025-08-29 05:00:00,edge-3,27.056926717853443,64.96431680441779,61.04426313434496,21.182690391035084,0
2025-08-29 06:00:00,edge-3,39.622526373997715,56.53281025785728,126.79712304839467,23.58765248537933,0
2025-08-29 07:00:00,edge-3,33.387370931467885,82.22905660865992,122.11104594483498,16.484597120299618,0
2025-08-29 08:00:00,edge-3,72.19514344308236,61.869003790875055,57.65831223866438,23.352089763859667,0
2025-08-29 09:00:00,edge-3,35.13979471736241,67.51933215650263,122.38807801214676,26.84199671025202,0
2025-08-29 10:00:00,edge-3,30.701814456149865,31.946321322088778,153.07467827279103,26.002308467417624,0
2025-08-29 11:00:00,edge-3,53.72507800648654,78.86460544120754,98.03893942137961,21.76646384264121,0
2025-08-29 12:00:00,edge-3,75.30231731842491,48.37652812651313,59.68155911744454,19.547011255555113,0
2025-08-29 13:00:00,edge-3,48.258993811314724,39.14692835406572,134.99817025256988,28.67811817823707,0
2025-08-29 14:00:00,edge-3,49.41921040284404,92.92372018225143,168.92181723883493,20.077019972457254,0
2025-08-29 15:00:00,edge-3,69.36136191617715,73.95243044865182,64.55438786241743,24.701773098076025,0
2025-08-29 16:00:00,edge-3,63.173440073246695,79.5419143778355,101.57008295800135,29.791407395927884,0
2025-08-29 17:00:00,edge-3,56.38122476917839,69.08992365814635,143.6062253954808,24.17634039814967,0
2025-08-29 18:00:00,edge-3,41.2648890739971,58.13698408192578,104.61434859852746,15.014543835464936,0
2025-08-29 19:00:00,edge-3,56.839368594299195,54.40791983887473,30.108146679676594,13.804886093458563,0
2025-08-29 20:00:00,edge-3,29.588238569709695,75.58220370913341,117.73670875143193,18.5118528996845,0
2025-08-29 21:00:00,edge-3,40.64486675911103,82.65038084476586,60.84765454708404,23.547495617291126,0
2025-08-29 22:00:00,edge-3,71.47193976432874,58.63632504148308,49.171096040239455,22.223929334220067,0
2025-08-29 23:00:00,edge-3,69.52989027111683,100.0,30.89008036056819,31.035410327318367,0
2025-08-30 00:00:00,edge-3,56.56227049003064,56.05362900578381,147.61629172662722,22.175281438807033,0
2025-08-30 01:00:00,edge-3,21.059694179350124,32.11983110220055,66.61154723930295,18.36279391624683,0
2025-08-30 02:00:00,edge-3,31.876677080252747,25.569545180120464,113.33344720991488,14.33328948445055,0
2025-08-30 03:00:00,edge-3,39.80791357078897,26.244492642413462,123.15817722317611,25.902186889486725,0
2025-08-30 04:00:00,edge-3,47.42451452991924,51.7237641485501,106.472759592608,19.969693853958745,0
2025-08-30 05:00:00,edge-3,31.243832742410554,55.35963957774434,111.86283119895886,12.469301158836341,0
2025-08-30 06:00:00,edge-3,46.30529414626652,73.65199275359784,115.24192349597986,20.111303014576347,0
2025-08-30 07:00:00,edge-3,76.50942857233034,59.427839294924574,105.52390746581575,15.021309444364965,0
2025-08-30 08:00:00,edge-3,56.01253815288009,76.8674206926837,69.59361942735904,17.87181244825092,0
2025-08-30 09:00:00,edge-3,53.282399434415545,60.89785665245655,66.02651351393644,20.03095988221333,0
2025-08-30 10:00:00,edge-3,34.73666871472268,60.27042852253732,95.80073823296296,15.474109758325046,0
2025-08-30 11:00:00,edge-3,25.41522819931239,48.44970251983106,94.95343807803934,17.561879155218218,0
2025-08-30 12:00:00,edge-3,31.57705361685443,88.45176920795626,117.17278929706299,16.279400829433406,0
2025-08-30 13:00:00,edge-3,24.80916277938485,29.370314068440106,144.0660026866064,16.413554018398823,0
2025-08-30 14:00:00,edge-3,51.12552893362264,66.02620581427763,113.75621442277962,14.9598974143422,0
2025-08-30 15:00:00,edge-3,55.758287066110384,56.36699076501533,67.56465123531356,17.586177176984386,0
2025-08-30 16:00:00,edge-3,35.520650707709805,75.63509195009001,12.753767410775353,15.526507791130234,0
2025-08-30 17:00:00,edge-3,52.218790098637214,59.58341197688302,69.24251176482704,22.932920579879227,0
2025-08-30 18:00:00,edge-3,72.03490724348426,60.17287411231797,46.22038553893898,21.004000267651453,0
2025-08-30 19:00:00,edge-3,79.36546013520855,54.667207553805774,70.78511190556804,25.97357612495394,0
2025-08-30 20:00:00,edge-3,61.556155261238274,87.86512808263996,109.69107955460845,29.433516952188015,0
2025-08-30 21:00:00,edge-3,47.377392440624845,60.048117701205804,103.37562031354705,23.386625069608847,0
2025-08-30 22:00:00,edge-3,61.07156365814383,99.39302423226945,174.32710467752838,22.24793512316654,0
2025-08-30 23:00:00,edge-3,70.27714975516942,65.44494163255072,119.32326208328745,23.70168636147447,0
2025-08-31 00:00:00,edge-3,19.891577933141615,60.43519681594654,176.36669133258806,22.332944085010794,0
2025-08-31 01:00:00,edge-3,72.23103556694625,57.09346080291124,128.60557615959706,20.25099672713296,0
2025-08-31 02:00:00,edge-3,41.831197691104066,71.28493799370356,143.4282697322014,19.853370968263008,0
2025-08-31 03:00:00,edge-3,41.97555567593765,48.232132541855876,85.64390913516166,14.891650179689842,1
2025-08-31 04:00:00,edge-3,44.67608041121123,62.914847980780735,57.01962866682833,24.194597771524197,0
2025-08-31 05:00:00,edge-3,54.80126208163633,60.16274028215637,82.04160436796482,19.84352595070835,0
2025-08-31 06:00:00,edge-3,33.33118619451851,66.50495398530379,99.52521877288005,27.24759487145321,0
2025-08-31 07:00:00,edge-3,45.727789479635724,67.0006065252351,74.87364463979915,24.57567951792658,0
2025-08-31 08:00:00,edge-3,57.87915809746836,68.03989760367826,59.95430302116595,16.870241888620114,0
2025-08-31 09:00:00,edge-3,53.27856873910989,61.89809492346584,116.67350769683038,26.233455234493775,0
2025-08-31 10:00:00,edge-3,55.71221771542204,91.37886984698747,59.78411335210991,7.196290217482117,0
2025-08-31 11:00:00,edge-3,45.14046931428156,68.45137632364967,38.660322075258776,29.65112872478906,0
2025-08-31 12:00:00,edge-3,60.40564928693987,100.0,55.11655544409617,13.307773611251674,0
2025-08-31 13:00:00,edge-3,65.84624183004283,60.99702817131745,90.62578046947007,22.475560895854347,0
2025-08-31 14:00:00,edge-3,64.94658968244067,79.1782658491035,60.36323568941907,22.137080830737638,0
2025-08-31 15:00:00,edge-3,56.41415349264704,45.479015832506384,90.8764038672596,25.61858430920875,0
2025-08-31 16:00:00,edge-3,64.08338913085518,88.01578510622608,124.01777221116839,18.35651596347794,0
2025-08-31 17:00:00,edge-3,63.06590876172096,45.914321264510605,122.97772187453404,9.272407640689721,0
2025-08-31 18:00:00,edge-3,90.1476186002622,69.1175603591219,73.56696363642756,18.36356044309722,0
2025-08-31 19:00:00,edge-3,68.27100605073062,54.71145596871747,47.842336518442025,18.904188487501713,0
2025-08-31 20:00:00,edge-3,48.66883795047078,69.04015594233765,76.97506139403171,9.75403991691348,0
2025-08-31 21:00:00,edge-3,36.324810689796955,55.304075262570194,126.22579239134201,20.226858044803688,0
2025-08-31 22:00:00,edge-3,46.08289617861334,44.21494212157568,135.56784916178273,14.620742556677273,0
2025-08-31 23:00:00,edge-3,45.02322716600031,54.568154204044305,114.11559684133412,23.245425515467268,0
2025-09-01 00:00:00,edge-3,57.67133851588802,90.83160248283292,148.0574420398168,18.76960132086743,0
2025-09-01 01:00:00,edge-3,39.49615632216051,69.34552537010295,169.16808478477492,29.805474427598668,0
2025-09-01 02:00:00,edge-3,67.88265757280605,34.22299940241737,80.67088287481889,18.71910671579759,0
2025-09-01 03:00:00,edge-3,29.156554911570566,81.90765402480119,159.46253015945962,22.151956331705975,0
2025-09-01 04:00:00,edge-3,25.51212295525376,42.16971639345442,89.57801916833026,18.934642467702485,0
2025-09-01 05:00:00,edge-3,47.973259881119766,74.86718576116304,140.79394789040256,11.883659057697958,0
2025-09-01 06:00:00,edge-3,37.36161426206733,71.06330295191812,128.3428987469105,18.97643497431252,0
2025-09-01 07:00:00,edge-3,31.126492190235552,72.3262093250271,20.917663229895027,23.767067205857394,0
2025-09-01 08:00:00,edge-3,40.443950674927365,97.0637833233636,61.35091460292839,23.00994902832481,0
2025-09-01 09:00:00,edge-3,38.577712563816156,43.427181501959694,51.14848334758568,18.533661310860662,0
2025-09-01 10:00:00,edge-3,50.152014968513285,72.21589551773658,28.71811873496449,12.716219415420175,0
2025-09-01 11:00:00,edge-3,40.69293817528608,85.19177224864772,135.17259933582625,23.22229293866643,0
2025-09-01 12:00:00,edge-3,41.912984626248914,47.13316596750256,182.75087420480264,22.097432927317442,0
2025-09-01 13:00:00,edge-3,49.927014226680605,45.08492838970011,89.69309981203787,24.217054269262995,1
2025-09-01 14:00:00,edge-3,65.21362356103137,54.25624922455131,134.16626661465517,18.629439023826887,0
2025-09-01 15:00:00,edge-3,72.06118198233186,66.49466071644135,159.38501270762976,11.578126035952211,0
2025-09-01 16:00:00,edge-3,52.21651343726097,31.790474520780965,108.33326800731038,22.668800915383475,0
2025-09-01 17:00:00,edge-3,53.383146781557805,71.02803981716632,98.98747740339842,19.95428617463258,0
2025-09-01 18:00:00,edge-3,47.25219474056239,31.832265165085467,90.1724828903163,26.958418867000564,0
2025-09-01 19:00:00,edge-3,57.218729300886174,85.86661651614892,121.50235528819894,20.14366516223209,0
2025-09-01 20:00:00,edge-3,55.853290408762085,70.27533656180246,134.98776200130322,19.77266555405249,0
2025-09-01 21:00:00,edge-3,69.88771524632618,98.26279744271208,118.47219624156722,22.086272359329904,0
2025-09-01 22:00:00,edge-3,21.669430562668566,73.37567521218597,117.09852303267468,17.015344655994344,0
2025-09-01 23:00:00,edge-3,46.48253384431688,53.904790977580156,97.95188395168181,16.774321394382152,0
2025-09-02 00:00:00,edge-3,55.08784803691466,44.02645729564673,36.28181899708893,19.51052366831029,0
2025-09-02 01:00:00,edge-3,49.60574063686833,64.77782116155724,135.90865555026386,15.397968458650139,0
2025-09-02 02:00:00,edge-3,35.91240451855832,59.3949882304425,48.61499521540608,18.85452267267017,0
2025-09-02 03:00:00,edge-3,30.50949981139284,83.72278069754553,124.77542568343286,29.6978067872435,0
2025-09-02 04:00:00,edge-3,62.09483639043293,41.42762367290301,130.22946599971817,25.213168633631835,0
2025-09-02 05:00:00,edge-3,38.64611224405378,100.0,54.38271582037095,21.540189706998248,0
2025-09-02 06:00:00,edge-3,23.676492627415968,85.49553883429988,75.68796837579382,27.75838630477459,0
2025-09-02 07:00:00,edge-3,62.848592900148475,55.92952739485712,184.8589820555898,15.875519509966772,0
2025-09-02 08:00:00,edge-3,56.88474350669098,95.95641795275239,96.82071048522474,32.452199349399976,0
2025-09-02 09:00:00,edge-3,48.26188853812647,44.33743809885455,51.19145298261925,17.69748741220136,0
2025-09-02 10:00:00,edge-3,36.28172610858457,64.11179579830457,132.03516958852163,30.0190294775459,0
2025-09-02 11:00:00,edge-3,48.298378349442594,34.470578968606915,69.09299177707275,29.997015238898243,0
2025-09-02 12:00:00,edge-3,68.23381400778808,96.9313851260282,23.17903910183618,11.233850966013973,0
2025-09-02 13:00:00,edge-3,25.779510709568005,27.05226373838044,120.79078192185868,27.335460715709072,0
2025-09-02 14:00:00,edge-3,26.540335748906088,31.191166074756843,63.33528736867486,18.58045429773662,0
2025-09-02 15:00:00,edge-3,40.58352015631384,47.30573785877593,112.84753368889753,17.16015771340965,0
2025-09-02 16:00:00,edge-3,49.60034469810192,86.44647349352323,67.49239847590543,22.62319060082493,0
2025-09-02 17:00:00,edge-3,42.55562153174329,79.0968977215777,128.2881677707874,14.960423376226208,0
2025-09-02 18:00:00,edge-3,59.64224862750529,62.44101256458213,107.33993298423742,22.509985439581392,0
2025-09-02 19:00:00,edge-3,66.3325091667252,80.3785242233459,10.0,15.296027588512167,0
2025-09-02 20:00:00,edge-3,54.18153161911202,57.691725505777015,115.28050162818352,20.885396396309094,0
2025-09-02 21:00:00,edge-3,58.40648515634156,68.44857558535992,88.41074686278439,26.67681289545074,0
2025-09-02 22:00:00,edge-3,54.08149328035509,93.03452151312231,156.6687056876322,21.932589677162266,0
2025-09-02 23:00:00,edge-3,50.14262136372977,55.06762253591573,115.80831396063405,18.201042063594265,0
2025-09-03 00:00:00,edge-3,30.596619502779575,44.672547584565876,130.2463137501206,22.7070555541896,0
2025-09-03 01:00:00,edge-3,34.58012438596057,69.40743428653981,71.578367959163,12.9675987899755,0
2025-09-03 02:00:00,edge-3,29.736222845421096,74.80548614983101,68.39728996728147,15.805696079019828,0
2025-09-03 03:00:00,edge-3,47.77242807558374,62.208954742905576,98.97402675757739,17.848649697464925,0
2025-09-03 04:00:00,edge-3,53.484170468815584,80.06762627412066,85.57535492824603,23.93425123059063,0
2025-09-03 05:00:00,edge-3,28.261064228279352,55.974817275329755,153.52036208840326,22.028993769107146,0
2025-09-03 06:00:00,edge-3,51.08892570653011,62.55092019166984,93.8672376510669,22.67583227250671,0
2025-09-03 07:00:00,edge-3,36.87175507609687,67.4914976512722,51.00713000065086,19.863087255447834,0
2025-09-03 08:00:00,edge-3,33.96200984694711,65.74722076074889,66.89676345245357,16.059501769987175,0
2025-09-03 09:00:00,edge-3,40.619758751589366,92.26543258577698,138.60204338456018,27.44058468284668,0
2025-09-03 10:00:00,edge-3,33.1928525248243,67.39112500000664,93.30970622948293,16.5110327276617,0
2025-09-03 11:00:00,edge-3,59.0998867693893,53.92195730157298,91.17152928200954,22.095194748529103,0
2025-09-03 12:00:00,edge-3,47.47993372926609,70.55963402982023,142.40750276871185,19.43947673423125,0
2025-09-03 13:00:00,edge-3,62.228210854813824,80.17701680540253,63.40947244537833,22.81496583517328,0
2025-09-03 14:00:00,edge-3,43.34755471840595,75.48470883037591,10.592948062906785,16.97256507391532,0
2025-09-03 15:00:00,edge-3,43.91470907174472,74.37615142325957,65.8853341457343,25.26338580443525,0
2025-09-03 16:00:00,edge-3,78.10073961220183,30.038997129719306,109.68356354185364,26.891389579179684,1
2025-09-03 17:00:00,edge-3,25.654092924794913,10.149747663193452,90.01953918647642,24.956615412481856,0
2025-09-03 18:00:00,edge-3,69.2672186512955,85.50529077241248,37.58281519662269,20.78812662986824,0
2025-09-03 19:00:00,edge-3,74.81786056468741,68.77714892412264,140.64238125406203,17.824373769481582,0
2025-09-03 20:00:00,edge-3,61.48726244392249,59.5684516676946,106.53987784337794,34.110558919297794,0
2025-09-03 21:00:00,edge-3,45.04294295943463,73.88626055560309,115.56058778853968,15.041877276190156,0
2025-09-03 22:00:00,edge-3,71.40353107609613,98.54619871331826,116.7844103913348,24.406147758600664,0
2025-09-03 23:00:00,edge-3,45.17357960165002,88.27062331692821,48.05903016600419,21.66392444038312,0
2025-09-04 00:00:00,edge-3,39.41321621433918,79.24441145603916,112.11515665717963,19.687312789106393,0
2025-09-04 01:00:00,edge-3,44.17597483712504,42.26548734334713,136.29815132808025,20.925814698670074,0
2025-09-04 02:00:00,edge-3,41.447093913221934,44.86418394060247,145.6124092148262,17.44892348319349,0
2025-09-04 03:00:00,edge-3,35.80065312620627,12.271906372645859,128.8505330005181,22.13527771622624,0
2025-09-04 04:00:00,edge-3,66.65011751163448,72.6702694776984,120.52518634368099,21.58412242980034,0
2025-09-04 05:00:00,edge-3,38.39827471067325,82.17254394922332,30.503149409183436,33.388266114625864,0
2025-09-04 06:00:00,edge-3,49.555295166179405,83.80356092383025,99.40261388890119,25.354111075418807,0
2025-09-04 07:00:00,edge-3,28.343421659017938,73.50860942553551,61.737026022542146,22.579413860632037,0
2025-09-04 08:00:00,edge-3,50.46216022623788,56.91866283545372,151.28671527785434,22.87779466654813,0
2025-09-04 09:00:00,edge-3,32.66110933665891,48.714450761797124,145.21517969508199,29.197688277478726,0
2025-09-04 10:00:00,edge-3,32.29271265612151,43.4927040781847,61.97884757119227,15.14786717629864,0
2025-09-04 11:00:00,edge-3,48.36068134855876,56.73150301669602,98.16087265175938,19.086336281191148,0
2025-09-04 12:00:00,edge-3,65.85458397771403,40.443474922071026,109.94037774028428,10.464305861606363,0
2025-09-04 13:00:00,edge-3,56.60620531609695,95.11908130017174,136.03165029956136,22.793869210809508,0
2025-09-04 14:00:00,edge-3,57.63680579199139,33.95256893868798,32.975270005301866,24.2408687527215,0
2025-09-04 15:00:00,edge-3,48.05124230031489,56.05893446221554,11.615107446494704,15.02199973882583,0
2025-09-04 16:00:00,edge-3,44.96539602274224,21.275631731382518,101.52594043363285,27.175400090003517,0
2025-09-04 17:00:00,edge-3,61.86710957741354,65.9310972259613,10.0,16.40560003687607,0
2025-09-04 18:00:00,edge-3,41.55234256518796,59.952325804857395,106.34289639248257,18.287659454917183,0
2025-09-04 19:00:00,edge-3,62.516512316715435,52.86419292720921,123.68831094330969,20.59782957810016,0
2025-09-04 20:00:00,edge-3,68.53920408401089,41.344334679398926,149.44319633311093,27.970981813799074,0
2025-09-04 21:00:00,edge-3,37.37919825536334,60.04923671175233,75.09726994976029,15.709010909595507,0
2025-09-04 22:00:00,edge-3,39.583317565501886,49.110782199715246,106.44726584540625,21.456235626828416,0
2025-09-04 23:00:00,edge-3,41.814567403780934,57.26264221266661,126.06039358641297,23.874188773962114,0
2025-09-05 00:00:00,edge-3,27.995560613698803,99.14860003835986,52.9711996634257,22.842350818397428,0
2025-09-05 01:00:00,edge-3,42.958959025492135,63.443544317851384,136.61391191006393,23.027005165333517,0
2025-09-05 02:00:00,edge-3,69.52174605829258,70.65734415948066,110.973693009106,23.807501110869705,0
2025-09-05 03:00:00,edge-3,34.31636686496979,50.7107044863901,75.7821467717676,17.226386376974393,0
2025-09-05 04:00:00,edge-3,69.87794162980923,44.31128980650476,105.65522288902385,28.438898934151624,0
2025-09-05 05:00:00,edge-3,43.49833313070384,59.54084573102704,94.42662059281042,19.444253009137867,0
2025-09-05 06:00:00,edge-3,81.71053455654129,100.0,131.2029580099146,18.780758985087974,0
2025-09-05 07:00:00,edge-3,39.77280402026859,54.25144610212079,85.5815963941227,26.73812750656877,0
2025-09-05 08:00:00,edge-3,47.84027075266761,67.22875606729644,109.08361973515437,16.84716566561515,0
2025-09-05 09:00:00,edge-3,36.347254022114,43.4320296981892,75.1627352738675,21.601390953495105,0
2025-09-05 10:00:00,edge-3,39.68448839621261,4.89455923196499,62.486286452330695,16.385826880023814,0
2025-09-05 11:00:00,edge-3,70.07268750287587,44.20337336136688,106.86131167639394,32.59617907722509,0
2025-09-05 12:00:00,edge-3,57.1180502770847,100.0,64.12929331925721,31.543272583633943,0
2025-09-05 13:00:00,edge-3,65.43226668766174,71.90780589449533,132.0232116579529,19.44879509281727,0
2025-09-05 14:00:00,edge-3,30.266160485149513,92.81848402106903,123.68930128708494,22.59928586750266,0
2025-09-05 15:00:00,edge-3,59.82242679736873,53.04555530136048,69.39542174624452,20.025999025236903,0
2025-09-05 16:00:00,edge-3,35.42835024919293,12.863377924866775,108.5512172749273,18.257002557958007,0
2025-09-05 17:00:00,edge-3,29.94022230450721,37.825819930751095,69.21200398663933,20.59815749552933,0
2025-09-05 18:00:00,edge-3,53.58149208280334,67.94049522088338,35.827487767932965,19.796992823887702,0
2025-09-05 19:00:00,edge-3,53.4280750011712,64.75227721872902,76.11099330211853,12.396662962840178,0
2025-09-05 20:00:00,edge-3,50.80018679448725,59.79152406843542,97.98732682909159,21.31511660782795,0
2025-09-05 21:00:00,edge-3,60.763376189414984,49.39501975127362,120.85634899654134,19.78853563743678,0
2025-09-05 22:00:00,edge-3,63.10349476450516,78.79431373606488,105.97919721881355,21.56100228316768,0
2025-09-05 23:00:00,edge-3,72.0459400879055,49.97306651998077,136.30698460112916,19.61241111117759,0
2025-09-06 00:00:00,edge-3,32.14485502541247,66.156337403254,60.75335314333704,18.198303182607273,0
2025-09-06 01:00:00,edge-3,72.53024368175338,63.906563300652074,84.93206448351361,24.37455030137849,0
2025-09-06 02:00:00,edge-3,78.23467234543364,52.62995113275575,165.774668070653,22.665672018542033,0
2025-09-06 03:00:00,edge-3,44.50654975321948,42.37407897920873,22.756797881967003,26.98023649967844,0
2025-09-06 04:00:00,edge-3,24.972624753902355,51.45339826554078,81.92182776296022,22.473648822361653,0
2025-09-06 05:00:00,edge-3,29.24751630396323,97.47243565395493,57.14024208949405,19.01196724092433,0
2025-09-06 06:00:00,edge-3,43.072229285994325,82.24895726532357,92.18406382983684,23.083842630922177,0
2025-09-06 07:00:00,edge-3,80.21212385461133,80.40777462563958,82.62210050255533,10.096934203805144,0
2025-09-06 08:00:00,edge-3,50.25620000304768,44.2707258645037,124.08621752360332,30.51839944365393,0
2025-09-06 09:00:00,edge-3,40.742238248722806,31.24621454066221,110.22082637638019,21.371900718887836,0
2025-09-06 10:00:00,edge-3,39.718966124640545,81.92988431517242,47.775297123588786,30.92227947062877,0
2025-09-06 11:00:00,edge-3,30.15916512491313,78.09534520899888,76.4735170728365,15.653274701596839,0
2025-09-06 12:00:00,edge-3,63.11864044520585,62.74497953365105,99.99531803497254,14.411773086929678,0
2025-09-06 13:00:00,edge-3,48.618968829213735,52.589202248330785,129.57523536156057,21.829166463321574,0
2025-09-06 14:00:00,edge-3,81.49744264643648,30.721106915299366,197.31825138719705,21.812673713833295,0
2025-09-06 15:00:00,edge-3,59.42314094639676,77.34800888757005,128.1118315582167,21.69122387218472,0
2025-09-06 16:00:00,edge-3,62.44904474085905,83.7227022993182,59.50000317802058,20.929131016252402,0
2025-09-06 17:00:00,edge-3,46.368427538859834,46.41815143017611,96.24618978403214,16.859414195368053,0
2025-09-06 18:00:00,edge-3,33.634544927397684,44.748007985207536,107.23904780135236,12.573221029607392,0
2025-09-06 19:00:00,edge-3,36.8962852950623,84.82123850017607,79.22436518625915,21.41575278325343,0
2025-09-06 20:00:00,edge-3,29.461295841663773,47.162710742130365,118.81031223738175,13.587039998508095,0
2025-09-06 21:00:00,edge-3,63.655920797271364,95.58120415712764,10.0,13.114968511306365,0
2025-09-06 22:00:00,edge-3,44.22627219131171,57.8189648426858,122.12598485311997,18.096841007658814,0
2025-09-06 23:00:00,edge-3,64.287508093881,52.26876586266701,80.9445031027811,22.153294926641916,0
2025-09-07 00:00:00,edge-3,52.03871603461345,60.902160024267936,95.611790732179,29.938796186281465,0
2025-09-07 01:00:00,edge-3,45.60772466344331,52.267365312719605,158.62891756106,24.89629651626897,0
2025-09-07 02:00:00,edge-3,32.45595747547175,82.52424772695363,49.539312975643114,27.166087935645404,0
2025-09-07 03:00:00,edge-3,54.524490994440164,77.71620279150774,110.90877114415322,23.26830843771536,0
2025-09-07 04:00:00,edge-3,46.72050475329807,81.76212585501663,131.7568631602579,21.834268594718658,0
2025-09-07 05:00:00,edge-3,63.532758919331314,63.690394813881255,106.81345833145203,32.52895157428046,0
2025-09-07 06:00:00,edge-3,39.26883986186602,50.87291003383274,35.43230777919295,13.385721930538036,0
2025-09-07 07:00:00,edge-3,59.241616602455544,59.818719851445344,154.01586509205308,17.933848418028777,0
2025-09-07 08:00:00,edge-3,74.61272624333806,51.48606416859452,91.54583798374576,18.32410115208794,0
2025-09-07 09:00:00,edge-3,54.088338719895795,89.33193026365919,78.89836599687887,24.46778510679161,0
2025-09-07 10:00:00,edge-3,61.77937179112822,80.04547447597203,87.58068471228322,15.10611621156956,0
2025-09-07 11:00:00,edge-3,58.57835369266369,58.1695386628558,84.71414435977667,23.817148037883005,0
2025-09-07 12:00:00,edge-3,78.47137226776283,41.47050086457459,52.39281309000895,22.898249158847012,0
2025-09-07 13:00:00,edge-3,55.57340632540743,90.81679376407635,106.59802344309273,24.066737174733984,0
2025-09-07 14:00:00,edge-3,60.49938277603265,62.733682710886015,76.11067968343997,23.97611523422549,0
2025-09-07 15:00:00,edge-3,49.45585957226065,57.396650796065316,126.83553088599318,27.69159818316298,0
2025-09-07 16:00:00,edge-3,38.384171964758615,90.99305439437916,120.70381974460722,19.753952685313124,0
2025-09-07 17:00:00,edge-3,31.877364714782466,49.801023732438644,165.0267764705524,22.650789547457805,0
2025-09-07 18:00:00,edge-3,69.00386098455013,53.6214619734093,91.53467426509278,16.317253572185457,0
2025-09-07 19:00:00,edge-3,34.8746094298619,55.38482103248471,67.87000995820733,15.176024948662162,0
2025-09-07 20:00:00,edge-3,61.18796749675148,33.66861656716318,41.21030659389141,28.82414392301801,0
2025-09-07 21:00:00,edge-3,56.24024945575643,66.31470730851896,187.73373544299253,15.939406063214623,0
2025-09-07 22:00:00,edge-3,63.766780173435976,44.75310510643098,126.48431986064534,23.20656038476444,0
2025-09-07 23:00:00,edge-3,42.27931966125172,48.58556535377755,72.30320315280835,22.655213997537412,0
2025-09-08 00:00:00,edge-3,38.139051282751836,45.91129041196672,167.72620357068544,25.874904471686357,0
2025-09-08 01:00:00,edge-3,55.67557757149636,48.25859593392113,154.24649535544128,11.70899675700461,0
2025-09-08 02:00:00,edge-3,45.614874901887305,43.22171071968371,45.948899901794505,24.45603496273091,0
2025-09-08 03:00:00,edge-3,31.534574950905828,64.94428355239943,69.86100499664113,19.709839967924015,0
2025-09-08 04:00:00,edge-3,79.0778831351052,56.88813815028571,94.7070061935852,17.000454407687982,0
2025-09-08 05:00:00,edge-3,38.12887751056182,60.96016276416232,57.19659615992151,18.745912441198048,0
2025-09-08 06:00:00,edge-3,35.095509320224785,100.0,96.13682148356584,25.18385393520502,0
2025-09-08 07:00:00,edge-3,46.36796347730934,56.88877637801605,128.4784778575915,23.656202586625366,0
2025-09-08 08:00:00,edge-3,68.79287853736871,72.09895244472733,45.069565667108265,19.360382709972498,0
2025-09-08 09:00:00,edge-3,17.498974353145755,74.37499198671958,111.72002191895749,14.3044626796536,0
2025-09-08 10:00:00,edge-3,67.54825421863174,58.742867512714525,146.7399190173082,14.657277015441801,0
2025-09-08 11:00:00,edge-3,36.32789747815546,65.47598263090076,116.00880957082089,23.76515079962331,0
2025-09-08 12:00:00,edge-3,53.967878601623816,60.413963805248514,96.97534580879633,13.611287871728031,0
2025-09-08 13:00:00,edge-3,39.859895574142996,64.05116791422957,73.27592961694975,19.409227558778458,0
2025-09-08 14:00:00,edge-3,79.8787528100301,48.26966421303726,133.23367488397406,33.405360636899516,0
2025-09-08 15:00:00,edge-3,51.869301299635275,50.115773808403524,52.92319551807858,22.297804191850478,0
2025-09-08 16:00:00,edge-3,39.37862674488146,60.338445065661524,109.7116724438049,23.71124601997502,0
2025-09-08 17:00:00,edge-3,45.483630172434644,20.56192712298013,101.02062932213262,14.694823640668357,0
2025-09-08 18:00:00,edge-3,51.34455612352531,89.92145579530649,145.02444104838835,13.863491719137778,0
2025-09-08 19:00:00,edge-3,52.66514911643301,100.0,76.6900495572444,23.979110185190255,0
2025-09-08 20:00:00,edge-3,56.58143725281981,63.40700519849429,80.09056752427531,18.58824005552571,0
2025-09-08 21:00:00,edge-3,49.978930884765276,73.3093835450201,50.32540517474307,25.86810740781837,0
2025-09-08 22:00:00,edge-3,29.34256375086926,81.62115340100993,117.49137098401636,20.715666188122594,0
2025-09-08 23:00:00,edge-3,44.89598493647509,33.50660520843462,83.04736627871006,37.781813927750655,0
2025-09-09 00:00:00,edge-3,59.09987562261288,78.56555890568848,65.51704090920595,17.63840092343326,0
2025-09-09 01:00:00,edge-3,39.95175790431499,51.4712041113155,69.32734933290872,21.945657645947147,0
2025-09-09 02:00:00,edge-3,60.09171919547566,100.0,121.48421985851635,16.029271687062653,0
2025-09-09 03:00:00,edge-3,50.47577199436716,56.234808600026106,55.881580011077446,25.66040005326215,0
2025-09-09 04:00:00,edge-3,46.733897648502655,78.1636444634332,59.43336140081268,22.70256196937143,0
2025-09-09 05:00:00,edge-3,67.91215838809389,56.431741392797335,135.85445702069532,15.694050732928364,0
2025-09-09 06:00:00,edge-3,23.928028334235776,100.0,93.3551769668211,18.913575529432862,0
2025-09-09 07:00:00,edge-3,39.87018652603026,49.752995659221895,138.2178034393723,27.359173867502633,0
2025-09-09 08:00:00,edge-3,68.48643064518164,83.30177574654778,85.62576738763337,26.758545526862274,0
2025-09-09 09:00:00,edge-3,77.45073744730301,72.53355764903893,99.95496402413472,13.42802180367177,0
2025-09-09 10:00:00,edge-3,84.2898872700755,68.08619923328321,106.25197087744867,18.170151781338973,0
2025-09-09 11:00:00,edge-3,50.75533295507456,64.58014802089545,155.49145068587293,29.606983781484836,0
2025-09-09 12:00:00,edge-3,56.86846069423314,46.65974964606274,152.23491304841082,19.664110996526386,0
2025-09-09 13:00:00,edge-3,62.261417408535,8.278873791318453,146.12948152769343,21.417112572746294,0
2025-09-09 14:00:00,edge-3,69.12612908237426,81.4878421692323,74.84724520258432,25.634659583300383,0
2025-09-09 15:00:00,edge-3,54.69637902012142,50.223217793114316,60.526817224671305,13.83919146850789,0
2025-09-09 16:00:00,edge-3,63.892233851691,83.39200287364059,130.43165852243627,15.801512512853009,0
2025-09-09 17:00:00,edge-3,56.89660700666783,67.0339553583133,155.07038809203266,18.881504583916797,0
2025-09-09 18:00:00,edge-3,57.833359128625645,84.00513562040241,146.51274928474948,26.52311809927625,0
2025-09-09 19:00:00,edge-3,36.2244614464988,76.03785040218948,100.5219702933368,25.598826741261487,0
2025-09-09 20:00:00,edge-3,45.06179420935664,10.706096390415986,129.112341794966,24.09883183593549,0
2025-09-09 21:00:00,edge-3,42.15846202883271,72.29791232495994,129.81550612340516,19.804200256646155,0
2025-09-09 22:00:00,edge-3,32.166568196322174,53.12649028771032,105.95771165517618,26.14784868839847,0
2025-09-09 23:00:00,edge-3,25.22592163683627,83.30022374536352,107.69494498947998,19.736773845808447,0
2025-09-10 00:00:00,edge-3,43.645587521117776,71.824149902736,103.92781347211219,23.38984006186204,0
2025-09-10 01:00:00,edge-3,46.04176510345611,72.05938075931215,68.4761386688439,25.06019487697303,0
2025-09-10 02:00:00,edge-3,51.57555614041763,54.555144085834996,72.55790249776189,28.984100337553233,0
2025-09-10 03:00:00,edge-3,58.33606761260211,41.747876157844175,71.94038553961447,20.218377077090867,0
2025-09-10 04:00:00,edge-3,52.821833654087335,51.34226082058949,36.03052892869984,18.686948895267914,0
2025-09-10 05:00:00,edge-3,46.14633233704136,24.00215476938103,105.7143970939364,26.97537681394183,0
2025-09-10 06:00:00,edge-3,36.27310526334688,48.193125309067085,98.37706508649762,27.359262893412563,0
2025-09-10 07:00:00,edge-3,63.156036462518266,30.716818009211355,130.4785654273481,17.783127538048422,0
2025-09-10 08:00:00,edge-3,48.47266674065898,31.245183924843786,150.4286913191645,14.974831340678675,0
2025-09-10 09:00:00,edge-3,43.493153074896355,62.32957694452419,152.97177459386117,26.59517233083056,0
2025-09-10 10:00:00,edge-3,47.20318576380096,70.68097879007921,156.73861833239005,12.291363132023127,0
2025-09-10 11:00:00,edge-3,39.00883478967938,59.36413039649568,69.71675890843969,12.035992857291742,0
2025-09-10 12:00:00,edge-3,42.039891148833405,50.02419005323196,42.721628880513464,19.15852442595645,0
2025-09-10 13:00:00,edge-3,41.56312530064718,41.05183675522149,137.22974312261732,20.512198578645773,0
2025-09-10 14:00:00,edge-3,45.689938729992974,53.65614015270579,155.28533752803602,14.700239168614004,0
2025-09-10 15:00:00,edge-3,59.83632435227135,43.555539175445084,162.23969788841703,21.1093216918859,0
2025-09-10 16:00:00,edge-3,56.10668102810912,58.743385157573776,119.39984838769503,21.3323504431824,0
2025-09-10 17:00:00,edge-3,73.20106110921176,29.56936451842189,20.13184209585492,17.598060529728603,0
2025-09-10 18:00:00,edge-3,68.17593638168013,74.02635156411456,114.6243785373437,30.167320895839286,0
2025-09-10 19:00:00,edge-3,79.34632659851863,48.659377558486156,122.21763471637641,22.148806050036523,0
2025-09-10 20:00:00,edge-3,58.38737719506244,67.52513800564677,150.08300085034358,25.642445182608924,0
2025-09-10 21:00:00,edge-3,58.14657833560296,77.74443991262385,157.18514775932937,12.718935056653386,0
2025-09-10 22:00:00,edge-3,42.688763335442964,66.55741763862,136.38533613541338,12.675790937747271,0
2025-09-10 23:00:00,edge-3,62.39022346243247,75.98253579196165,76.50884406816579,22.300313053244633,0
2025-09-11 00:00:00,edge-3,40.15824604935366,18.667214742918574,58.835307417893674,29.274288447101366,0
2025-09-11 01:00:00,edge-3,27.943167134276322,50.142866725922275,121.35844607265227,14.950321105138093,0
2025-09-11 02:00:00,edge-3,72.89485088371632,82.06153333578168,68.30339558297739,20.71688323250641,0
2025-09-11 03:00:00,edge-3,31.262276080509928,70.18459076632443,159.00548427369483,13.82451877651841,0
2025-09-11 04:00:00,edge-3,56.58277684393398,96.96926531102926,31.817642505923146,16.406887003926734,0
2025-09-11 05:00:00,edge-3,36.79502940749957,94.08760959934034,122.67546449578668,20.96555659404105,0
2025-07-13 06:00:00,edge-4,48.949022753095974,35.97799806311816,157.68813010054745,18.9204329015909,0
2025-07-13 07:00:00,edge-4,40.09568694321944,66.07965901104214,66.49340003825598,20.16386290644155,0
2025-07-13 08:00:00,edge-4,34.32240057643676,76.10247042820697,112.5450002945666,21.212949606215357,0
2025-07-13 09:00:00,edge-4,47.87816329398332,70.9069078391665,107.24019044668796,17.331596204535014,0
2025-07-13 10:00:00,edge-4,72.61841631467415,70.10378945836665,101.893104762794,19.962345250944004,0
2025-07-13 11:00:00,edge-4,60.2815697264469,22.67434700087199,55.75837262459851,19.25278306416578,0
2025-07-13 12:00:00,edge-4,52.72643519466191,86.66711593342193,22.452269446608256,16.48398666174392,0
2025-07-13 13:00:00,edge-4,73.82781415386573,28.652293399359717,59.9048437361451,29.231688310100036,0
2025-07-13 14:00:00,edge-4,70.9366274745576,56.945015723083536,133.04953748977357,17.61770722034452,0
2025-07-13 15:00:00,edge-4,55.01183316083787,72.37087087572148,42.13512549743302,8.728953936441554,0
2025-07-13 16:00:00,edge-4,91.64179486304201,67.17195051969647,64.78876119967983,28.916329300429936,0
2025-07-13 17:00:00,edge-4,46.28865266609737,34.44327345908077,116.72186615198268,15.768620077462804,0
2025-07-13 18:00:00,edge-4,66.4704274573879,38.03348754192608,58.90301300529207,24.499541745720187,0
2025-07-13 19:00:00,edge-4,44.10505092436809,65.74143244813564,78.27807241009708,16.59556785496422,0
2025-07-13 20:00:00,edge-4,63.54272654629132,70.21690027538982,103.2728606428037,22.846390677964177,0
2025-07-13 21:00:00,edge-4,46.27419224652836,37.85592310774344,111.30570956520633,19.75926320002398,0
2025-07-13 22:00:00,edge-4,56.92052473875532,67.85185277929953,58.11096207286104,25.001654186568395,0
2025-07-13 23:00:00,edge-4,85.85203864823828,29.694530406118716,105.63771666324709,18.93147880847678,0
2025-07-14 00:00:00,edge-4,64.27777702071911,72.4877851460758,115.9541901145481,16.723400462141562,0
2025-07-14 01:00:00,edge-4,57.15261669034777,42.323163564659396,49.071979038717885,21.285099259481072,0
2025-07-14 02:00:00,edge-4,38.379458117324134,61.6102691583641,108.59371904223313,18.087541342664885,0
2025-07-14 03:00:00,edge-4,52.82343056754839,58.25204615408989,71.33667081021323,10.354135733005815,0
2025-07-14 04:00:00,edge-4,34.87996247638225,83.21314655822536,104.95660722744303,16.99249635178242,0
2025-07-14 05:00:00,edge-4,63.30464522355548,64.84260057400675,128.9231601202858,34.34384488012722,0
2025-07-14 06:00:00,edge-4,62.9281645953476,48.017962907189684,92.94963917530659,10.893135537297713,0
2025-07-14 07:00:00,edge-4,47.30546831129615,67.19185411088348,136.53661663916222,21.20524911510466,0
2025-07-14 08:00:00,edge-4,74.95297980325563,100.0,131.63255936961406,18.785519858667126,0
2025-07-14 09:00:00,edge-4,72.84344104054988,74.8024584257367,136.31320381037975,29.1820994759062,0
2025-07-14 10:00:00,edge-4,52.2446989766893,58.81665972532609,116.12439759405328,14.444808428871813,0
2025-07-14 11:00:00,edge-4,58.48266682481709,43.327740573240476,144.03067561757624,20.506517181401076,0
2025-07-14 12:00:00,edge-4,41.17314173088347,47.67016998784568,115.4038121412098,23.43098841930065,0
2025-07-14 13:00:00,edge-4,45.91729209055118,73.59985843270461,33.30958534626829,19.103526651776,0
2025-07-14 14:00:00,edge-4,33.82988429054642,42.28394855356653,68.3171737296103,16.162234727851803,0
2025-07-14 15:00:00,edge-4,42.82494515418503,60.053775221582704,91.5497173359618,19.889019165431648,0
2025-07-14 16:00:00,edge-4,48.43416703616287,88.75237824678823,96.51107802468448,18.452518780688344,0
2025-07-14 17:00:00,edge-4,25.094491300174298,63.007847860473085,114.3095503698346,18.43848749694887,0
2025-07-14 18:00:00,edge-4,58.65220962494184,38.41736417405137,67.72192499359889,24.653561732772516,0
2025-07-14 19:00:00,edge-4,65.33192405789411,100.0,180.3483481819768,22.014747916364776,0
2025-07-14 20:00:00,edge-4,49.881233976360136,95.24896595891819,95.9016676208674,22.7588343865715,0
2025-07-14 21:00:00,edge-4,9.541369123422413,70.02353116758185,99.6924881576865,21.651480914164612,0
2025-07-14 22:00:00,edge-4,46.20510853377354,85.51510822678173,73.17003571462502,24.799401997910305,0
2025-07-14 23:00:00,edge-4,29.0992068144878,54.66040637731388,59.86492959280259,26.521298502869858,0
2025-07-15 00:00:00,edge-4,40.855714511948726,74.489089553309,94.94787317724689,18.56643382401815,0
2025-07-15 01:00:00,edge-4,71.77904450942788,51.529203896384956,101.10202896757953,24.09734452937066,0
2025-07-15 02:00:00,edge-4,13.48290375695698,32.891699400900904,96.52383614018609,13.519058522132802,0
2025-07-15 03:00:00,edge-4,37.75456212668963,100.0,166.20623772149816,8.734720161826452,0
2025-07-15 04:00:00,edge-4,62.44354417782339,31.869238667533924,94.94762594488674,29.132025169726948,0
2025-07-15 05:00:00,edge-4,39.47110820677009,65.95116262115815,96.56282902249188,18.333207798832568,0
2025-07-15 06:00:00,edge-4,38.32354734242112,65.71753370356342,132.61181913910156,21.262364199815096,0
2025-07-15 07:00:00,edge-4,80.48609252911291,70.32011168379037,93.15736684283196,13.8739210205183,0
2025-07-15 08:00:00,edge-4,55.67581090115786,58.206314676163046,121.5735627492347,13.643281432009573,0
2025-07-15 09:00:00,edge-4,64.01453616547964,58.41500313543786,48.83821046626554,16.43528054217295,0
2025-07-15 10:00:00,edge-4,57.42004576811329,62.76823466780653,49.154219156027146,23.214488649108773,0
2025-07-15 11:00:00,edge-4,52.42546087398168,69.5973696268157,104.88234257822346,17.417285996937633,0
2025-07-15 12:00:00,edge-4,68.96037364958185,59.963672771395395,90.73529657712598,18.321047750493115,0
2025-07-15 13:00:00,edge-4,78.58019906700929,58.632777083502084,67.6390087374779,16.277444606332413,0
2025-07-15 14:00:00,edge-4,24.747246130840324,33.5778011412125,104.8740693609993,25.828940446551666,0
2025-07-15 15:00:00,edge-4,49.4702396571943,100.0,108.36400376699913,24.342650045420317,0
2025-07-15 16:00:00,edge-4,49.352018774023584,70.71398298604733,71.60412491313936,17.57925876119027,0
2025-07-15 17:00:00,edge-4,43.560841470316284,64.1781352260831,79.24816702382952,23.420581326951837,0
2025-07-15 18:00:00,edge-4,64.71590944210158,47.5106541132078,108.66466197771565,18.773814989604915,0
2025-07-15 19:00:00,edge-4,53.85331523778586,39.92771614300311,59.156861947214836,18.312253773119703,0
2025-07-15 20:00:00,edge-4,78.8820929666417,77.19972896095072,75.83868530233276,19.75144612650676,0
2025-07-15 21:00:00,edge-4,66.50399613944154,56.80275229830925,121.35740562234666,23.216169824376916,0
2025-07-15 22:00:00,edge-4,70.47053656683235,72.4212916914579,99.04655880030612,15.539002425530022,0
2025-07-15 23:00:00,edge-4,32.01253670020649,32.956997325977,80.91188624176482,22.51197308775329,0
2025-07-16 00:00:00,edge-4,37.908711139744206,90.93709687953265,63.877227240717794,32.489104865667784,0
2025-07-16 01:00:00,edge-4,39.144628176953404,78.02754870818875,59.471545929104074,20.915605901776033,0
2025-07-16 02:00:00,edge-4,69.84678203375674,58.37874614470715,94.72978074118129,20.178590459715764,0
2025-07-16 03:00:00,edge-4,35.49235570802287,69.35250836845815,181.0325009294599,19.57916164703076,0
2025-07-16 04:00:00,edge-4,35.93098476183857,74.82008719069631,122.63146569631587,22.391058308344622,0
2025-07-16 05:00:00,edge-4,33.179668738991666,33.2603889917106,46.6854302842099,11.947980675469182,0
2025-07-16 06:00:00,edge-4,91.2954082831813,93.5565378277584,128.28864669595825,28.505421531090928,0
2025-07-16 07:00:00,edge-4,47.866521355008146,69.66521996165933,69.64453568409559,24.90593477152009,0
2025-07-16 08:00:00,edge-4,57.94832024838596,45.917954249345925,99.80570493573472,16.777420642514933,0
2025-07-16 09:00:00,edge-4,32.89074023007196,38.06816686670877,76.44557582064937,20.15773615060349,0
2025-07-16 10:00:00,edge-4,64.38887599879968,79.74195482768094,180.91019251496004,17.21325900084115,0
2025-07-16 11:00:00,edge-4,23.395000621362698,64.2231839445401,54.63568353140347,21.496175119460062,0
2025-07-16 12:00:00,edge-4,35.31495882199334,69.65201805864187,112.54449024541843,20.306754317441808,0
2025-07-16 13:00:00,edge-4,39.02939150792,60.5332910911256,72.58704782994998,21.143167779924603,0
2025-07-16 14:00:00,edge-4,53.28307307762411,39.94512621647897,129.5531231750635,14.85839224739147,0
2025-07-16 15:00:00,edge-4,38.10376528869211,70.17235579856234,111.73815280251492,17.592282469972034,0
2025-07-16 16:00:00,edge-4,72.85997151643501,56.04929721699087,150.182105846081,25.730289564500886,0
2025-07-16 17:00:00,edge-4,57.54834806639637,59.566177470137205,128.72471178623374,17.33104320501216,0
2025-07-16 18:00:00,edge-4,39.65594860873575,100.0,72.25864524505957,6.78252732575428,0
2025-07-16 19:00:00,edge-4,64.96425615602752,77.38138275529417,216.64810310133709,19.246848074090018,0
2025-07-16 20:00:00,edge-4,44.10073143090413,78.5352981951585,122.21704534604291,32.05745555230949,0
2025-07-16 21:00:00,edge-4,41.143450441398315,100.0,77.97352204685953,24.244388313908072,0
2025-07-16 22:00:00,edge-4,63.437234712429415,67.69147744360238,108.22161571384879,17.079270970281055,0
2025-07-16 23:00:00,edge-4,13.207631361677038,62.39415072898626,125.23334507077172,19.746991114477073,0
2025-07-17 00:00:00,edge-4,61.02225600093064,46.41585301217516,123.71177915740952,23.399296849964824,0
2025-07-17 01:00:00,edge-4,39.30357808679512,50.948962835453074,119.84112390467114,11.218741110449304,0
2025-07-17 02:00:00,edge-4,39.280890445214425,19.057924669035778,138.65928615685485,15.719705025346748,0
2025-07-17 03:00:00,edge-4,79.37205402384083,75.8084667761315,134.72684038410526,21.99173437664873,0
2025-07-17 04:00:00,edge-4,42.03180842345286,34.661580053791994,66.09735335055606,27.97243286905448,0
2025-07-17 05:00:00,edge-4,64.33871949143587,78.05471963911509,184.3221641602895,17.803384091629564,0
2025-07-17 06:00:00,edge-4,54.18867093747535,59.139479660788524,178.75551270200856,27.835086862987836,0
2025-07-17 07:00:00,edge-4,55.744865380243596,62.561174295287316,132.03859580959482,16.22838202333199,0
2025-07-17 08:00:00,edge-4,46.24186613259378,59.15264139711202,101.5478687020248,3.07243669124653,0
2025-07-17 09:00:00,edge-4,45.45926746485653,87.72148857765933,102.23543530845558,23.71905420124961,0
2025-07-17 10:00:00,edge-4,72.91982585242839,84.18884719872858,87.04942420821428,22.7019947150538,0
2025-07-17 11:00:00,edge-4,63.95690104682348,59.422171886907556,92.22463100154032,23.680921417339572,0
2025-07-17 12:00:00,edge-4,42.50478562098427,42.01991847173407,12.528623404078374,23.485524360366675,0
2025-07-17 13:00:00,edge-4,34.311857889658576,78.47778210664079,161.21053811651655,20.958750272140453,0
2025-07-17 14:00:00,edge-4,41.23289399929003,40.50850057169477,147.0981456651529,18.705924084183604,0
2025-07-17 15:00:00,edge-4,64.72242905076178,28.902774177636772,32.9325283027037,18.89655811334887,0
2025-07-17 16:00:00,edge-4,67.68037661999612,69.96699736975455,135.59951659477775,17.697992991645208,0
2025-07-17 17:00:00,edge-4,58.32415403023897,84.36979843606453,99.69141568472278,17.99804618196524,0
2025-07-17 18:00:00,edge-4,25.74843603187374,51.898296644122475,92.03815442737326,10.944826213704546,0
2025-07-17 19:00:00,edge-4,61.30668620793071,68.09035376469521,119.71366034256306,13.928460265336529,0
2025-07-17 20:00:00,edge-4,69.55367305404354,51.686523765246,30.288512426515325,19.182893509370384,0
2025-07-17 21:00:00,edge-4,52.60334818517056,74.43986697371636,99.55003271248819,8.79566509661167,0
2025-07-17 22:00:00,edge-4,79.697045834025,81.9005937282443,103.17924707193467,9.960800884903232,0
2025-07-17 23:00:00,edge-4,30.185440161366635,54.74269571035954,103.21795858264737,18.328589132691345,0
2025-07-18 00:00:00,edge-4,60.27211280670463,39.44793684554942,45.30042406510893,19.358345418474933,0
2025-07-18 01:00:00,edge-4,34.696679623055005,30.859387947769218,117.8766385750268,18.43322324984423,0
2025-07-18 02:00:00,edge-4,65.87812862695624,78.51376864920496,142.39259984248343,8.100463343234578,0
2025-07-18 03:00:00,edge-4,59.19291283611542,37.26867016584347,116.29325856346415,27.761976116369635,0
2025-07-18 04:00:00,edge-4,77.02033725144094,67.44048482404733,90.83248355286902,12.818846660609976,0
2025-07-18 05:00:00,edge-4,57.495628860623356,75.54814136885032,207.561624116774,15.909194647624187,0
2025-07-18 06:00:00,edge-4,43.939909729093834,49.97396242898913,63.01700857632257,13.691160076002395,0
2025-07-18 07:00:00,edge-4,42.63394681368459,56.67578299640088,130.93805201883012,26.495154315247547,0
2025-07-18 08:00:00,edge-4,46.24734138480859,79.98086895013546,109.73094822722763,22.10710061020248,0
2025-07-18 09:00:00,edge-4,42.33913938161222,43.8361242533048,180.49251798693757,17.63378439425735,0
2025-07-18 10:00:00,edge-4,70.20663456270928,41.805767899318056,115.46999263658836,17.28172052032631,0
2025-07-18 11:00:00,edge-4,69.13457415142584,55.312175575818586,124.04620979980251,20.897966170388923,0
2025-07-18 12:00:00,edge-4,27.55148832586474,85.55825324152747,120.22867926257035,13.767228493878978,0
2025-07-18 13:00:00,edge-4,50.5754021462397,92.21462189207205,57.66709884569053,21.9036970107313,0
2025-07-18 14:00:00,edge-4,50.93737275200219,58.024339591185324,65.24478186504518,17.256775812991656,0
2025-07-18 15:00:00,edge-4,38.28057077299029,45.757567439103994,88.9732849347728,22.59819590973367,0
2025-07-18 16:00:00,edge-4,56.57374988110766,81.28229231839171,138.2953126991681,22.428612557433265,0
2025-07-18 17:00:00,edge-4,71.91276256742005,26.614088366790497,109.32386954765136,17.03194190820252,0
2025-07-18 18:00:00,edge-4,63.37713475929899,64.95221708296181,91.73060453240437,9.73644240405582,0
2025-07-18 19:00:00,edge-4,70.20602583413006,59.1217281432159,154.88799204461336,18.765873807785702,0
2025-07-18 20:00:00,edge-4,39.222982286965106,85.87655687048763,20.702809567515757,12.752634753054224,0
2025-07-18 21:00:00,edge-4,50.54761659150003,87.90037079276752,48.16719479355842,20.393173429466852,0
2025-07-18 22:00:00,edge-4,38.51528481100782,41.149428841054515,10.0,18.717140665600063,0
2025-07-18 23:00:00,edge-4,53.59145105870849,63.353560709499504,148.33242019640255,17.060025600600593,0
2025-07-19 00:00:00,edge-4,54.94176363660871,48.58791315516919,96.13095421707816,13.522188597452711,0
2025-07-19 01:00:00,edge-4,64.3975700810136,54.1334523018652,138.65167114771168,25.933945895161145,0
2025-07-19 02:00:00,edge-4,69.70237780770435,72.34775549115949,95.62966667870498,17.731588525359033,0
2025-07-19 03:00:00,edge-4,60.33465745918643,53.30211755816135,140.92734674107842,31.766754318909214,0
2025-07-19 04:00:00,edge-4,37.09745205738678,63.8785091305605,94.92990735303731,20.174648047282545,0
2025-07-19 05:00:00,edge-4,29.717409285136732,79.14544330559526,116.39645700391544,21.75794680842403,0
2025-07-19 06:00:00,edge-4,57.800300460579955,90.30323447591852,110.54053963245074,20.196060971901822,0
2025-07-19 07:00:00,edge-4,72.50781663291818,65.77360289618909,113.50829159551867,21.707858649250877,0
2025-07-19 08:00:00,edge-4,49.628121843976366,62.35530814080277,167.38948880831362,25.4634366653074,0
2025-07-19 09:00:00,edge-4,27.089096568004713,37.85419681036306,35.023019470373185,25.521131653727217,0
2025-07-19 10:00:00,edge-4,81.27133935062022,91.7159690822144,97.2646657650911,11.16696143921989,0
2025-07-19 11:00:00,edge-4,57.341068252421664,69.91402135656297,107.91948856712118,24.277486998068454,0
2025-07-19 12:00:00,edge-4,52.567122740736906,62.724502489733844,101.93148056121264,22.485697092948318,0
2025-07-19 13:00:00,edge-4,32.48043273490434,61.70098444393388,84.08459117786444,20.179460996269277,0
2025-07-19 14:00:00,edge-4,50.243243343431786,67.21306947110509,78.6113486235916,28.562754617378587,0
2025-07-19 15:00:00,edge-4,60.303262432933295,75.43580979761467,161.2005862164365,28.763834091794678,0
2025-07-19 16:00:00,edge-4,57.545310808303206,77.91101060261187,97.17115645796135,24.52298134944565,0
2025-07-19 17:00:00,edge-4,39.80169307771351,92.21603791613211,197.51786135589498,17.282330061357015,0
2025-07-19 18:00:00,edge-4,49.14402075563751,64.85377017025232,121.13099945499394,14.037584345205339,0
2025-07-19 19:00:00,edge-4,40.75989946944851,95.08402438530808,88.41377736897259,23.77200066083402,0
2025-07-19 20:00:00,edge-4,74.9624237434459,81.15446558965122,122.10715361858539,26.797667792753835,0
2025-07-19 21:00:00,edge-4,63.42310967954169,58.79737237661052,104.35731481750852,9.85671119226713,0
2025-07-19 22:00:00,edge-4,42.13497697100538,26.65252543113349,153.6799706775756,25.43147365199933,0
2025-07-19 23:00:00,edge-4,32.47295511717446,61.71124528593966,53.291107224380745,18.725672313239933,0
2025-07-20 00:00:00,edge-4,54.167226233468924,91.16955609780643,27.952560663416833,10.954985827927864,0
2025-07-20 01:00:00,edge-4,42.60773915424083,44.49473739735579,114.43924041933325,22.346980776149845,0
2025-07-20 02:00:00,edge-4,43.72540004446092,61.64925294925104,133.4278359224376,24.546933267369305,0
2025-07-20 03:00:00,edge-4,32.97178799659336,63.304378186435514,111.4362179847172,18.24325671266282,0
2025-07-20 04:00:00,edge-4,34.828869132173864,78.842531836624,126.89900715876365,14.713226841984302,0
2025-07-20 05:00:00,edge-4,52.44005228840787,52.24376904433406,121.0174745088101,28.560454634471363,0
2025-07-20 06:00:00,edge-4,45.996823282369654,42.61232503089421,40.783992186813165,16.65681506843049,0
2025-07-20 07:00:00,edge-4,87.44771579031041,71.40004302447468,111.24958815226069,25.797361587091835,0
2025-07-20 08:00:00,edge-4,58.91380149001719,45.13225961924795,152.67122654285726,12.43474837406322,0
2025-07-20 09:00:00,edge-4,32.7245722788198,23.289892957157797,106.87067819245257,22.080025238268767,0
2025-07-20 10:00:00,edge-4,26.9654563547433,96.8074384885573,47.6016722018074,21.937535788292465,0
2025-07-20 11:00:00,edge-4,55.9725708298715,78.54061324275105,86.64571527620606,24.367080032544532,0
2025-07-20 12:00:00,edge-4,44.046993579094746,97.66775570834375,122.27026918852914,27.46491696617038,0
2025-07-20 13:00:00,edge-4,69.97212424256983,77.48025506031072,171.8252113119221,15.931851441822996,0
2025-07-20 14:00:00,edge-4,54.227957576899094,73.60729843384905,21.74615675290903,22.603873859425548,0
2025-07-20 15:00:00,edge-4,20.262195354585,67.39071266840715,114.4492847640858,13.167163075957497,0
2025-07-20 16:00:00,edge-4,34.70863552373702,56.27943436875444,62.71169773479526,13.110425247636885,0
2025-07-20 17:00:00,edge-4,39.87076915989307,70.24213163810194,120.30908385355002,17.108327092196,0
2025-07-20 18:00:00,edge-4,56.630554075523584,48.93535031251796,123.5132503591417,22.04663636303098,0
2025-07-20 19:00:00,edge-4,34.20871355226881,38.61541655041563,90.67411133482415,28.384339100725317,0
2025-07-20 20:00:00,edge-4,52.29226390937865,53.35548366157852,125.26396809165203,29.294727949169538,0
2025-07-20 21:00:00,edge-4,29.957752681813794,85.82984582702787,145.5958286593686,18.225543354622058,0
2025-07-20 22:00:00,edge-4,50.0927812846768,35.35186626149498,93.4171317830578,21.527672292964148,0
2025-07-20 23:00:00,edge-4,55.5503897667232,35.66966698399801,46.51358931340067,24.715027326452464,0
2025-07-21 00:00:00,edge-4,71.9226547603694,71.82618325425645,157.02291284310957,23.82691344237813,0
2025-07-21 01:00:00,edge-4,53.68363135407749,51.69842591126667,133.1477943616391,19.15271628213593,0
2025-07-21 02:00:00,edge-4,37.748976136238255,69.7099009031893,122.55025726582568,20.380525189776105,0
2025-07-21 03:00:00,edge-4,72.39507630437238,79.7971486375889,72.36133403524991,19.449095391522558,0
2025-07-21 04:00:00,edge-4,47.252329456883025,69.23064968515756,139.41743497176452,18.95813026912098,0
2025-07-21 05:00:00,edge-4,61.6035015215217,47.355088426431045,181.6970257315375,18.29294786586959,0
2025-07-21 06:00:00,edge-4,40.80656343244783,85.65867617057211,95.14758679004976,19.40170754994154,0
2025-07-21 07:00:00,edge-4,51.36167389838621,74.84245365207022,103.77970799162047,17.970929592125707,0
2025-07-21 08:00:00,edge-4,37.98098098133082,60.536557083791564,57.392373852145155,14.322911697993298,0
2025-07-21 09:00:00,edge-4,54.83389933023813,59.56834372203138,71.21831993796427,24.31290141523844,0
2025-07-21 10:00:00,edge-4,62.057421427454265,67.47985078953978,57.01722454468133,22.58128866955869,0
2025-07-21 11:00:00,edge-4,42.5780108671317,53.76032599483391,105.23290119586203,29.38296871584315,0
2025-07-21 12:00:00,edge-4,41.734881209199884,27.3759061055988,86.36884189100564,21.847590101346505,0
2025-07-21 13:00:00,edge-4,55.35227327695943,75.00315492523347,114.9120102665067,17.915199256470295,0
2025-07-21 14:00:00,edge-4,37.62476045030317,73.8148603974235,64.32396650369932,16.867823099864776,0
2025-07-21 15:00:00,edge-4,27.23084468996773,13.978680686065502,93.29773800936754,20.236830336747648,0
2025-07-21 16:00:00,edge-4,55.297946276018536,70.21352285314507,61.85855099831532,22.764375816877976,0
2025-07-21 17:00:00,edge-4,48.38454235070099,95.12967077779423,107.50286310791196,18.776446979049112,0
2025-07-21 18:00:00,edge-4,48.06710912839132,37.447232936529204,34.70702800213998,12.648712657313435,0
2025-07-21 19:00:00,edge-4,57.81605621871859,58.53417418218578,106.06313230619159,16.30494843720943,0
2025-07-21 20:00:00,edge-4,59.911255286456175,56.36035371731882,88.8507888485398,20.090125079059433,0
2025-07-21 21:00:00,edge-4,47.584971626192015,93.20823868741766,107.23856355689959,23.701418299097174,0
2025-07-21 22:00:00,edge-4,33.159958920650716,82.41894088313924,33.9093330696833,12.57088119144155,0
2025-07-21 23:00:00,edge-4,40.42119795243281,42.43167706975139,126.18862695742004,21.325417253108345,0
2025-07-22 00:00:00,edge-4,58.77445895698084,66.84237046717053,88.05028429625705,21.10559765128844,0
2025-07-22 01:00:00,edge-4,52.04603995167473,100.0,108.68450861447435,17.742117523530066,0
2025-07-22 02:00:00,edge-4,41.7536095136378,47.50584201717724,25.19702955691153,17.06538890374446,0
2025-07-22 03:00:00,edge-4,38.23420271247315,59.77692432681336,50.2906689506426,16.318381293110235,0
2025-07-22 04:00:00,edge-4,59.267342153838904,70.27014606975239,84.39383355553038,20.70403151682666,0
2025-07-22 05:00:00,edge-4,46.67521391656917,47.79890900561485,155.02000554040572,25.6340933137389,0
2025-07-22 06:00:00,edge-4,61.290751681582044,95.2640616998549,121.09085393720379,25.988922447454847,0
2025-07-22 07:00:00,edge-4,63.190036961578414,50.54663399432957,105.19500165561746,14.380098263907623,0
2025-07-22 08:00:00,edge-4,45.30740374572223,32.21929741751612,63.027673362055964,19.065109096655476,0
2025-07-22 09:00:00,edge-4,64.24471227254148,49.500359221674216,55.74940201605046,9.032450988410245,0
2025-07-22 10:00:00,edge-4,52.076146316929,73.0604017237234,111.06620763861858,20.545921555105856,0
2025-07-22 11:00:00,edge-4,54.016373563760595,44.03651748491493,128.02757192749704,22.9882396006557,0
2025-07-22 12:00:00,edge-4,17.168763573320646,66.04398777734205,108.3589640586803,27.854805927769938,0
2025-07-22 13:00:00,edge-4,35.43618052514818,71.25100880283333,168.3822883235092,11.067713063377544,0
2025-07-22 14:00:00,edge-4,36.249584541838395,35.82131915840692,72.70153107055236,14.559700390096877,0
2025-07-22 15:00:00,edge-4,45.220179163946455,48.725955648115516,107.17479763099789,20.72068400937814,0
2025-07-22 16:00:00,edge-4,51.71526511480667,66.97941719076135,32.27301103588391,11.90805816762688,0
2025-07-22 17:00:00,edge-4,52.32875487561461,74.04824320007029,108.44182082668928,20.861060754256524,0
2025-07-22 18:00:00,edge-4,54.286204201868784,49.22431960464723,158.77492853421188,23.11501272535233,0
2025-07-22 19:00:00,edge-4,39.72583113100744,63.03544620496057,58.339644695525436,13.593561380234705,0
2025-07-22 20:00:00,edge-4,60.37044445662257,54.321275005084765,133.6852616784824,20.662926850242357,0
2025-07-22 21:00:00,edge-4,77.13932665327386,74.55700341601188,157.64158985462,13.93894532492474,0
2025-07-22 22:00:00,edge-4,44.7001266882631,70.38827158331215,72.41148900674075,26.877129344691518,0
2025-07-22 23:00:00,edge-4,40.04497748849528,52.53033969608655,118.67758776312056,21.03323046230096,0
2025-07-23 00:00:00,edge-4,39.720022641336904,69.56887702392316,163.18526979234437,16.799679855164836,0
2025-07-23 01:00:00,edge-4,51.282017397957375,51.74803256414602,109.21900649118172,13.809293098500062,0
2025-07-23 02:00:00,edge-4,42.11355335580494,69.14723908712958,131.46859990046536,21.945748467651242,0
2025-07-23 03:00:00,edge-4,24.04507380375185,69.42589090689177,29.042025623279713,26.789677510512078,0
2025-07-23 04:00:00,edge-4,28.14872191322492,100.0,123.8854610708956,16.142480453990707,0
2025-07-23 05:00:00,edge-4,65.30285209201166,53.27475515791778,120.6895096207866,17.80177666964044,0
2025-07-23 06:00:00,edge-4,69.22691060185062,57.17463026073015,46.951517361568314,16.23929649645905,0
2025-07-23 07:00:00,edge-4,73.99834381936962,47.055367992157514,61.426853841191324,27.77746285526073,0
2025-07-23 08:00:00,edge-4,53.39456658169065,39.343526044216105,124.16007208792671,10.456797655162099,0
2025-07-23 09:00:00,edge-4,35.136417380692826,50.870790128151604,87.89152382732105,26.427966114001126,0
2025-07-23 10:00:00,edge-4,43.42975776264227,73.30201390442475,144.47753555877222,18.11400955776437,0
2025-07-23 11:00:00,edge-4,27.629185475302275,74.74923062698612,112.42907722021793,19.64192440066879,0
2025-07-23 12:00:00,edge-4,27.051620156870385,65.9135968937466,102.25822266169095,18.29682675141411,0
2025-07-23 13:00:00,edge-4,53.8289406584409,54.08470238940179,93.18203867107957,21.198004407410735,0
2025-07-23 14:00:00,edge-4,58.085173241105274,50.13250028138381,111.70728527738056,16.351006225301134,0
2025-07-23 15:00:00,edge-4,79.37560333589364,41.6633897907595,132.11729490064613,25.2919156829384,0
2025-07-23 16:00:00,edge-4,48.75359635721006,48.86224798073987,121.35402772083886,25.494985213970523,0
2025-07-23 17:00:00,edge-4,29.63247783791598,34.09743881735449,83.0796535836407,15.08295480111628,0
2025-07-23 18:00:00,edge-4,48.17119424367451,87.15716623751325,149.57748210161083,23.337334827670194,0
2025-07-23 19:00:00,edge-4,45.763112013298986,96.7430297264409,126.307769578476,18.217530698834402,0
2025-07-23 20:00:00,edge-4,42.6315248480233,21.282744930001456,115.40935566560768,20.25816745030713,0
2025-07-23 21:00:00,edge-4,55.156243512123126,65.78527275701222,103.66788709649319,27.62575448675471,0
2025-07-23 22:00:00,edge-4,31.782912063409587,65.45383910712053,120.00198257353867,16.62982916025844,0
2025-07-23 23:00:00,edge-4,51.96082149238942,64.17617579180265,26.732842410996582,24.632747199147936,0
2025-07-24 00:00:00,edge-4,59.773448985792186,48.145113575739835,109.65237097524943,22.285625894761516,0
2025-07-24 01:00:00,edge-4,71.29606655347945,80.4502791751138,165.60731718264225,19.029859302745596,0
2025-07-24 02:00:00,edge-4,54.65563773553909,68.20954603157121,108.79946746817865,21.83701783764412,0
2025-07-24 03:00:00,edge-4,65.64680675778915,80.68243507927666,103.33909274827889,21.242059616584445,0
2025-07-24 04:00:00,edge-4,43.34155939540858,45.2497604117439,76.16462778110379,14.208233439476542,0
2025-07-24 05:00:00,edge-4,45.43564588881162,32.3363439068414,119.70909120867849,16.966380781901567,0
2025-07-24 06:00:00,edge-4,70.21770561823462,68.69811059164039,92.19702370647404,14.773738075204612,0
2025-07-24 07:00:00,edge-4,29.426233625542764,40.74112548363493,152.37199129562356,18.616906142556534,0
2025-07-24 08:00:00,edge-4,43.9528954663161,81.09199211667746,65.45521234610041,26.725176480341084,0
2025-07-24 09:00:00,edge-4,66.92669460088949,17.467573712463334,81.90780262931864,22.905139008132224,0
2025-07-24 10:00:00,edge-4,46.83332427871234,50.62920210195614,75.96487772377556,12.837054612498648,0
2025-07-24 11:00:00,edge-4,45.715969521931186,47.68156304693867,173.38316354845688,18.633161564603398,0
2025-07-24 12:00:00,edge-4,46.020018251502314,53.35246716335675,92.40937353550387,21.16812430459652,0
2025-07-24 13:00:00,edge-4,51.75727662270868,65.2219814392641,78.07690148514345,23.720442401531056,0
2025-07-24 14:00:00,edge-4,66.29125762878861,67.92471472002792,16.37621818181421,16.74616481040991,0
2025-07-24 15:00:00,edge-4,63.863472774848205,72.79475204629392,63.545120578558986,13.812840881178854,0
2025-07-24 16:00:00,edge-4,50.171858622484415,75.09972728579262,121.11539773570416,19.718285481127918,0
2025-07-24 17:00:00,edge-4,66.38582851236194,56.569487986564724,120.9550296636535,22.845148355157047,0
2025-07-24 18:00:00,edge-4,55.12689444994604,100.0,73.95187070185753,21.174232433165983,0
2025-07-24 19:00:00,edge-4,62.886802517312475,87.74180667913977,76.17376401467656,15.576612597292154,0
2025-07-24 20:00:00,edge-4,34.574457888605025,53.76023568677277,174.39484272258656,28.77309401740156,0
2025-07-24 21:00:00,edge-4,76.07829100149596,57.26252615716044,207.8551905022058,19.50592230053239,0
2025-07-24 22:00:00,edge-4,53.30319581218143,53.33904414599496,145.99090360474017,20.968551367010082,0
2025-07-24 23:00:00,edge-4,8.775359790232791,67.26597227721156,162.3711954917877,16.690162991389165,0
2025-07-25 00:00:00,edge-4,74.89290760204034,40.561243397143,170.85701052475144,25.532539991822727,0
2025-07-25 01:00:00,edge-4,50.07582396815993,44.20925078152097,188.58286199618868,22.85923446275537,0
2025-07-25 02:00:00,edge-4,44.0675905827291,16.652675091712474,87.9228855837059,21.573317145802843,0
2025-07-25 03:00:00,edge-4,40.914754022192014,52.02679742453647,64.86928149039987,14.241725883440083,0
2025-07-25 04:00:00,edge-4,56.59252802801553,81.29518367948006,173.3395913255295,25.47015113309133,0
2025-07-25 05:00:00,edge-4,36.67416621594066,56.95797959701068,61.428239282333934,23.78451486488476,0
2025-07-25 06:00:00,edge-4,41.346403059939014,58.07676117040669,58.856156231150685,25.074666987695995,0
2025-07-25 07:00:00,edge-4,41.70682844282468,65.56318287711022,59.77461262954072,20.185146788450766,0
2025-07-25 08:00:00,edge-4,45.61629434446644,39.95525134409746,94.74414648938946,19.625694180716824,0
2025-07-25 09:00:00,edge-4,42.27187625402209,60.50572425288475,20.624965141943704,19.089535591264347,0
2025-07-25 10:00:00,edge-4,62.79221197482293,77.80658990997651,42.675623057602444,31.394989721554282,0
2025-07-25 11:00:00,edge-4,54.06593457196549,66.13126333223963,75.10644824666636,17.287768660388963,0
2025-07-25 12:00:00,edge-4,55.89555107516425,79.56329462523418,52.162987446997306,14.068775782882934,0
2025-07-25 13:00:00,edge-4,59.15903320275932,85.28263812537317,142.49647256098368,18.1337191704407,0
2025-07-25 14:00:00,edge-4,48.60358594751448,73.25179523275614,100.265928060706,17.3343650226148,0
2025-07-25 15:00:00,edge-4,34.69536006314266,45.732659516398826,123.08087683744455,26.29923418236293,0
2025-07-25 16:00:00,edge-4,77.07758719065322,53.1172927275948,118.70120717175745,13.220038006918031,0
2025-07-25 17:00:00,edge-4,63.91301981944119,98.62977705933271,91.7290764093446,17.19354575983641,0
2025-07-25 18:00:00,edge-4,74.19240520903377,66.28337026656996,139.52526100906678,20.952615821194318,0
2025-07-25 19:00:00,edge-4,65.51807631442173,63.61913179544795,118.08591540731754,26.341464273173997,0
2025-07-25 20:00:00,edge-4,43.09442894201777,42.8008131925209,87.26398907511407,23.56566153298572,0
2025-07-25 21:00:00,edge-4,14.780330925067013,58.170776887693556,32.64360555544067,28.095086753077748,0
2025-07-25 22:00:00,edge-4,31.563553617083816,74.32747172305574,120.82633569607174,21.728964503939114,0
2025-07-25 23:00:00,edge-4,59.54783070062355,60.29691420992934,49.54786487896399,18.981902599609846,0
2025-07-26 00:00:00,edge-4,48.47378120995249,49.61243530298705,115.21132502363413,24.277782640860977,0
2025-07-26 01:00:00,edge-4,43.70225211626383,54.25227674105162,103.15554234691588,13.164195337392927,0
2025-07-26 02:00:00,edge-4,12.566697475229795,83.83650636032195,45.58523263840799,11.450574878778546,0
2025-07-26 03:00:00,edge-4,49.80309103633578,73.35561625328474,110.33588164139269,24.88131797290665,0
2025-07-26 04:00:00,edge-4,33.77332174621548,70.68080453724471,107.65277747721899,21.05283412986942,0
2025-07-26 05:00:00,edge-4,39.13426128851117,68.81764277897327,107.79790005580367,24.82001905722249,0
2025-07-26 06:00:00,edge-4,62.75156145345705,36.33940081529553,105.87987669154795,15.73813780992764,0
2025-07-26 07:00:00,edge-4,34.56287068873985,65.44698173498533,73.90447255507436,26.42391902053885,0
2025-07-26 08:00:00,edge-4,35.99466041940212,81.36014954460248,123.66436536401427,23.351794386064498,0
2025-07-26 09:00:00,edge-4,52.7837049111518,54.781569175595095,72.49376822853353,19.84439809242176,0
2025-07-26 10:00:00,edge-4,63.085431374199636,79.54856124721647,57.01636343966963,21.036739583960387,0
2025-07-26 11:00:00,edge-4,43.959411568898055,70.90453437042456,126.98534817325734,21.73463946968347,0
2025-07-26 12:00:00,edge-4,72.00823107534362,76.55345685113411,137.4572240356323,15.716339150851047,0
2025-07-26 13:00:00,edge-4,30.819962331122596,61.01872973114162,124.2479239979106,18.074927243075912,0
2025-07-26 14:00:00,edge-4,28.189165990873867,77.73171122434987,91.71220554150239,21.655611737225875,0
2025-07-26 15:00:00,edge-4,26.910710025721148,30.706367731587214,22.421371843321353,17.874330419588812,0
2025-07-26 16:00:00,edge-4,25.21724353384353,60.66291440346757,159.26760683547906,12.652905627391725,0
2025-07-26 17:00:00,edge-4,55.04823447740174,74.26029722155042,21.796102368454612,21.474443822694504,0
2025-07-26 18:00:00,edge-4,35.333160209162415,65.92599052491907,123.44245573675529,24.180170869636456,0
2025-07-26 19:00:00,edge-4,28.847114542261714,81.91247312008073,184.40947404556493,25.342673144618978,0
2025-07-26 20:00:00,edge-4,55.69695042703408,56.85802349607709,105.97865791772418,22.66155281769255,0
2025-07-26 21:00:00,edge-4,62.359238707860754,49.05089453989884,111.6493217839386,24.091536254283156,0
2025-07-26 22:00:00,edge-4,65.76287595373098,27.218500016752813,115.17283798454002,24.937545349499658,0
2025-07-26 23:00:00,edge-4,63.129266970046615,54.540669992542036,107.9266935863994,20.39827908692465,0
2025-07-27 00:00:00,edge-4,36.22844800936116,70.33749893639924,194.0245393576204,9.40541658834057,0
2025-07-27 01:00:00,edge-4,54.14136446674558,75.22017027498221,66.27340589085668,25.798906083375236,0
2025-07-27 02:00:00,edge-4,57.45307366088637,32.016288366879586,61.250934135476015,15.533408540786635,0
2025-07-27 03:00:00,edge-4,42.87675132366361,83.50650252653266,86.89995732695245,14.34561558927799,0
2025-07-27 04:00:00,edge-4,52.47128155857072,40.51158357740573,169.63326370326035,14.482962733419072,0
2025-07-27 05:00:00,edge-4,31.225726550574752,57.57703717410675,76.92493564085731,32.42288966042983,0
2025-07-27 06:00:00,edge-4,40.58599735858698,48.623672366849206,117.21193007163185,22.20273843172157,0
2025-07-27 07:00:00,edge-4,55.576809583821245,68.34499767664775,142.84034164994594,14.79191795863642,0
2025-07-27 08:00:00,edge-4,72.61313981520792,61.881494350836896,131.15934479700448,16.58291783775797,0
2025-07-27 09:00:00,edge-4,67.27159419982759,73.55937110739679,140.72295366252126,19.996375121038337,0
2025-07-27 10:00:00,edge-4,59.91287716601478,96.87609229048769,156.719454769765,22.7120188885317,0
2025-07-27 11:00:00,edge-4,51.195500581621644,67.95704946013494,112.32926838767708,21.396461689660747,0
2025-07-27 12:00:00,edge-4,48.87154230537022,48.46640722731506,81.71804406713056,15.35696779486075,0
2025-07-27 13:00:00,edge-4,28.286000691685224,69.22138055111111,105.88875562241977,21.585732718391302,0
2025-07-27 14:00:00,edge-4,37.46740199165742,98.90278493474753,86.43786155482266,16.944060951878523,0
2025-07-27 15:00:00,edge-4,37.957177181094636,73.12680527657916,200.86207926836263,25.234575103570833,0
2025-07-27 16:00:00,edge-4,58.62138973310974,78.91387218119979,78.69373388194867,20.281483011423838,0
2025-07-27 17:00:00,edge-4,64.17421657228739,28.12847100203562,119.32564017918561,16.203329510889947,0
2025-07-27 18:00:00,edge-4,61.04860129289693,67.7375719791475,39.965376034534344,23.44477063128501,0
2025-07-27 19:00:00,edge-4,67.73999657104699,54.639645001486926,105.3127357248565,21.91622484892512,0
2025-07-27 20:00:00,edge-4,51.0838632728972,46.39750275855167,88.51584578274891,17.62567150248745,0
2025-07-27 21:00:00,edge-4,35.25604726109171,59.553653454821436,127.02741543377715,23.650460271109193,0
2025-07-27 22:00:00,edge-4,49.25100655476114,62.172679625942976,128.0701214145865,23.14558555156985,0
2025-07-27 23:00:00,edge-4,39.127443643512805,47.51216196016056,156.67993889173303,26.00911099204754,0
2025-07-28 00:00:00,edge-4,59.867899876341454,63.76927520417457,153.50277336593285,23.550692660780886,0
2025-07-28 01:00:00,edge-4,44.6136889535391,56.53025804402227,97.34780284839877,18.930265597988836,0
2025-07-28 02:00:00,edge-4,48.522025741483205,74.04877749032234,62.224554299904554,11.547350786347659,0
2025-07-28 03:00:00,edge-4,60.40433344506625,64.55149681641146,66.91574601509282,20.933232974233526,0
2025-07-28 04:00:00,edge-4,38.88358565612651,67.51846717698595,112.1095190408792,21.709021125498378,0
2025-07-28 05:00:00,edge-4,64.45964878733375,79.58775937373326,106.31144453548384,20.255984709273612,0
2025-07-28 06:00:00,edge-4,29.786054720605794,71.09911719678426,110.31706363125141,4.945627988723686,0
2025-07-28 07:00:00,edge-4,54.59826451908238,59.87831214781742,78.59558774654073,23.39414979177025,0
2025-07-28 08:00:00,edge-4,48.63651504016089,18.261500999672002,157.48949725248104,15.439748709855637,0
2025-07-28 09:00:00,edge-4,62.41012694635969,70.27455987590021,41.09264710720456,23.42861405772126,0
2025-07-28 10:00:00,edge-4,29.384390572040225,41.761533954859146,76.3813927339577,28.503423625796074,0
2025-07-28 11:00:00,edge-4,27.03813315813183,58.27524350599414,56.91571565476533,18.73601209521374,0
2025-07-28 12:00:00,edge-4,61.25066578791705,67.4209397051956,91.64107241293401,22.192420162410574,0
2025-07-28 13:00:00,edge-4,44.13616787676219,86.66058047582425,149.86265637591828,20.163888931475036,0
2025-07-28 14:00:00,edge-4,48.637968443476915,96.84645602900444,88.4898438740313,22.62791789926701,0
2025-07-28 15:00:00,edge-4,40.103762586362926,41.5756342625717,104.059093430957,20.51722552327488,0
2025-07-28 16:00:00,edge-4,63.69215569740855,33.68274247275072,126.56971425700947,17.41509844415929,0
2025-07-28 17:00:00,edge-4,54.48824315615059,66.5143433837365,86.58734567874288,15.475288910914522,0
2025-07-28 18:00:00,edge-4,53.60996132085565,64.84855508075789,115.30510657044977,27.952328600788622,0
2025-07-28 19:00:00,edge-4,32.45569297737708,35.96248244151799,110.03023007328154,22.19276492361556,0
2025-07-28 20:00:00,edge-4,57.52258329806603,59.66793996139833,54.767627441357504,24.152574593051465,0
2025-07-28 21:00:00,edge-4,35.11680621863781,71.95081891493513,81.42738421793831,21.99531451411167,0
2025-07-28 22:00:00,edge-4,40.121704584780886,35.39696555642148,114.18342452306972,24.87884057024737,0
2025-07-28 23:00:00,edge-4,29.519785028222742,40.10829215738177,151.2876810262914,15.520163588696091,0
2025-07-29 00:00:00,edge-4,47.65187788123383,47.11680129275494,151.25041169032713,20.415907222348192,0
2025-07-29 01:00:00,edge-4,65.96709890100965,55.75479501993166,183.8194812173331,22.527430573126694,0
2025-07-29 02:00:00,edge-4,53.4004248374477,73.87943011550931,119.41828623817841,26.463347978936326,0
2025-07-29 03:00:00,edge-4,43.372686402552446,53.470386528494856,83.46741781262509,33.365380497502855,0
2025-07-29 04:00:00,edge-4,51.63719477151783,61.10633652049009,97.44190672486701,22.037593110212086,0
2025-07-29 05:00:00,edge-4,51.55420958201326,100.0,95.44940726812229,16.694496299238743,0
2025-07-29 06:00:00,edge-4,50.99103025889738,40.87379434642504,83.6847914705662,14.021784566494325,0
2025-07-29 07:00:00,edge-4,52.66001645389735,46.94013205397424,115.31821373848639,15.47592633190316,0
2025-07-29 08:00:00,edge-4,34.4000846908246,73.56177748581827,117.17953986456587,16.129402778303312,0
2025-07-29 09:00:00,edge-4,51.59807540045316,79.76086382265521,53.04970012230019,5.494587838405884,0
2025-07-29 10:00:00,edge-4,23.671274460494164,68.2960174729199,143.52680191098506,16.62172493970085,0
2025-07-29 11:00:00,edge-4,58.63435412605968,96.17935137530668,26.52785579702244,23.583703506690707,0
2025-07-29 12:00:00,edge-4,33.45876212134429,66.34911869743979,91.10072188305172,20.376998695940653,0
2025-07-29 13:00:00,edge-4,67.66396745238374,20.477926329803857,145.97261092224772,18.70687699848055,0
2025-07-29 14:00:00,edge-4,13.321456045072942,61.93991374894718,124.29565707193288,11.89023674630636,0
2025-07-29 15:00:00,edge-4,75.11637413790072,48.58032751804981,85.72104696091779,25.25204989792649,0
2025-07-29 16:00:00,edge-4,25.411689848331278,87.67623497711219,178.7529405380393,22.55906645460198,0
2025-07-29 17:00:00,edge-4,32.00098056294303,79.29248128430054,82.3970599077529,19.935341776982728,0
2025-07-29 18:00:00,edge-4,54.48585556911502,28.206184470787793,19.921961238068775,8.987403938097716,0
2025-07-29 19:00:00,edge-4,59.28072476636871,87.00636127175083,118.10958753377739,17.546137481910055,0
2025-07-29 20:00:00,edge-4,45.74921860225924,78.78735537597493,28.859457782264172,22.168591925121717,0
2025-07-29 21:00:00,edge-4,63.38909078386808,53.51075741798345,66.74205886234117,19.857163113495975,0
2025-07-29 22:00:00,edge-4,38.051686208659106,58.431162112685485,124.91001060250366,20.959690340851704,0
2025-07-29 23:00:00,edge-4,44.00462079826938,87.8435408227304,81.56569336406196,23.42723080784102,0
2025-07-30 00:00:00,edge-4,45.468830862764435,20.569761684500932,123.22438031011788,20.773694876774464,0
2025-07-30 01:00:00,edge-4,41.924062127326245,68.90796010079391,53.676026722413056,23.24837516496032,0
2025-07-30 02:00:00,edge-4,20.987321384131647,81.86819270250066,134.3392009704828,15.782254548573338,0
2025-07-30 03:00:00,edge-4,49.629994002372584,58.225739385759304,32.362140349528644,13.886141217984875,0
2025-07-30 04:00:00,edge-4,48.27489269445903,72.9581962628358,152.74526431834073,22.386803411366472,0
2025-07-30 05:00:00,edge-4,66.17274145565507,62.06309073115647,80.98575052079141,23.41204230769082,0
2025-07-30 06:00:00,edge-4,30.71083376444159,44.319214605761644,161.24634088272745,22.594868979138035,0
2025-07-30 07:00:00,edge-4,40.40889013895463,43.819399651714946,66.37950844133024,20.6579308936083,0
2025-07-30 08:00:00,edge-4,68.05236838285317,74.23858534758222,176.99061126873744,18.379795309833508,0
2025-07-30 09:00:00,edge-4,54.399332919265284,47.285865489236976,61.69355543891296,21.054930036092948,0
2025-07-30 10:00:00,edge-4,58.24069529234558,29.508381232084812,28.242052799812512,21.896499693327527,0
2025-07-30 11:00:00,edge-4,56.80150435009297,62.44797383442999,101.72413104476975,22.19648723811176,0
2025-07-30 12:00:00,edge-4,56.86807471151831,49.73837158062974,149.3595615638407,33.03569778314336,0
2025-07-30 13:00:00,edge-4,77.31574992271523,36.01783749520579,131.63154050514385,15.39598107248942,0
2025-07-30 14:00:00,edge-4,51.37310986970476,61.434948661357744,146.51885076655375,36.12996562073962,0
2025-07-30 15:00:00,edge-4,34.82985084735892,75.34553480173992,132.42080791526246,13.715894540858553,0
2025-07-30 16:00:00,edge-4,59.58196229341837,60.40300128382837,67.18928444177325,21.928343632053014,0
2025-07-30 17:00:00,edge-4,41.50172488659338,38.67518287868502,130.6566758034109,14.025787095359842,0
2025-07-30 18:00:00,edge-4,48.350945353725635,69.63607124807103,103.7133580940988,21.531218886986643,0
2025-07-30 19:00:00,edge-4,55.55271502633578,80.70312764152908,71.610747191746,24.910614124268754,0
2025-07-30 20:00:00,edge-4,37.67968527171717,100.0,107.17416349757016,20.162913399215114,1
2025-07-30 21:00:00,edge-4,42.34557878270348,88.83688060531367,97.74696787537773,24.86540214482606,0
2025-07-30 22:00:00,edge-4,57.137728566056175,39.89283219602617,156.6397006127549,17.88158894298865,0
2025-07-30 23:00:00,edge-4,41.770325431863924,77.16165476189192,79.40490428990086,9.75067929505624,0
2025-07-31 00:00:00,edge-4,64.60077973985535,65.13047841315195,77.53529498396159,23.133545662696267,0
2025-07-31 01:00:00,edge-4,35.20763603206052,36.95801678261439,72.05445438476366,20.153191622575843,0
2025-07-31 02:00:00,edge-4,35.15713435382648,65.67590423643941,175.87393878570018,17.601930190599962,0
2025-07-31 03:00:00,edge-4,78.59083798632983,98.37353395814182,74.29254302670257,17.94719233779048,0
2025-07-31 04:00:00,edge-4,27.04660337610571,83.91728421438343,151.87352929780022,22.032908675893083,0
2025-07-31 05:00:00,edge-4,49.59925206502565,39.731003875267234,58.74449999353998,15.927335514110267,0
2025-07-31 06:00:00,edge-4,77.77225771344351,60.274344337698764,120.26495288773584,21.876224047808797,0
2025-07-31 07:00:00,edge-4,49.571128281510916,69.83348860613694,110.50037594521874,25.943185094784774,0
2025-07-31 08:00:00,edge-4,70.20156003595997,25.40192796721707,149.33473833021287,30.30035072306528,0
2025-07-31 09:00:00,edge-4,59.78712296607522,26.09124472620828,143.53515298361862,27.022632688811317,0
2025-07-31 10:00:00,edge-4,49.89197173647798,63.09255688217323,103.27560174972989,20.80872716483302,0
2025-07-31 11:00:00,edge-4,48.040321078056884,63.353500998680374,78.51696282268433,21.288325499523847,0
2025-07-31 12:00:00,edge-4,18.21023878785884,23.223621330744955,164.99846556407692,17.998757364274283,0
2025-07-31 13:00:00,edge-4,45.21332510171956,67.75947051415253,74.52210193319358,17.671782616920204,1
2025-07-31 14:00:00,edge-4,53.48327758746791,81.73925406996834,10.0,24.360158992302274,0
2025-07-31 15:00:00,edge-4,53.47494364538863,55.63396662290976,25.657381739677035,18.46244970837864,0
2025-07-31 16:00:00,edge-4,86.98788135730844,61.19623572382357,35.397546035457324,21.83049820544845,0
2025-07-31 17:00:00,edge-4,54.21437099224258,71.42823433368494,123.8278218079978,15.187452462970919,0
2025-07-31 18:00:00,edge-4,59.45217981190767,68.78058552588111,188.57870406578087,26.851563246527604,0
2025-07-31 19:00:00,edge-4,67.47444751114851,26.627549956695667,18.40157312992021,18.387716681748714,0
2025-07-31 20:00:00,edge-4,58.10751967291687,41.89757615772763,68.6978046734178,25.439895853324803,0
2025-07-31 21:00:00,edge-4,48.70926399894965,52.08293127622781,103.56103179152834,16.480884113627848,0
2025-07-31 22:00:00,edge-4,48.78218974190895,42.78345898427629,161.8202786268221,16.21644753685635,0
2025-07-31 23:00:00,edge-4,44.74018276645579,89.33936995954268,68.4824992339092,26.640158906789345,0
2025-08-01 00:00:00,edge-4,56.6631654370487,72.68951876534766,123.63199289934573,16.869962426572382,0
2025-08-01 01:00:00,edge-4,47.445189185301814,37.80549188406802,89.9964300634652,12.160498748141514,0
2025-08-01 02:00:00,edge-4,59.37404585797407,55.71328484410991,204.2864653166106,14.800297316293046,0
2025-08-01 03:00:00,edge-4,34.86369034505451,82.60784274100656,105.78161150533113,24.28354340499135,0
2025-08-01 04:00:00,edge-4,52.20272687612966,47.07521217223304,114.22755092581309,23.803102716259282,0
2025-08-01 05:00:00,edge-4,73.28100982111053,77.03167708688515,103.37027837058659,16.18749458516841,0
2025-08-01 06:00:00,edge-4,46.63064753982779,87.6635938112131,83.41253729225518,16.841406494005188,0
2025-08-01 07:00:00,edge-4,77.64502440450165,84.32281929293133,137.99481635608234,23.365079131463162,0
2025-08-01 08:00:00,edge-4,52.45507170993393,63.60808289167658,53.63889786956845,26.57960272596369,0
2025-08-01 09:00:00,edge-4,49.15237711781,85.02049994630579,19.92150398356266,19.656002302641152,0
2025-08-01 10:00:00,edge-4,51.749277534558,49.55523966829379,93.99221501905892,22.77119207718413,0
2025-08-01 11:00:00,edge-4,45.32865133754321,100.0,132.62254882649924,24.367165332739944,0
2025-08-01 12:00:00,edge-4,20.29165893340379,64.81699082869078,76.76892419201118,30.765016159232687,0
2025-08-01 13:00:00,edge-4,63.202622873347266,82.93588324219792,107.4596217729266,14.221420093997676,0
2025-08-01 14:00:00,edge-4,82.8906974592067,52.75982281969772,51.172147144130875,16.65638295868099,0
2025-08-01 15:00:00,edge-4,57.20643905049004,69.98829066502984,142.50653241176622,17.46763332942617,0
2025-08-01 16:00:00,edge-4,58.11981442034689,70.8692696132275,126.07638530417523,24.137620743573727,0
2025-08-01 17:00:00,edge-4,47.26110971663006,41.42332651469965,100.78913276472842,18.74041138974417,0
2025-08-01 18:00:00,edge-4,67.36683648245963,40.83113260176484,106.74919151566274,21.56122919362199,0
2025-08-01 19:00:00,edge-4,49.410925723103375,55.909948871549155,44.256989468197936,20.609214765873816,1
2025-08-01 20:00:00,edge-4,54.00830147295345,82.10665087691982,46.04426704885589,20.00868562945341,0
2025-08-01 21:00:00,edge-4,26.52175298803665,23.371447123099628,95.12034304906656,20.536982871931823,0
2025-08-01 22:00:00,edge-4,42.05987194633327,52.74301560614608,120.54939242901703,25.149503574643802,0
2025-08-01 23:00:00,edge-4,55.51029722271856,86.19745245732366,122.5751468376508,15.147071755304708,0
2025-08-02 00:00:00,edge-4,63.60817601875986,35.35741213124629,85.48268503544068,19.257719045345475,0
2025-08-02 01:00:00,edge-4,64.02409613194257,85.07801326511499,129.81513425165707,13.92361127100244,0
2025-08-02 02:00:00,edge-4,26.312286270233752,37.44414046864655,156.83166109654292,21.132784640658222,0
2025-08-02 03:00:00,edge-4,27.833303371278774,41.66916771831198,96.45330333343074,19.022355696297797,0
2025-08-02 04:00:00,edge-4,58.762056515828206,57.05556444248031,112.3865562644711,25.346215662839477,0
2025-08-02 05:00:00,edge-4,38.79787417992751,97.46918136761872,91.68583478663496,19.97588389725302,0
2025-08-02 06:00:00,edge-4,63.418889090626635,47.199856071753686,94.94774764125955,17.780804332984967,0
2025-08-02 07:00:00,edge-4,25.547476863769727,25.340744232755412,106.7825729183331,18.766449759636387,0
2025-08-02 08:00:00,edge-4,48.52385084399829,31.961279050417495,168.1305715621546,28.61712106803587,0
2025-08-02 09:00:00,edge-4,49.48644774135325,78.63896380545022,136.611055089822,12.149596945306412,0
2025-08-02 10:00:00,edge-4,57.20700645504868,32.90519429815437,133.00737735048722,16.862419496922044,0
2025-08-02 11:00:00,edge-4,34.53260005780471,83.75929150962332,81.85028534995722,20.180040220000336,0
2025-08-02 12:00:00,edge-4,20.498539080118743,61.39581642201211,64.07299404833165,16.817867767099667,0
2025-08-02 13:00:00,edge-4,52.56909142318523,59.354575467701125,115.5814176382417,22.453408363819793,1
2025-08-02 14:00:00,edge-4,57.896454088182175,65.94608491918916,149.74981255899067,19.717572809445425,0
2025-08-02 15:00:00,edge-4,65.11182443949556,43.98159328206458,168.9361759413126,21.279924513151727,0
2025-08-02 16:00:00,edge-4,44.621725199237744,62.75743842990384,10.0,20.589140676391423,0
2025-08-02 17:00:00,edge-4,61.63522461523171,36.13854006525891,197.8555317037367,19.484773035513417,0
2025-08-02 18:00:00,edge-4,57.286606623326435,86.9778185930813,116.67947792990742,13.545881323882558,0
2025-08-02 19:00:00,edge-4,69.83607616571504,39.4540954017866,136.3572145665517,20.8804621459682,0
2025-08-02 20:00:00,edge-4,49.169181259336725,68.77761269847392,30.40223562417752,11.182955820529642,0
2025-08-02 21:00:00,edge-4,24.051510458088817,39.30499395478776,90.52376652941382,16.640195091850785,0
2025-08-02 22:00:00,edge-4,48.98510489571129,49.33590827017182,132.91391667588834,22.446026430113278,0
2025-08-02 23:00:00,edge-4,51.326761226940675,52.5233593168038,53.01008965126145,25.94843767854215,0
2025-08-03 00:00:00,edge-4,57.77291363597741,100.0,10.0,31.747080626409186,0
2025-08-03 01:00:00,edge-4,27.00976450489075,59.71107826529566,113.42021409212992,17.858730107979714,0
2025-08-03 02:00:00,edge-4,45.31932777788188,43.56940405919589,98.00869347348733,15.674376848899456,0
2025-08-03 03:00:00,edge-4,63.02155357346922,51.10888776452246,157.65348351507356,22.61141775430094,0
2025-08-03 04:00:00,edge-4,48.438718209183,29.90654896424946,93.60326096461537,29.349844074143252,0
2025-08-03 05:00:00,edge-4,45.41398426801872,56.74428157089884,96.5312482767002,27.663723963804536,0
2025-08-03 06:00:00,edge-4,78.5948959667525,97.02173328817736,127.90710022547327,14.824603973790593,0
2025-08-03 07:00:00,edge-4,33.94993719752672,66.72079061960054,141.34081742385928,19.297454062688495,0
2025-08-03 08:00:00,edge-4,68.49732064976472,78.06801899453708,71.65006269362229,24.25183641572712,0
2025-08-03 09:00:00,edge-4,65.31874603811285,41.80112720389792,137.77995038308083,24.598555762181807,0
2025-08-03 10:00:00,edge-4,46.62250307574556,55.93315661516586,79.13064692281537,22.959309619228552,0
2025-08-03 11:00:00,edge-4,49.5066417037651,64.07805270512338,100.66086414906317,17.756257079954395,0
2025-08-03 12:00:00,edge-4,49.45311900571755,45.493863391474974,126.83078971229429,22.91482608953664,0
2025-08-03 13:00:00,edge-4,52.729216345153056,68.0001347346217,133.80545375512,24.646754024384965,0
2025-08-03 14:00:00,edge-4,41.08187963843318,72.30856830377533,112.73259625618897,15.339899621747325,0
2025-08-03 15:00:00,edge-4,43.57777660356996,70.85696101673079,56.77778691867203,26.65117949555276,0
2025-08-03 16:00:00,edge-4,44.67163203653282,56.97833445323309,25.189811630589944,24.959797569823344,0
2025-08-03 17:00:00,edge-4,45.15053449101676,81.81822601305122,92.4817604710219,16.290192502341554,0
2025-08-03 18:00:00,edge-4,45.338656541718954,54.847651229630415,138.85139434839056,24.62454914179724,0
2025-08-03 19:00:00,edge-4,16.387628164458917,53.023584244454426,117.9878976559097,24.06556827742225,0
2025-08-03 20:00:00,edge-4,51.464736318941775,88.83078014200919,109.68132029520149,24.25576326386851,0
2025-08-03 21:00:00,edge-4,42.08798329769101,37.86067400598846,99.71893774134067,27.879865272203403,0
2025-08-03 22:00:00,edge-4,21.9978337007795,25.94062158429039,112.36407373886746,19.9476911046508,0
2025-08-03 23:00:00,edge-4,44.749234776335946,42.643673675238134,60.23635292184325,21.65760657911454,0
2025-08-04 00:00:00,edge-4,44.28563782988914,67.7448385335608,131.20807276661125,6.806358724199082,0
2025-08-04 01:00:00,edge-4,69.12866790623707,85.67182028930375,133.85225833688597,25.579113482871882,0
2025-08-04 02:00:00,edge-4,41.91155062355876,46.789629836367695,85.78937966626884,25.09793208795094,0
2025-08-04 03:00:00,edge-4,60.01685269810243,96.29675040580841,117.48030522606551,26.780171523923634,0
2025-08-04 04:00:00,edge-4,70.74218005078575,60.54394708552626,31.3380214251998,15.316597964152354,0
2025-08-04 05:00:00,edge-4,40.57896936467613,57.689409056036205,107.20191663885332,24.810226928975577,0
2025-08-04 06:00:00,edge-4,49.28754185207366,43.001237183608836,94.67498956233332,25.093746482189776,0
2025-08-04 07:00:00,edge-4,75.93037662364551,99.02710337271267,150.36931627481925,16.745416936302156,0
2025-08-04 08:00:00,edge-4,53.4346423272387,56.99422243962026,92.05428971259758,25.27982213482028,0
2025-08-04 09:00:00,edge-4,55.60624763103391,33.360239476165766,134.74658053523785,22.315203555164842,0
2025-08-04 10:00:00,edge-4,43.89119114047508,100.0,84.35309955269996,11.509941131354825,0
2025-08-04 11:00:00,edge-4,60.305762456483606,67.87340187704694,10.0,22.92240410234951,0
2025-08-04 12:00:00,edge-4,49.40536079471624,75.97660901208562,90.97854716759068,16.163965682858347,0
2025-08-04 13:00:00,edge-4,22.518455931802073,93.63120441681446,107.87029020453753,11.620340426942214,0
2025-08-04 14:00:00,edge-4,44.67151199025774,72.28925164908883,106.03350014754031,21.832766377833213,0
2025-08-04 15:00:00,edge-4,32.25231814670325,79.4977871408891,106.63802021093912,19.67334648451269,0
2025-08-04 16:00:00,edge-4,51.68361446408817,61.0865014465611,79.74183190537732,27.019067855154535,0
2025-08-04 17:00:00,edge-4,36.247413544116824,74.67464574870445,87.05089697019903,20.90859560520244,0
2025-08-04 18:00:00,edge-4,57.171926985387195,59.31684370886747,54.94624621677868,23.8925966336851,0
2025-08-04 19:00:00,edge-4,50.671451314006944,59.59579828317872,20.135773379633875,22.54404683025075,0
2025-08-04 20:00:00,edge-4,31.27986494631703,62.39433513067893,95.74163986480433,25.10478677346397,0
2025-08-04 21:00:00,edge-4,42.61192826579475,52.06369707907635,70.1918767000754,15.567963274798775,0
2025-08-04 22:00:00,edge-4,59.30844052446626,70.08755670671837,143.1934231599872,20.992683150563415,0
2025-08-04 23:00:00,edge-4,67.2198955372095,70.03690350430213,12.720652546125592,19.29632048463901,0
2025-08-05 00:00:00,edge-4,36.463681530890995,76.37833199789179,111.6407519657717,23.268416919193854,0
2025-08-05 01:00:00,edge-4,33.538392575884295,72.79213030070945,184.8594905949579,21.27906538382082,0
2025-08-05 02:00:00,edge-4,79.26477410451581,100.0,92.68614273929977,16.929810670070836,0
2025-08-05 03:00:00,edge-4,49.853480802574886,81.05259479273134,99.89007637271831,18.31033230040742,0
2025-08-05 04:00:00,edge-4,51.3720340298296,55.85496219170812,117.05387079885963,28.242513542694503,0
2025-08-05 05:00:00,edge-4,38.909134173475266,69.06143007651826,120.18077828822909,11.52824440894358,0
2025-08-05 06:00:00,edge-4,53.228303428105804,88.25396228320031,83.65970653757415,23.54682353432667,0
2025-08-05 07:00:00,edge-4,75.72643514810264,41.00053621968938,59.66815159807365,26.207231483665076,0
2025-08-05 08:00:00,edge-4,53.81547903285399,100.0,126.10883190202117,22.894185762511935,0
2025-08-05 09:00:00,edge-4,65.97444873709016,44.50721132500359,23.677544503320874,29.855041256489976,0
2025-08-05 10:00:00,edge-4,50.43475784804489,78.00550786475549,133.28913280201638,24.69257823537611,0
2025-08-05 11:00:00,edge-4,34.61295214064085,60.132008804489814,84.32805903727251,21.920618568688486,0
2025-08-05 12:00:00,edge-4,39.7514499606051,58.98135200171119,100.12340616348598,17.666352207910556,0
2025-08-05 13:00:00,edge-4,33.23296737042756,33.941742527043495,78.97568515006515,22.01333723590467,0
2025-08-05 14:00:00,edge-4,53.26679875380028,78.15000189841302,157.23530494086495,23.40840960094047,0
2025-08-05 15:00:00,edge-4,68.35833190475002,34.23283629788655,109.96042829698379,20.01750212180139,0
2025-08-05 16:00:00,edge-4,52.415164132262355,31.14459534276561,87.1304805355141,16.28586695377716,0
2025-08-05 17:00:00,edge-4,45.38327272054599,83.19406036813152,86.00388417433018,13.978886669967773,0
2025-08-05 18:00:00,edge-4,38.1554037156894,95.79211191586158,94.07371461328518,20.927034426904864,0
2025-08-05 19:00:00,edge-4,55.33168794267761,46.65508467538014,195.87760706135117,12.598418961092145,0
2025-08-05 20:00:00,edge-4,31.428019208095648,80.06218447310471,47.31646572081459,17.64228655271242,0
2025-08-05 21:00:00,edge-4,32.988483826054185,75.93052706795356,143.31528723862968,7.84129764561569,0
2025-08-05 22:00:00,edge-4,63.50244901460874,58.169626097770426,122.72421148359825,24.16509264810623,0
2025-08-05 23:00:00,edge-4,45.83397406489104,86.71633763208449,161.59247009648305,25.770233545855938,0
2025-08-06 00:00:00,edge-4,45.53818710474975,56.72755639446872,125.16267180766089,20.394740301312197,0
2025-08-06 01:00:00,edge-4,47.46400975530876,70.3506829063805,100.1345200146727,29.157295159298997,0
2025-08-06 02:00:00,edge-4,60.88806600118906,34.92460233314682,140.8011051448152,26.736933761081364,0
2025-08-06 03:00:00,edge-4,52.482540095365515,35.779407396978556,109.19075297397175,22.39892857573605,0
2025-08-06 04:00:00,edge-4,38.8537783750113,83.3808992957756,130.19824122425246,19.433928195438913,0
2025-08-06 05:00:00,edge-4,39.393616745772476,71.02410423146823,157.12877855276915,18.25300940558376,0
2025-08-06 06:00:00,edge-4,47.073337837294496,57.15086248124162,103.70079895289932,22.812455371799945,0
2025-08-06 07:00:00,edge-4,54.53329614040462,98.1569040192895,83.02460073393542,19.293865795528564,0
2025-08-06 08:00:00,edge-4,49.467350847531144,97.94631343664145,74.24752543003603,22.74115100828725,0
2025-08-06 09:00:00,edge-4,48.13264720740373,68.78335999520267,118.02161630387062,23.11226806916423,0
2025-08-06 10:00:00,edge-4,50.694253385902115,30.886897635335746,64.87326364215932,18.852103760949273,0
2025-08-06 11:00:00,edge-4,49.456633923587255,57.768020239993284,86.00780142877362,25.478929078114945,0
2025-08-06 12:00:00,edge-4,38.294256461540925,43.34836340008466,61.29724953190719,18.857243715137933,0
2025-08-06 13:00:00,edge-4,66.60576368508163,61.79027181625919,120.33356473675457,20.106692743226624,0
2025-08-06 14:00:00,edge-4,42.76532817212248,41.27405666844932,69.91376917684356,15.112376998378167,0
2025-08-06 15:00:00,edge-4,51.93830826026089,36.0754815114679,48.53068350476579,18.64691632503537,0
2025-08-06 16:00:00,edge-4,19.09497130942446,14.747735125488944,55.568983083245556,30.790992279877063,0
2025-08-06 17:00:00,edge-4,46.77238567912529,63.3451462700194,77.15646556302808,15.498067155648904,0
2025-08-06 18:00:00,edge-4,33.50616254880454,14.024737664418147,80.78796724412904,22.188561801870513,0
2025-08-06 19:00:00,edge-4,35.314673454510654,53.59518682497785,110.05810582213998,17.727544238777167,0
2025-08-06 20:00:00,edge-4,86.33278920450174,73.88793946528588,93.53506845227446,8.93049249242029,0
2025-08-06 21:00:00,edge-4,53.742888509462894,45.558086255918816,114.81243175030819,22.794852116434207,0
2025-08-06 22:00:00,edge-4,68.39033267073302,38.30342974001057,118.02450098166895,17.219378705297984,0
2025-08-06 23:00:00,edge-4,62.8295537498118,58.64306084882594,129.61998045714142,21.595206081706696,0
2025-08-07 00:00:00,edge-4,64.74864322997097,43.42788943048899,23.687016927734902,24.94859481285936,0
2025-08-07 01:00:00,edge-4,47.01392507610353,63.71315845984741,54.91106514600024,21.17299192094044,0
2025-08-07 02:00:00,edge-4,74.09603017867295,39.343402689764595,122.19546891817541,21.64149422952248,0
2025-08-07 03:00:00,edge-4,62.70030947864739,57.91012147633951,108.45649367852914,15.660300380964625,0
2025-08-07 04:00:00,edge-4,50.620024277034545,53.071585563200806,139.07731814218084,23.534126804289798,0
2025-08-07 05:00:00,edge-4,53.94934436686414,59.76956768976808,38.23929485926453,19.051579931048643,0
2025-08-07 06:00:00,edge-4,47.949013753062516,92.7030318803437,80.99381708022202,10.007856963497343,0
2025-08-07 07:00:00,edge-4,50.783587772995645,63.9962174983432,88.1448025426251,24.13622214355965,0
2025-08-07 08:00:00,edge-4,49.345988973698844,70.08888244518053,106.66255151954408,25.66491426466257,0
2025-08-07 09:00:00,edge-4,55.72300446854736,47.50413832302704,101.43509498141727,27.40561227779236,0
2025-08-07 10:00:00,edge-4,76.09960702115696,64.46512837786692,118.76311128069128,30.854115012031116,0
2025-08-07 11:00:00,edge-4,31.921788245618966,54.50393119584133,95.4138415530727,23.86767273813879,0
2025-08-07 12:00:00,edge-4,67.1353214526321,60.59312081416714,154.89345083818733,22.569860588842698,0
2025-08-07 13:00:00,edge-4,44.47648274433098,72.97891141731088,167.6483711268866,25.457738709775334,0
2025-08-07 14:00:00,edge-4,69.04494722397209,49.995323195061346,55.2841298640261,15.56502426659058,0
2025-08-07 15:00:00,edge-4,44.998319554787614,52.03909127983216,101.80444841054141,11.640152844275745,0
2025-08-07 16:00:00,edge-4,56.191305148103794,50.27170661436236,131.91977101228417,17.61495595747787,0
2025-08-07 17:00:00,edge-4,47.61733626806956,49.8856071318604,123.41311926837196,26.386220886765077,0
2025-08-07 18:00:00,edge-4,24.041118149326113,63.46470461147229,83.6862550265726,16.694504339077785,0
2025-08-07 19:00:00,edge-4,76.0846531444098,52.72036149354754,110.19459540987145,22.328052938295595,0
2025-08-07 20:00:00,edge-4,35.85869579717049,89.95912727157149,36.66166741555468,22.86648651357742,0
2025-08-07 21:00:00,edge-4,51.25824291734473,100.0,99.23432486207659,21.22132568720958,0
2025-08-07 22:00:00,edge-4,34.21367320737389,48.641154296253745,41.58785181991942,13.611838224157793,0
2025-08-07 23:00:00,edge-4,29.944975227688193,65.88005716409388,120.31915856129274,21.71352873056091,0
2025-08-08 00:00:00,edge-4,46.92590240466302,80.76015152110475,55.361682076036736,17.892232681259884,0
2025-08-08 01:00:00,edge-4,41.09733106894593,54.68501875952043,106.52132699072011,28.514305961028118,0
2025-08-08 02:00:00,edge-4,32.46777468040359,40.11217721388534,112.7678236168625,25.684392314676067,0
2025-08-08 03:00:00,edge-4,49.46851077909222,94.76346622929516,103.03455556373667,18.06853462042947,0
2025-08-08 04:00:00,edge-4,27.771399153532542,73.72314587610406,74.72188548272922,28.828682392456518,0
2025-08-08 05:00:00,edge-4,51.88210697621782,66.37380905946115,91.58526999105513,21.718557046459303,0
2025-08-08 06:00:00,edge-4,48.09009771503781,89.01044800261876,147.24286672838883,11.641817342789274,0
2025-08-08 07:00:00,edge-4,12.793909482480835,75.4046634764747,83.01566400553679,19.608473585968166,0
2025-08-08 08:00:00,edge-4,42.15335145425234,59.041299280788074,100.85720427782452,28.176389639811358,0
2025-08-08 09:00:00,edge-4,57.0261501534013,40.46738268492953,77.72844782164654,15.900807485923682,0
2025-08-08 10:00:00,edge-4,34.0468117256522,50.13336511151369,140.81708398152267,19.658800474321342,0
2025-08-08 11:00:00,edge-4,57.676882916537146,84.09646410677027,103.11323100641012,13.200768411180984,0
2025-08-08 12:00:00,edge-4,56.490188148703666,73.64171309619897,69.44103966145437,13.994335167324268,0
2025-08-08 13:00:00,edge-4,34.73417859571693,56.26666761244653,100.28501034127015,15.82880128048025,0
2025-08-08 14:00:00,edge-4,49.815765450410225,95.33126388990891,90.35872474074073,13.86300877604263,0
2025-08-08 15:00:00,edge-4,62.37486625021484,56.855574272183766,155.7032844358618,16.908629576487733,0
2025-08-08 16:00:00,edge-4,36.85366654309227,79.75035921462316,98.21249973975863,28.691416422505156,0
2025-08-08 17:00:00,edge-4,46.91284163628067,64.4007809457347,44.690044464767034,19.819637170004533,0
2025-08-08 18:00:00,edge-4,67.25358676971712,98.659060748455,119.94532945798106,23.927608504560517,0
2025-08-08 19:00:00,edge-4,37.135519028611846,75.06090974122654,171.44349733461155,25.457845084540438,0
2025-08-08 20:00:00,edge-4,56.887374287031776,60.923189624261234,147.87723558185004,14.457817675640943,0
2025-08-08 21:00:00,edge-4,33.8121333756159,56.4239704246632,55.882653648589866,15.842437937870272,0
2025-08-08 22:00:00,edge-4,47.5855714520749,59.6925499787564,89.25087422699585,23.829093637304318,0
2025-08-08 23:00:00,edge-4,56.70090071860844,45.49205457715317,98.77267290540865,16.828584972432274,0
2025-08-09 00:00:00,edge-4,13.9320981509494,32.665937249227674,99.25804565757231,23.497935858123174,0
2025-08-09 01:00:00,edge-4,41.9851537832205,66.17470780218356,115.23847428715355,28.386612105188238,0
2025-08-09 02:00:00,edge-4,56.43997890779567,49.32962973271248,86.23595969388269,12.723085562946341,0
2025-08-09 03:00:00,edge-4,53.38766163797596,49.276495647092254,63.37504677676719,18.215329185782625,0
2025-08-09 04:00:00,edge-4,42.16432423044316,58.22319526905292,138.07201346035728,19.008643136445293,0
2025-08-09 05:00:00,edge-4,33.431269916282446,61.04446876794536,55.05735670919621,17.368167744647895,0
2025-08-09 06:00:00,edge-4,59.426973232913696,60.14752023169812,67.91533835836286,16.960129966672245,0
2025-08-09 07:00:00,edge-4,45.16389893717275,94.765907036169,54.80875923675491,17.5393959262582,0
2025-08-09 08:00:00,edge-4,58.18020802443508,73.24758935822805,124.4884974180871,19.92374637019093,0
2025-08-09 09:00:00,edge-4,55.703347032762615,100.0,104.25885237659327,20.82442400816857,0
2025-08-09 10:00:00,edge-4,43.2887257164727,51.22019260270969,135.34014478818597,24.7670542132149,0
2025-08-09 11:00:00,edge-4,66.08842614491975,75.6744128625649,68.5922633497558,19.874406655949993,0
2025-08-09 12:00:00,edge-4,41.08583584945758,52.33174918740289,49.87947531860073,25.59087473650487,0
2025-08-09 13:00:00,edge-4,67.85680961227854,48.777362841502175,82.24396178119093,17.04099961625864,0
2025-08-09 14:00:00,edge-4,69.81938795821296,100.0,92.7001085295769,13.993185811941903,0
2025-08-09 15:00:00,edge-4,65.75172011735337,44.63703461209367,108.3638523108026,18.476229827940408,0
2025-08-09 16:00:00,edge-4,47.29158269950553,15.365319935548236,32.70433466849106,22.31246327285995,0
2025-08-09 17:00:00,edge-4,88.20618716551982,45.84101381670291,119.14923453134699,24.302333515723788,0
2025-08-09 18:00:00,edge-4,52.27766688633865,19.833526765052582,64.23045046841936,27.301167928112697,0
2025-08-09 19:00:00,edge-4,53.61584718269689,40.9735099785633,74.10337399530007,21.451001519918435,0
2025-08-09 20:00:00,edge-4,49.669079821428376,42.82668358299959,146.94838124565675,23.76513002916915,0
2025-08-09 21:00:00,edge-4,33.05350284415486,60.70563529703101,12.672126181872045,26.843896836907298,0
2025-08-09 22:00:00,edge-4,69.42609856077146,19.008067454392275,112.90008108667809,16.103765509307053,0
2025-08-09 23:00:00,edge-4,41.41394855504093,83.91904452162264,112.74914520269937,18.9492950030454,0
2025-08-10 00:00:00,edge-4,63.7941653905597,22.48461473184168,67.24860092596973,33.85456605266477,0
2025-08-10 01:00:00,edge-4,67.39329662477815,57.444983546922366,82.11982716335913,24.28194471151287,0
2025-08-10 02:00:00,edge-4,59.04982070823931,53.51690378024707,148.84187208605135,22.553501543481858,0
2025-08-10 03:00:00,edge-4,39.620460861525444,76.50700719802586,178.51694175884109,24.468454221628633,0
2025-08-10 04:00:00,edge-4,44.88382616731727,67.03086549801415,142.58903467537826,13.321614271803224,0
2025-08-10 05:00:00,edge-4,9.843857289780175,83.73745842521524,175.43486671041882,16.765867857091685,0
2025-08-10 06:00:00,edge-4,48.252985154501076,52.77093416043948,72.34672301329805,14.938510602609767,0
2025-08-10 07:00:00,edge-4,62.040652815499755,50.70506540663866,36.796637341619494,22.09304159854583,0
2025-08-10 08:00:00,edge-4,46.43742381377115,68.25581970106364,97.89513966108169,18.155169675448615,0
2025-08-10 09:00:00,edge-4,41.14879561614009,80.58403759055611,132.19434544422688,20.4769424456521,0
2025-08-10 10:00:00,edge-4,45.53379613835751,76.5013819216411,25.8099957553235,18.444918763505875,0
2025-08-10 11:00:00,edge-4,68.23048955478528,66.43628426935187,62.94172602694131,11.867970362571832,0
2025-08-10 12:00:00,edge-4,49.18451466659805,64.65325004535599,67.38419627948502,24.42488218577011,0
2025-08-10 13:00:00,edge-4,77.86874264612919,59.2742175239906,114.26254249548086,11.189017814310294,0
2025-08-10 14:00:00,edge-4,41.43899742672915,68.19860328963874,109.10478254998345,16.361766303643435,0
2025-08-10 15:00:00,edge-4,53.25847677696895,100.0,68.9935690598262,13.422638600059436,0
2025-08-10 16:00:00,edge-4,43.49897111559459,55.148532368862426,107.1924479076317,15.60129414896552,0
2025-08-10 17:00:00,edge-4,81.11729620636984,52.710196771691585,54.207792609466594,21.009292814098718,0
2025-08-10 18:00:00,edge-4,52.6955796696404,51.178882680936496,82.94300749537418,26.1751148030141,0
2025-08-10 19:00:00,edge-4,81.92114205801772,67.78745516244828,49.40842989237134,12.195025055331502,0
2025-08-10 20:00:00,edge-4,43.69808667646521,17.565094618060954,93.99048688820746,17.213959908495358,0
2025-08-10 21:00:00,edge-4,72.91368763782593,57.29876593731328,67.98042964570573,11.25477853528685,0
2025-08-10 22:00:00,edge-4,51.77005058410243,77.61293702499952,127.61500080274298,16.972939871529494,0
2025-08-10 23:00:00,edge-4,62.54983391818396,49.47538412275561,98.95251717102941,20.359460343164738,0
2025-08-11 00:00:00,edge-4,31.70433533136424,63.734092596276945,90.93028992870029,23.83538783576283,0
2025-08-11 01:00:00,edge-4,55.2262092381396,100.0,170.72497475978423,9.40719006763948,0
2025-08-11 02:00:00,edge-4,33.9631934301395,66.63199749957487,115.33152708074547,22.752759099622615,0
2025-08-11 03:00:00,edge-4,53.85644601057543,15.215467574258092,85.27383665472284,15.136799954639931,0
2025-08-11 04:00:00,edge-4,27.224149204427704,31.802312668853823,76.65058611655667,13.919046114032174,0
2025-08-11 05:00:00,edge-4,48.58875470642859,54.97993497155033,52.75309576275,20.337438475458736,0
2025-08-11 06:00:00,edge-4,66.43418055690056,43.92348183575352,97.36464458180843,23.135731522487838,0
2025-08-11 07:00:00,edge-4,58.213308184913075,62.067664116012814,112.30454169506542,19.4977263243352,0
2025-08-11 08:00:00,edge-4,31.490749256136734,54.10847955436468,23.42496029996275,14.5343467771395,0
2025-08-11 09:00:00,edge-4,21.524204257443543,83.32143065662599,45.44065892086284,19.495094994285697,0
2025-08-11 10:00:00,edge-4,57.45416870691152,38.17337105646911,79.35588842932546,16.374107332501342,0
2025-08-11 11:00:00,edge-4,73.7179819303762,55.85001235646327,56.072771364257875,23.020162374774497,0
2025-08-11 12:00:00,edge-4,35.54080944694749,64.34516974550374,101.73029944103754,25.37678915651299,0
2025-08-11 13:00:00,edge-4,81.46106117264543,66.8226888700393,107.2860817162754,25.057309954423882,0
2025-08-11 14:00:00,edge-4,49.902600677464996,62.93610517156009,95.10770528268009,19.901257510099935,0
2025-08-11 15:00:00,edge-4,20.61959699488451,11.7745315328376,122.00697285536644,25.61330342281118,0
2025-08-11 16:00:00,edge-4,26.58679464929747,61.66584156016129,76.60350889728322,14.895098566892006,0
2025-08-11 17:00:00,edge-4,61.54923724057119,56.98491254249488,98.16380558157842,28.914331662123956,0
2025-08-11 18:00:00,edge-4,51.94352061252552,77.28219505825713,59.867456606586124,14.867089613009393,0
2025-08-11 19:00:00,edge-4,72.23331448689895,74.45940617138807,111.38478829170064,9.849404048247159,0
2025-08-11 20:00:00,edge-4,32.02812849952721,64.8168902198663,103.03632621945314,26.827182047473507,0
2025-08-11 21:00:00,edge-4,51.77742197245669,66.26328256811514,52.05860046219265,16.44932789398688,0
2025-08-11 22:00:00,edge-4,50.101415920825346,87.04766198459333,93.7976249918098,20.583694412526082,0
2025-08-11 23:00:00,edge-4,47.85478215414137,83.00592214191383,98.48712506931881,14.845959765378613,0
2025-08-12 00:00:00,edge-4,44.260891570295115,65.50664004522322,111.24047612880484,31.818017036702273,0
2025-08-12 01:00:00,edge-4,44.55950936692279,100.0,112.72474026284604,29.10908835028782,0
2025-08-12 02:00:00,edge-4,52.61968736420562,47.43607350886013,71.1525624422529,27.73276965612181,0
2025-08-12 03:00:00,edge-4,54.538715417573236,36.29113783813545,130.54578631730857,20.441788686371748,0
2025-08-12 04:00:00,edge-4,53.78859275154865,59.7832398622341,120.92222715357029,24.9034961487518,0
2025-08-12 05:00:00,edge-4,68.08981263360678,52.52380275748032,71.016816391781,19.734739681706543,0
2025-08-12 06:00:00,edge-4,31.98082231566919,10.693173810638072,54.29211819942515,25.611006731967286,0
2025-08-12 07:00:00,edge-4,22.824746982428962,46.952383800172285,74.07393418823025,17.946953181591454,0
2025-08-12 08:00:00,edge-4,65.25447581581795,66.87170307609547,41.134082094774115,27.92352207868458,0
2025-08-12 09:00:00,edge-4,35.847124386365124,58.839445084892986,108.32026048296721,17.69563843375471,0
2025-08-12 10:00:00,edge-4,44.307862720772334,44.470771766115504,147.34239692303285,18.263545478373448,0
2025-08-12 11:00:00,edge-4,40.818505401758344,60.84651039112145,156.86184231703794,17.667355126540727,0
2025-08-12 12:00:00,edge-4,40.497315168623416,62.46144958486275,56.426343292950946,20.96226182358341,0
2025-08-12 13:00:00,edge-4,28.126039426626136,74.30148767722683,131.4721704152104,18.059020785370723,0
2025-08-12 14:00:00,edge-4,41.45708618397928,47.16998708942813,103.3800351150074,22.436277846034802,0
2025-08-12 15:00:00,edge-4,59.739966684192964,77.47713581032913,10.0,17.595065082993244,0
2025-08-12 16:00:00,edge-4,49.94102840585036,38.18714051481311,86.70411405390931,23.95394260592016,0
2025-08-12 17:00:00,edge-4,57.56760692760371,49.93246161600646,82.25267747226816,27.59183509054282,0
2025-08-12 18:00:00,edge-4,42.558770038327275,93.9798640320142,148.43271583898812,20.38773571897523,0
2025-08-12 19:00:00,edge-4,63.542689861728945,39.52244464805631,65.16181964083773,31.091642173849237,0
2025-08-12 20:00:00,edge-4,42.374571869846974,46.82465374738389,122.5225738876906,25.6376467143585,0
2025-08-12 21:00:00,edge-4,18.371640492111588,34.93777878811363,95.71646660052033,30.6911825588745,0
2025-08-12 22:00:00,edge-4,54.74935689389446,43.45467233376187,42.16763986856152,19.6940053647408,0
2025-08-12 23:00:00,edge-4,61.51077153543021,62.76726316057539,77.91258765767844,11.692703998583656,0
2025-08-13 00:00:00,edge-4,41.6114148137116,74.130845856859,161.2652584022281,16.469313878696404,0
2025-08-13 01:00:00,edge-4,67.98809401112621,59.62723732962655,93.06517805195784,16.97931654916367,0
2025-08-13 02:00:00,edge-4,37.23961718442755,53.50620301558668,136.2346823793432,15.234872756189782,0
2025-08-13 03:00:00,edge-4,60.06090219301,35.144522277600544,134.04217150900712,9.020476768505038,0
2025-08-13 04:00:00,edge-4,76.17163913235724,45.457390896361105,82.06944595127058,25.123233703561283,0
2025-08-13 05:00:00,edge-4,50.55096476557325,29.07928402558097,48.6631009536006,10.699904191177943,0
2025-08-13 06:00:00,edge-4,46.602753709654614,74.73119249769078,53.927266837721476,24.64439641920154,0
2025-08-13 07:00:00,edge-4,48.41492486788903,76.12146397294424,158.06668170096327,30.927749847349247,0
2025-08-13 08:00:00,edge-4,74.42443080427695,59.19104801336907,106.0694964767285,16.108333638228213,0
2025-08-13 09:00:00,edge-4,56.04173860686766,68.82901967769206,30.64715476081699,21.937852455670168,0
2025-08-13 10:00:00,edge-4,82.16304015828007,77.52465146694458,133.3584211112228,18.006838543526367,0
2025-08-13 11:00:00,edge-4,54.18877081916031,62.0241777536508,28.525949292885656,24.13537973387389,0
2025-08-13 12:00:00,edge-4,40.19305010144384,87.87221367984851,66.95503025680156,14.027946067474332,0
2025-08-13 13:00:00,edge-4,41.24739597180185,39.52414607516603,103.25177490294163,19.341044602047365,0
2025-08-13 14:00:00,edge-4,50.92410898239421,53.02659543899767,200.81676319609306,25.60590131865957,0
2025-08-13 15:00:00,edge-4,19.38016076045471,50.645156639047805,132.64004313414137,19.755647350860677,0
2025-08-13 16:00:00,edge-4,42.87515244919059,72.94476188059016,80.70441061533388,11.856861561219985,0
2025-08-13 17:00:00,edge-4,43.208032489253476,31.317173413478447,101.13257184040918,26.208267085253297,0
2025-08-13 18:00:00,edge-4,53.596846331283,88.95949214229103,136.78836866409085,13.520120448168226,0
2025-08-13 19:00:00,edge-4,79.12727330602175,71.23548760990106,156.87453163331986,20.393670716071092,0
2025-08-13 20:00:00,edge-4,50.82224732613769,95.00588945235943,90.09442012964226,22.913221484295043,0
2025-08-13 21:00:00,edge-4,21.16011369310452,59.18857573230563,91.25532265359584,20.599251591175786,0
2025-08-13 22:00:00,edge-4,36.29138525184558,48.99361402032487,66.79805977643235,32.687185710834584,0
2025-08-13 23:00:00,edge-4,53.934317928063706,73.14212179521925,126.60634722446474,23.669067055359722,0
2025-08-14 00:00:00,edge-4,51.394921395180454,80.61130155828548,141.03887971047692,18.988249396264933,0
2025-08-14 01:00:00,edge-4,74.36683283468875,45.711583190569144,22.45260331480985,23.01331452298965,0
2025-08-14 02:00:00,edge-4,64.40115947557061,20.048069848326932,84.12775944533519,21.049723143036783,0
2025-08-14 03:00:00,edge-4,63.95173210666575,23.4746921621145,51.462159129157456,20.221847063026356,0
2025-08-14 04:00:00,edge-4,46.74300361771234,65.22769851693961,106.03627827704076,21.218935968663633,0
2025-08-14 05:00:00,edge-4,66.48681554826317,90.80378775744843,50.48215102189877,17.829565122939453,0
2025-08-14 06:00:00,edge-4,36.56115310704063,33.98322667883974,47.1943579778896,21.064508318149528,0
2025-08-14 07:00:00,edge-4,64.52441463940605,54.55267313547154,144.94077122843794,17.472544309220545,0
2025-08-14 08:00:00,edge-4,45.76371645263949,53.03100895536119,93.37623458587254,10.519018710878438,0
2025-08-14 09:00:00,edge-4,28.28009891059211,98.41064134449701,97.60375351599706,25.701003053813515,0
2025-08-14 10:00:00,edge-4,58.898550509223114,100.0,117.2674050794001,17.172760862826966,0
2025-08-14 11:00:00,edge-4,70.96315427921579,68.48905376565197,138.83275847955835,20.706935186663973,0
2025-08-14 12:00:00,edge-4,43.90097193026056,77.96000733842966,83.25628669699273,16.19788801743602,0
2025-08-14 13:00:00,edge-4,73.44142625365191,77.4039798863306,84.14741585331168,16.348819189090293,0
2025-08-14 14:00:00,edge-4,25.160886285176808,34.39356860728649,84.31733891303543,14.805054313655479,0
2025-08-14 15:00:00,edge-4,32.04810144835457,73.97046030871732,143.26035581316512,24.741484789367505,0
2025-08-14 16:00:00,edge-4,47.799109373717926,39.60787057399818,97.27459481610151,25.948607986970842,0
2025-08-14 17:00:00,edge-4,44.43854171108459,56.56928342046767,88.35606752370624,20.12967282282803,0
2025-08-14 18:00:00,edge-4,39.99299920911164,82.79474090166262,115.635857274728,17.316711349508683,0
2025-08-14 19:00:00,edge-4,52.005165782273345,61.61866651613711,173.25016799114917,11.534649678244055,0
2025-08-14 20:00:00,edge-4,42.07114313254468,82.04992882120744,102.97132577047614,23.977155920859133,0
2025-08-14 21:00:00,edge-4,44.61538004295899,85.98526883977132,89.22211101285262,16.617214654203522,0
2025-08-14 22:00:00,edge-4,54.17637605525557,24.861326093416103,177.71994071961186,14.413696637822202,1
2025-08-14 23:00:00,edge-4,39.98694676292958,16.44604874238742,153.19206569004962,20.146317107521057,0
2025-08-15 00:00:00,edge-4,48.4097275802154,83.24184909662233,147.39300025992074,18.329371544331575,0
2025-08-15 01:00:00,edge-4,40.31691430460616,84.04814739932402,79.97252983130025,12.409729003070634,0
2025-08-15 02:00:00,edge-4,31.915693748599555,65.1318923260612,76.00688863624124,13.096396996976843,0
2025-08-15 03:00:00,edge-4,61.45553262010556,67.84432033874262,26.633821865327747,21.68271586383896,0
2025-08-15 04:00:00,edge-4,75.6169166126302,77.86095396165513,138.59667551416993,16.721543322244333,0
2025-08-15 05:00:00,edge-4,65.96857992610875,77.48817822703714,103.07988601486417,22.55129287348189,0
2025-08-15 06:00:00,edge-4,54.97574122791975,53.916320348158834,27.964484918738947,20.73265653238363,0
2025-08-15 07:00:00,edge-4,40.377073358960494,79.11700470679087,148.07390408315095,25.2377098315145,0
2025-08-15 08:00:00,edge-4,45.69621913725889,53.07053703825559,86.50596183055066,15.839274580083616,0
2025-08-15 09:00:00,edge-4,65.85531890700993,64.87102201663188,91.43678237186148,21.163589137525054,0
2025-08-15 10:00:00,edge-4,15.777698494648781,64.000449110293,39.48122811995721,23.19137294936981,0
2025-08-15 11:00:00,edge-4,44.55109663409224,42.81121802752534,119.68793762425689,16.868912570484074,0
2025-08-15 12:00:00,edge-4,61.011738796163996,45.140254275820155,120.0708010310733,25.636016278180616,0
2025-08-15 13:00:00,edge-4,32.92579426723245,100.0,98.08049787776032,11.66861154209343,0
2025-08-15 14:00:00,edge-4,56.35082426368305,42.162284944515065,83.27048264458713,15.835295015101801,0
2025-08-15 15:00:00,edge-4,55.65483906148534,67.39918533311074,205.05870554015007,11.481561144315439,0
2025-08-15 16:00:00,edge-4,28.18501354606262,71.59598352933214,51.865290561384754,16.32062513337897,0
2025-08-15 17:00:00,edge-4,51.30467165214401,58.91567417436201,71.1425203121316,19.227079722797377,0
2025-08-15 18:00:00,edge-4,40.7383209799772,73.4297987072631,128.3302695137358,24.157503595131164,0
2025-08-15 19:00:00,edge-4,56.241480138252996,66.57966532145365,59.42240253347467,19.22354831377305,0
2025-08-15 20:00:00,edge-4,60.04683028836895,42.594969037652504,56.47172333788766,17.02313140556222,0
2025-08-15 21:00:00,edge-4,55.984084006597264,70.73634588277166,145.26074585717336,12.253886019076628,0
2025-08-15 22:00:00,edge-4,51.08888486364645,49.10587154511299,124.20766899763561,13.929106772958255,0
2025-08-15 23:00:00,edge-4,54.33306908633858,94.81338366669651,119.36551908377112,21.551029752559344,0
2025-08-16 00:00:00,edge-4,32.35902366625994,68.58250554434169,107.2729939615027,24.407273805919363,0
2025-08-16 01:00:00,edge-4,49.538723242051645,45.99692947829494,72.31386414452552,17.903890278975258,0
2025-08-16 02:00:00,edge-4,38.05275129916992,66.84579107897288,89.89315584858107,26.055072614123073,0
2025-08-16 03:00:00,edge-4,65.47308130230574,41.502911221807594,96.83700738948657,15.250413004604228,0
2025-08-16 04:00:00,edge-4,60.248572339721605,65.15558159987184,133.8486541262156,18.04729690598571,0
2025-08-16 05:00:00,edge-4,60.20602025179805,55.48604420666979,117.03429462346203,18.469272101096664,0
2025-08-16 06:00:00,edge-4,75.70237333645973,43.46257663213085,62.886261378334474,27.647068941522114,0
2025-08-16 07:00:00,edge-4,45.05033802799476,43.211172109260445,131.58168911035486,20.66829563400476,0
2025-08-16 08:00:00,edge-4,41.76488971683725,100.0,32.85975800259342,11.007836053711577,0
2025-08-16 09:00:00,edge-4,44.69595925613835,61.82784563403376,87.18312604262692,24.75827152629506,0
2025-08-16 10:00:00,edge-4,25.966453882426944,51.36521670741606,54.31806491665398,29.229637883139432,0
2025-08-16 11:00:00,edge-4,27.146253187309885,47.90162800516304,65.71586222117111,18.75129638949322,0
2025-08-16 12:00:00,edge-4,59.316545134521675,69.4233220580517,177.0634511215826,15.514588374768923,0
2025-08-16 13:00:00,edge-4,29.072898036142583,47.230079308934805,41.173034143144285,24.321287073422063,0
2025-08-16 14:00:00,edge-4,33.876311524849115,38.107640662125036,67.23223776028075,29.82132318358789,0
2025-08-16 15:00:00,edge-4,48.4742018434256,59.35171206191531,120.4160708527284,24.243658769764593,0
2025-08-16 16:00:00,edge-4,43.81658595893499,59.20061821697332,81.19988960378191,11.88496823268698,0
2025-08-16 17:00:00,edge-4,63.28478536694101,51.659300435471415,106.222309230719,23.773409076862073,0
2025-08-16 18:00:00,edge-4,50.90691957502242,42.17415441120687,157.1819853074111,22.021036938885086,0
2025-08-16 19:00:00,edge-4,38.022969812417,52.18056798393012,126.18511430653689,15.226848382803857,0
2025-08-16 20:00:00,edge-4,64.57449514614619,50.60725271369341,81.2527059977077,26.44408922974648,0
2025-08-16 21:00:00,edge-4,60.93187077258173,47.83271648534199,94.65122082396839,22.191755743895776,0
2025-08-16 22:00:00,edge-4,28.835248436391513,65.53000136477395,121.22424039143208,26.57479296282966,0
2025-08-16 23:00:00,edge-4,53.78399966990049,100.0,125.39959064641499,14.692619249430628,0
2025-08-17 00:00:00,edge-4,39.273848156222776,86.63530340674731,100.83010959442059,21.993888721825122,0
2025-08-17 01:00:00,edge-4,38.87843310799748,98.83838938577028,114.42436000229635,15.524526241308276,0
2025-08-17 02:00:00,edge-4,78.04271991968764,48.64617381931919,114.46329761518459,21.238334892444726,0
2025-08-17 03:00:00,edge-4,51.86407082677682,93.49376474942382,96.31093783979473,27.38612725127446,0
2025-08-17 04:00:00,edge-4,46.736922672290795,64.54551632738334,75.79049574414351,12.867911341853645,0
2025-08-17 05:00:00,edge-4,51.274268379434304,79.72726983439526,129.7038239208667,13.154994191437407,0
2025-08-17 06:00:00,edge-4,63.113603942439404,69.1540791609631,111.67181846321236,24.777373382687824,0
2025-08-17 07:00:00,edge-4,39.475932860698336,53.13465567579705,16.76081136890997,19.929386125352746,0
2025-08-17 08:00:00,edge-4,42.037250458384975,74.38995237212089,66.96657921252516,25.856316130762757,0
2025-08-17 09:00:00,edge-4,59.85007187219492,69.69861107236952,80.7731355893388,15.963576125185838,0
2025-08-17 10:00:00,edge-4,27.254160642644464,24.63627001174209,91.95474573011415,20.25595296391359,0
2025-08-17 11:00:00,edge-4,64.86157761363937,57.51751537773744,148.15779678919316,23.440644099576286,0
2025-08-17 12:00:00,edge-4,25.9223039776466,77.44808373156559,228.09303614990148,21.0510009502012,0
2025-08-17 13:00:00,edge-4,46.31349787136886,65.54843226387776,10.0,11.056263356688884,0
2025-08-17 14:00:00,edge-4,26.017506902489913,69.38941941995593,112.17625438531331,34.112991281094736,0
2025-08-17 15:00:00,edge-4,34.15622507098486,44.97152345710102,102.78344481066851,21.061622409512577,0
2025-08-17 16:00:00,edge-4,69.46500287907429,65.12421212809362,92.7804084530939,13.297914572317413,0
2025-08-17 17:00:00,edge-4,65.66686810752081,58.07314777618122,121.71758181448585,21.57099946270121,0
2025-08-17 18:00:00,edge-4,67.26983449667156,55.930935307937844,105.99154962317925,22.14572521719749,0
2025-08-17 19:00:00,edge-4,28.26517574692392,46.41487143933249,85.54264097444849,24.969617872909822,0
2025-08-17 20:00:00,edge-4,34.234157626975055,78.29724709326322,101.1697065543844,24.635724505294434,0
2025-08-17 21:00:00,edge-4,55.098088532466974,66.90937165691363,122.26266658932278,18.930777273017384,0
2025-08-17 22:00:00,edge-4,60.72976235269022,64.8909554987869,118.4588505805838,11.38960155681995,0
2025-08-17 23:00:00,edge-4,38.00729472352063,100.0,107.54529230478742,22.30681515901957,1
2025-08-18 00:00:00,edge-4,41.31617926184117,69.47598339034926,76.66209488988738,11.787919728351397,0
2025-08-18 01:00:00,edge-4,33.02978530912047,84.00993375286788,212.76571532900277,26.0762230159279,0
2025-08-18 02:00:00,edge-4,74.87367935872311,65.45865655122195,114.38053244752997,16.33621017242491,0
2025-08-18 03:00:00,edge-4,42.87566301419725,52.93672623976617,130.49852909344548,23.174801673277564,0
2025-08-18 04:00:00,edge-4,50.46938455419147,38.81725356711282,79.6879018855578,16.71915594078069,0
2025-08-18 05:00:00,edge-4,51.25466903333941,64.82780255995563,107.58294776651482,17.539821689383874,0
2025-08-18 06:00:00,edge-4,66.58430680210714,6.730209240869854,107.26432307202161,15.995150917028946,0
2025-08-18 07:00:00,edge-4,35.713001530513864,65.44934151782381,23.522008463405356,23.580407634803507,0
2025-08-18 08:00:00,edge-4,67.5239125133923,66.30796785989727,71.3335695861502,16.893265096402164,0
2025-08-18 09:00:00,edge-4,30.81918926567463,55.64864840305845,70.5942658833822,23.842660440955743,0
2025-08-18 10:00:00,edge-4,67.48580386666586,58.15267278149239,75.98172934728498,17.02404820635955,0
2025-08-18 11:00:00,edge-4,24.270506223428796,34.97660963881815,57.20643459355648,18.842908737473223,0
2025-08-18 12:00:00,edge-4,48.43166522197843,87.7120724014145,101.75424145203782,20.17782469979621,0
2025-08-18 13:00:00,edge-4,74.38155832554341,53.25498087780949,155.89434455593633,20.769108029575,0
2025-08-18 14:00:00,edge-4,60.45884162368482,40.55814507193266,105.21954798936225,15.378978327234414,0
2025-08-18 15:00:00,edge-4,56.31863432961873,70.8932213046698,52.749181773123375,23.51903824650679,0
2025-08-18 16:00:00,edge-4,34.27377287563741,62.215122155806675,58.76384387204276,18.64330397028633,0
2025-08-18 17:00:00,edge-4,38.97798133747464,52.83330430944818,84.91795403162035,22.719503686527542,0
2025-08-18 18:00:00,edge-4,70.16593731546737,50.71933268945119,43.37573941752139,19.9188586514362,0
2025-08-18 19:00:00,edge-4,57.08509236885472,59.88722614517377,112.17828335843433,22.932269502124488,0
2025-08-18 20:00:00,edge-4,63.35373870500846,86.91631941070732,154.12395479067118,17.943291260099254,0
2025-08-18 21:00:00,edge-4,51.106907187211114,69.39092820973087,76.96383149069842,16.052009550628142,0
2025-08-18 22:00:00,edge-4,45.77402773979772,59.31183438985022,103.04535627115858,22.134291172194594,0
2025-08-18 23:00:00,edge-4,61.49992445713147,77.04867751442481,82.84157249315177,17.531330821003728,0
2025-08-19 00:00:00,edge-4,53.890295516839544,60.55063782256484,74.81488594892707,27.29393224873055,0
2025-08-19 01:00:00,edge-4,47.450599983679346,68.031045516707,107.58304271689903,20.338283511058563,0
2025-08-19 02:00:00,edge-4,28.78989415187898,63.0225546397334,73.4677801155382,13.131843611025843,0
2025-08-19 03:00:00,edge-4,64.30862445979363,71.79560836027692,67.66398190040093,17.072670232913243,0
2025-08-19 04:00:00,edge-4,56.60039467459076,51.117116515861255,35.22834472282314,15.003477300082045,0
2025-08-19 05:00:00,edge-4,40.906069262782204,37.21314272874848,102.58352910954584,25.36459390190821,0
2025-08-19 06:00:00,edge-4,67.68879101192076,78.13696300829595,142.68037579810812,23.86770296429313,0
2025-08-19 07:00:00,edge-4,53.657187485999366,90.09856635625928,128.29235154169353,19.69478351998348,0
2025-08-19 08:00:00,edge-4,53.95098258642615,38.162378324806056,159.6797332299444,21.45036851700151,0
2025-08-19 09:00:00,edge-4,63.25843364367253,63.58583348293139,73.01938181081705,19.561602785558925,0
2025-08-19 10:00:00,edge-4,60.03059930457948,51.02259621391444,134.0323754949342,24.30201025342359,0
2025-08-19 11:00:00,edge-4,54.40511718696268,77.66757384001525,55.89469525951445,22.599158214118308,0
2025-08-19 12:00:00,edge-4,47.171224196825044,64.93291469656766,128.37034582911582,23.499878521112983,0
2025-08-19 13:00:00,edge-4,79.75496231351794,100.0,165.76749115961752,19.040770099102268,0
2025-08-19 14:00:00,edge-4,38.992987687039786,53.971330293789805,119.93526012448459,16.842200976487614,0
2025-08-19 15:00:00,edge-4,61.1895775849112,90.74584673950261,166.47246467774963,23.325315425121026,0
2025-08-19 16:00:00,edge-4,48.7421125044151,92.69261290702269,76.05072007696057,27.756701743571,0
2025-08-19 17:00:00,edge-4,56.82070441194757,70.67194918100127,94.63075737946485,25.530052194667185,0
2025-08-19 18:00:00,edge-4,68.50134977555409,60.74166638756389,63.37265219304955,27.908293519400765,0
2025-08-19 19:00:00,edge-4,45.326323595468125,61.896753949800576,101.39159393821718,20.810159244369924,0
2025-08-19 20:00:00,edge-4,59.02754513200496,60.204097042113176,110.78695281752358,15.15004453828123,0
2025-08-19 21:00:00,edge-4,53.98335920764659,82.66599424826282,101.04140250529579,15.594064201977622,0
2025-08-19 22:00:00,edge-4,40.38047758582524,42.54727405844581,81.03444210776335,26.89784922756863,0
2025-08-19 23:00:00,edge-4,68.87148498078813,56.78032053844208,80.37136957174539,10.690282390648676,0
2025-08-20 00:00:00,edge-4,60.66781693510836,54.35628084552982,113.8068236793349,27.52378352836465,0
2025-08-20 01:00:00,edge-4,43.481751027324975,25.476111577520797,93.62852278599343,16.061826652298425,0
2025-08-20 02:00:00,edge-4,66.5539066585712,77.17829819524823,53.927879793245204,29.61694984178029,0
2025-08-20 03:00:00,edge-4,37.52870524890451,81.2583876278668,24.10855816107572,19.6469910415948,1
2025-08-20 04:00:00,edge-4,49.56598605672301,47.315631328768674,76.18046052276492,23.61285411128177,0
2025-08-20 05:00:00,edge-4,43.56164248165827,80.6026491330949,44.709250531341524,31.925231991331213,0
2025-08-20 06:00:00,edge-4,61.26967983529986,28.326845579254304,66.57720045882395,18.349260994721735,0
2025-08-20 07:00:00,edge-4,42.80474966700301,60.4790900640487,83.06778996024245,18.265334884477138,0
2025-08-20 08:00:00,edge-4,61.37724675441566,57.47483058622557,94.15603308437872,16.525804004629705,0
2025-08-20 09:00:00,edge-4,58.916902138835525,61.75497416799185,73.35976672342971,14.9910836540049,0
2025-08-20 10:00:00,edge-4,44.37126278880241,61.65090340504192,187.64804432646,18.350878393823706,0
2025-08-20 11:00:00,edge-4,77.44576387184455,58.45916673557177,49.55587865608135,17.225795688206972,0
2025-08-20 12:00:00,edge-4,38.82148025414802,52.24454169167944,148.36849831761606,13.748715179338866,0
2025-08-20 13:00:00,edge-4,28.864788709148588,57.82588063084471,93.49727961228764,18.94759445911015,0
2025-08-20 14:00:00,edge-4,62.84148705003034,87.2644247820283,73.6989443463763,22.248932847158716,0
2025-08-20 15:00:00,edge-4,17.75888088818811,48.42562100182197,123.50304041565086,15.520472995357183,0
2025-08-20 16:00:00,edge-4,72.37725239495958,100.0,81.88489794926639,19.187750976366956,0
2025-08-20 17:00:00,edge-4,51.5263081478955,47.296710945735136,67.72141254242257,27.032522372826044,0
2025-08-20 18:00:00,edge-4,28.59522387792143,64.80118433833827,171.59239608994426,12.902344294087907,0
2025-08-20 19:00:00,edge-4,35.773032462839424,71.42413006339793,12.221598149269226,29.658336269683044,0
2025-08-20 20:00:00,edge-4,25.488669867274798,54.16488189293114,90.20504698030413,16.629882135144996,0
2025-08-20 21:00:00,edge-4,55.743244290553136,87.64726424902072,107.60286481976496,21.00452050596267,0
2025-08-20 22:00:00,edge-4,30.09628743511613,70.9042356675601,156.32090132710348,26.395815828482622,0
2025-08-20 23:00:00,edge-4,57.53133546043922,55.901952818321135,84.06276408618065,27.92170107194751,0
2025-08-21 00:00:00,edge-4,45.42763772819639,87.4252954608963,206.4406097734001,22.349103518067608,0
2025-08-21 01:00:00,edge-4,42.869537896818585,39.690164389635484,130.3647624539299,16.52747241112514,0
2025-08-21 02:00:00,edge-4,57.6401895029239,48.6903296092969,10.0,16.085943636147714,0
2025-08-21 03:00:00,edge-4,59.35266994442138,71.25140863855484,41.85269084129749,17.125537907228424,0
2025-08-21 04:00:00,edge-4,67.18704308068183,76.02932850829069,109.47736003167086,29.446282717322273,0
2025-08-21 05:00:00,edge-4,40.49332495654072,66.45243770310903,54.24534970572287,18.084272469586328,0
2025-08-21 06:00:00,edge-4,49.552858060086045,57.45615355686433,121.91332978566838,21.618137063279683,0
2025-08-21 07:00:00,edge-4,40.47009301202884,54.97111864114242,81.8508086694078,14.781213863343908,0
2025-08-21 08:00:00,edge-4,52.444812133201914,82.62801851950776,52.158943844852374,14.218280515454152,0
2025-08-21 09:00:00,edge-4,38.32565472094802,64.8078929907248,61.41642504221939,20.13196112025488,0
2025-08-21 10:00:00,edge-4,43.63854904249224,42.55522455198597,134.07654420318764,18.376278284774504,0
2025-08-21 11:00:00,edge-4,43.71499235343406,41.40195273609817,19.081858243687776,18.741471708215812,0
2025-08-21 12:00:00,edge-4,54.40041416040817,90.26922625187858,141.81099300662254,12.604650910267553,0
2025-08-21 13:00:00,edge-4,50.04432450851868,45.62476776022475,142.9814749123151,19.63256363513658,0
2025-08-21 14:00:00,edge-4,57.594524086530804,65.45462134169627,86.74372784821776,27.746350833167384,0
2025-08-21 15:00:00,edge-4,48.395051267811226,87.01812869474132,43.82229428637545,15.734810001432878,0
2025-08-21 16:00:00,edge-4,41.30370999785799,70.84214581558984,122.23456836396252,24.487176038767032,0
2025-08-21 17:00:00,edge-4,52.869243458862094,44.84715184659832,80.54562731295039,2.678183062350257,0
2025-08-21 18:00:00,edge-4,36.24224084913743,39.6861180963257,39.3952927705172,15.988274022900256,0
2025-08-21 19:00:00,edge-4,58.5373672366903,97.39776945692721,176.36560911784244,10.448046727119383,0
2025-08-21 20:00:00,edge-4,45.71802218052738,39.176708161280246,64.62346816311529,26.181018611381592,0
2025-08-21 21:00:00,edge-4,53.067791145493025,48.9346153219752,41.113964530796785,24.393888624812387,0
2025-08-21 22:00:00,edge-4,53.300360074178926,67.45007277235729,111.40203279230283,14.828333649345137,0
2025-08-21 23:00:00,edge-4,74.02318226578309,55.62243101847028,97.28610254865342,21.446385756013118,0
2025-08-22 00:00:00,edge-4,55.72375552344169,71.47610409791241,159.4475347697351,26.008547146454944,0
2025-08-22 01:00:00,edge-4,51.09828429604658,30.64455749150945,84.7791889967053,26.785958447828733,0
2025-08-22 02:00:00,edge-4,39.61443770209317,55.79201232187202,85.20174733193255,17.97104669513391,0
2025-08-22 03:00:00,edge-4,62.03577732395757,73.55377494685104,113.4091292878465,8.95571910167015,0
2025-08-22 04:00:00,edge-4,45.946917193812176,73.62146154034613,107.98071684885528,15.507300167685413,0
2025-08-22 05:00:00,edge-4,27.11779781110325,48.55093447391947,109.20150859615993,23.830722974621214,0
2025-08-22 06:00:00,edge-4,47.07367666608004,39.56579910804333,110.87805988537633,30.494470869291902,0
2025-08-22 07:00:00,edge-4,52.87234691552321,64.27426214837747,106.58465179582089,19.72837499214265,0
2025-08-22 08:00:00,edge-4,37.722414535209715,33.750747087519095,83.34068137512722,16.965891071437436,0
2025-08-22 09:00:00,edge-4,48.227295423353986,85.68541191927815,133.307103870756,31.99680743799504,0
2025-08-22 10:00:00,edge-4,48.927757450263464,63.14817528481924,85.60410388841791,22.02866327335314,0
2025-08-22 11:00:00,edge-4,49.16138158586271,46.06376847556065,132.1740119040983,13.86115997052336,0
2025-08-22 12:00:00,edge-4,68.51962804573182,38.90997185227813,155.51048353114214,19.405461899587536,0
2025-08-22 13:00:00,edge-4,30.326632082229324,47.33886668415254,72.89836530652242,24.99963823341342,0
2025-08-22 14:00:00,edge-4,80.50703688778346,28.76137864644516,196.17933674676436,19.648129078382595,0
2025-08-22 15:00:00,edge-4,49.50747019713188,69.89558140409963,71.49548379297663,23.971802928359445,0
2025-08-22 16:00:00,edge-4,58.70316850928693,43.94306818092113,71.78447285392853,11.974963165018977,0
2025-08-22 17:00:00,edge-4,51.91754399806783,67.99343523512125,121.5996332597525,12.829129287384715,0
2025-08-22 18:00:00,edge-4,24.109646423522136,70.75091434924748,117.66249617578964,16.325719779281616,0
2025-08-22 19:00:00,edge-4,34.15133517521187,79.31994463765633,102.87260902040055,18.589033054273717,0
2025-08-22 20:00:00,edge-4,42.13586180543316,65.03695193989776,132.73004351908747,21.66974410435839,0
2025-08-22 21:00:00,edge-4,64.90579727175447,82.50468742327017,110.10520170013183,23.18380122414822,0
2025-08-22 22:00:00,edge-4,29.235182963754287,87.72220869479526,182.62967990000595,32.330569062755885,0
2025-08-22 23:00:00,edge-4,37.16393859438376,65.16430340979973,97.87098328507784,16.307216034335195,0
2025-08-23 00:00:00,edge-4,52.472762604173845,66.3705314978392,65.82025513655086,18.430055004471463,0
2025-08-23 01:00:00,edge-4,57.09284671674404,48.85052402102937,77.93162812553184,16.446723784973663,0
2025-08-23 02:00:00,edge-4,56.64081315247252,40.24750598881979,118.8529752691809,25.396941720531704,0
2025-08-23 03:00:00,edge-4,35.23992329414426,85.64149018622213,119.43806746621712,25.669751964323233,0
2025-08-23 04:00:00,edge-4,26.03012959712987,72.11487424879381,108.2590412767108,17.761722404016595,0
2025-08-23 05:00:00,edge-4,58.08589464819549,73.73658112498056,66.01985711716563,30.328729161017325,0
2025-08-23 06:00:00,edge-4,71.49685912309593,48.18580786469019,144.34592479776197,16.45550501710041,0
2025-08-23 07:00:00,edge-4,44.82047576936471,92.47843007224483,177.4796262675311,25.14958942106814,0
2025-08-23 08:00:00,edge-4,32.829702732739506,55.42772150990605,101.16901287581152,27.27261280500227,0
2025-08-23 09:00:00,edge-4,43.55179516302735,43.96318574362655,172.4241977257651,13.19210103144987,0
2025-08-23 10:00:00,edge-4,55.91093860077096,48.52651749606984,134.65023985768062,22.88816145600452,0
2025-08-23 11:00:00,edge-4,46.5028526483505,91.4238323343848,188.74748698586671,6.374769793723075,0
2025-08-23 12:00:00,edge-4,71.10790462272219,37.779047479804106,118.9057636227418,24.121061778167785,0
2025-08-23 13:00:00,edge-4,63.87456079106431,44.97754979887677,105.46412303091516,14.491970896474664,0
2025-08-23 14:00:00,edge-4,52.76507099306377,100.0,133.69604931918533,22.83734806998241,0
2025-08-23 15:00:00,edge-4,20.68515650555957,78.82075472649748,82.65660002642908,23.774943339853213,0
2025-08-23 16:00:00,edge-4,39.616045567383196,45.338883091495745,116.28469551438553,25.600692397781433,0
2025-08-23 17:00:00,edge-4,41.77966510481501,38.37105282642415,153.22865786479622,24.451076750338384,0
2025-08-23 18:00:00,edge-4,38.8007602752801,26.546056133038945,132.78041822875372,20.27947496225805,0
2025-08-23 19:00:00,edge-4,52.86231907797387,61.94228292443088,98.76169367713229,18.09761744421775,0
2025-08-23 20:00:00,edge-4,53.17163121552845,74.56040708910959,108.01662376392922,19.628053349987024,0
2025-08-23 21:00:00,edge-4,24.88887697767172,90.37596419801932,130.30707125207144,14.419992426914309,0
2025-08-23 22:00:00,edge-4,62.06897093091727,22.12032837673126,128.97786439159498,18.941560252603573,0
2025-08-23 23:00:00,edge-4,50.24185559489498,33.49236994854465,130.00257532514127,18.54652175855125,0
2025-08-24 00:00:00,edge-4,55.364621202629166,57.60898844866252,113.57752421678487,16.05890753081959,0
2025-08-24 01:00:00,edge-4,61.17239502302787,100.0,67.01821442248497,11.294033909540707,0
2025-08-24 02:00:00,edge-4,38.49545420989752,77.71805004795009,73.39388544775699,13.615319411978756,0
2025-08-24 03:00:00,edge-4,68.8835853397373,67.45599547510152,118.44667059094046,4.249442247505362,0
2025-08-24 04:00:00,edge-4,47.8730966436924,35.50152818946894,133.25837678036262,18.460604040535745,0
2025-08-24 05:00:00,edge-4,72.68820839850403,17.60029401802531,128.07744896059356,21.802493241498496,0
2025-08-24 06:00:00,edge-4,36.59101347078237,60.77699371181036,72.9913313459572,6.587168810118049,0
2025-08-24 07:00:00,edge-4,71.57369910396335,58.012610216894984,93.95330524069482,21.183573899189746,0
2025-08-24 08:00:00,edge-4,36.44023963448663,54.64384958897459,53.028853424549666,19.387629194458192,0
2025-08-24 09:00:00,edge-4,88.23171929908386,52.391326647010864,44.34285281580689,14.116221191412645,0
2025-08-24 10:00:00,edge-4,35.72249354923852,45.032919591204035,103.25917201305731,17.843973962093084,0
2025-08-24 11:00:00,edge-4,65.8488008068309,40.44715745929156,154.32625458809122,25.25402082608666,0
2025-08-24 12:00:00,edge-4,44.564086644612466,87.7901559645633,103.99216002819252,15.129054696349222,0
2025-08-24 13:00:00,edge-4,60.72533575499823,42.26943406969255,176.32541715494773,20.3942553787586,0
2025-08-24 14:00:00,edge-4,49.392123993114986,54.4770388246328,93.4358411530855,21.732979525176457,0
2025-08-24 15:00:00,edge-4,33.63154436955929,59.218437885676664,101.24868832587585,15.888963467876167,0
2025-08-24 16:00:00,edge-4,8.047547640313681,74.12560670062588,60.35972435923406,25.041355027956257,0
2025-08-24 17:00:00,edge-4,87.61374944289341,42.96339317607244,86.11024066651646,22.019204723928034,0
2025-08-24 18:00:00,edge-4,51.095363384225195,79.56136043000546,52.4024706552236,18.740445308222718,0
2025-08-24 19:00:00,edge-4,5.847048831004145,48.406672768934435,38.18650862863595,31.816202359587493,0
2025-08-24 20:00:00,edge-4,54.5391290969736,56.76205661487169,53.08274864447041,25.062892185925747,0
2025-08-24 21:00:00,edge-4,60.3437998479474,92.8619717131964,103.41100359864191,11.569195571560826,0
2025-08-24 22:00:00,edge-4,39.27378824729003,40.61544573802663,70.53174879057543,18.0542129776688,0
2025-08-24 23:00:00,edge-4,39.37468193144592,74.4180942488135,80.00508730551437,32.333213038886925,0
2025-08-25 00:00:00,edge-4,49.70237229440025,80.09221736119099,116.39482278898649,15.089092618295236,0
2025-08-25 01:00:00,edge-4,68.03891346143263,66.19795604480649,38.04806509914113,20.331668964157892,0
2025-08-25 02:00:00,edge-4,51.4994017973454,57.64938355629653,103.2414423500975,26.154966883131465,1
2025-08-25 03:00:00,edge-4,71.94837956513729,100.0,133.92301743916184,23.26160793852565,0
2025-08-25 04:00:00,edge-4,66.96828758795363,59.72309211161287,137.38237964318273,23.982346728603925,0
2025-08-25 05:00:00,edge-4,46.56822838604735,64.08155000065605,120.66268199013352,23.687956842583517,0
2025-08-25 06:00:00,edge-4,26.44214361210244,53.26946452244943,97.9127091922967,20.126963633281285,0
2025-08-25 07:00:00,edge-4,46.5999374180547,63.02163714759442,75.0504441409181,16.03842803631512,0
2025-08-25 08:00:00,edge-4,57.89723600592531,79.28235957412909,96.70564987038178,22.173820962447728,0
2025-08-25 09:00:00,edge-4,50.89840214569204,54.49389318177646,166.13852911693272,17.986116864538783,0
2025-08-25 10:00:00,edge-4,59.51637247536942,17.82939077472551,110.92264810187693,17.59324399570045,0
2025-08-25 11:00:00,edge-4,62.9512996422458,70.27140365633642,95.72472518702952,27.412359435682937,0
2025-08-25 12:00:00,edge-4,57.96287830123828,38.433311177823725,122.54771071189055,18.095020042115785,0
2025-08-25 13:00:00,edge-4,45.870071689215116,74.83752883918345,101.98896995429214,28.53065201203315,0
2025-08-25 14:00:00,edge-4,57.79825212488018,59.97350536546593,109.03171802715866,21.283831705744017,0
2025-08-25 15:00:00,edge-4,83.53226347293409,78.86218206623032,90.13131381074409,19.204261342629916,0
2025-08-25 16:00:00,edge-4,27.65180658993482,41.033124641655775,83.40248983701181,10.912191380455209,0
2025-08-25 17:00:00,edge-4,57.3093120033719,49.295575923313464,139.84001040786245,30.59927863969213,0
2025-08-25 18:00:00,edge-4,77.480049275836,53.19927948013299,21.98601238429174,19.97015222372781,0
2025-08-25 19:00:00,edge-4,32.3811500587334,30.354355947658096,119.14406946993027,8.646101027479512,0
2025-08-25 20:00:00,edge-4,65.01650137768873,82.22840417430757,80.9298805399493,24.938628160706774,0
2025-08-25 21:00:00,edge-4,67.02075866849941,27.49154167777337,23.79150144677054,19.749040939814495,0
2025-08-25 22:00:00,edge-4,27.847307676367045,81.94627235956354,61.0156231019034,15.343372739501143,0
2025-08-25 23:00:00,edge-4,60.68542571627287,68.48796957347315,98.55815642808524,24.65591707419592,0
2025-08-26 00:00:00,edge-4,45.930261482583056,56.022653353142935,104.05916916681564,7.256338014824236,0
2025-08-26 01:00:00,edge-4,49.09331305235221,66.90232297269559,129.60017822053783,16.429524028368952,0
2025-08-26 02:00:00,edge-4,45.12567912170451,66.35466576660646,132.32072938179786,18.502988036654276,0
2025-08-26 03:00:00,edge-4,69.69033637151946,51.991441768439586,38.13140147091116,24.260939735553936,0
2025-08-26 04:00:00,edge-4,48.31818469400859,65.96299628719605,115.10014345405561,31.201257723657534,0
2025-08-26 05:00:00,edge-4,43.05029698024052,74.62366657034015,129.1417589369109,18.776155934588406,0
2025-08-26 06:00:00,edge-4,43.304367299866854,41.10634600357966,108.75690483728255,22.299720974008594,0
2025-08-26 07:00:00,edge-4,44.88515066166366,66.92389904679152,120.09765940826895,33.74194147396576,0
2025-08-26 08:00:00,edge-4,33.80696720104196,7.473498075054749,22.69916774107743,20.023684039469718,0
2025-08-26 09:00:00,edge-4,42.91798913645785,21.408002001998774,60.39140042336782,22.340995280116438,0
2025-08-26 10:00:00,edge-4,51.76504437055129,71.2905330311286,154.6418800952847,13.813242512472318,0
2025-08-26 11:00:00,edge-4,56.06572129973767,51.64341536311599,88.8116671143425,29.795835808209823,0
2025-08-26 12:00:00,edge-4,68.06058586764209,42.931236550129626,188.92415658943338,16.435118275571753,0
2025-08-26 13:00:00,edge-4,53.61468349312635,58.93949052886106,48.8631035367333,21.342856475900277,0
2025-08-26 14:00:00,edge-4,42.88295405604697,52.08096690251549,162.55088964530046,21.20117893559899,0
2025-08-26 15:00:00,edge-4,34.834400092775624,40.22784404374039,75.57177548061424,20.426691610075668,0
2025-08-26 16:00:00,edge-4,54.41730321209903,27.219019761333946,134.49743931793435,17.828431610482898,0
2025-08-26 17:00:00,edge-4,48.23943828863243,20.636850585328688,88.18470338032772,21.206631225033057,0
2025-08-26 18:00:00,edge-4,48.73524133978738,74.77584770519711,104.62712591621111,28.786737376051494,0
2025-08-26 19:00:00,edge-4,53.937942757221464,51.55000895045363,123.82173229673005,31.404669879564914,0
2025-08-26 20:00:00,edge-4,57.79083621867095,79.39098627869836,75.46586954240519,19.124285630378623,0
2025-08-26 21:00:00,edge-4,54.04602836204705,51.34699670793877,132.0442557949917,17.752683554943673,0
2025-08-26 22:00:00,edge-4,47.44222845132948,67.0993990500675,89.3650501311393,15.956177862862988,0
2025-08-26 23:00:00,edge-4,37.97927293934852,57.4919111753094,107.12199734854748,33.43067803186156,0
2025-08-27 00:00:00,edge-4,40.80822846685947,60.88893457718193,10.0,20.6441744914841,0
2025-08-27 01:00:00,edge-4,62.723897376881446,61.86073621221944,86.50658902305567,25.575212847852605,0
2025-08-27 02:00:00,edge-4,43.64620642404919,51.08586486337043,150.54167953406574,23.483303206395803,0
2025-08-27 03:00:00,edge-4,29.80935811343808,35.407569742410644,127.78708748474806,31.04200849341354,0
2025-08-27 04:00:00,edge-4,67.3936202226835,75.32263491147407,135.46182457374897,18.761498609587825,0
2025-08-27 05:00:00,edge-4,35.86432261653771,91.87093584384111,102.13270711445684,14.464658454868669,0
2025-08-27 06:00:00,edge-4,50.52870655710534,93.18430819948047,167.05098011564286,29.297258758435262,0
2025-08-27 07:00:00,edge-4,57.36744627814177,48.93460177864043,111.53754866275075,24.51653222320732,0
2025-08-27 08:00:00,edge-4,50.048275633066666,45.33658484058657,73.59599671166492,22.281415511606255,0
2025-08-27 09:00:00,edge-4,12.827931564326981,48.91435104329345,134.20563500430444,27.675963132069683,0
2025-08-27 10:00:00,edge-4,55.8573199491009,56.48325195712417,136.90393437953642,22.566652427741328,0
2025-08-27 11:00:00,edge-4,69.89694875188118,58.9507807174739,125.18364899069806,27.84950345319855,0
2025-08-27 12:00:00,edge-4,61.797983419997855,40.04143083485391,83.88264450146639,21.23295947754503,0
2025-08-27 13:00:00,edge-4,18.14009027006798,30.405283069091908,111.25888688279615,24.509744123509417,0
2025-08-27 14:00:00,edge-4,81.90866484504052,60.99884613014795,155.73299443998917,22.631956627222436,0
2025-08-27 15:00:00,edge-4,30.11222672098537,0.0,119.1019997798495,18.373581324848864,1
2025-08-27 16:00:00,edge-4,33.82370810533182,57.98686361368381,40.88949853231237,18.973047783312538,0
2025-08-27 17:00:00,edge-4,61.72816390305937,41.10504783177869,74.84945150121946,18.03568892344906,0
2025-08-27 18:00:00,edge-4,56.79262176338475,75.60309053225683,72.98938638963098,21.327435476581666,0
2025-08-27 19:00:00,edge-4,51.20502657859713,80.95269754210292,69.82706352477005,17.720987968007456,0
2025-08-27 20:00:00,edge-4,41.45890636705336,81.42491520495868,15.548627910197894,22.17949782051925,0
2025-08-27 21:00:00,edge-4,69.96285092344725,53.07106237418725,175.62310111137845,22.00950783336327,0
2025-08-27 22:00:00,edge-4,49.4101122472754,37.297119760731775,64.94849547961851,21.025770667865103,0
2025-08-27 23:00:00,edge-4,26.51274485563171,43.70815366266763,67.84206761827949,21.112593348686104,0
2025-08-28 00:00:00,edge-4,68.48449924967696,65.752213663628,22.331661797580722,17.169207887773474,0
2025-08-28 01:00:00,edge-4,53.28927489450762,27.082710499176194,134.65715938774593,18.590118160781376,0
2025-08-28 02:00:00,edge-4,66.72510060931954,87.87098978928073,96.36540588442821,11.646955869935935,0
2025-08-28 03:00:00,edge-4,58.58822935183737,53.38739936405333,85.96345579668406,19.400653268489663,0
2025-08-28 04:00:00,edge-4,85.87434119308531,70.00347344885868,88.07994590211133,15.07094384939427,0
2025-08-28 05:00:00,edge-4,45.35044592311659,24.371477725263183,123.51217569067826,20.499262153915662,0
2025-08-28 06:00:00,edge-4,50.241398619818284,41.48035948483301,80.79913957299645,16.427554387932688,0
2025-08-28 07:00:00,edge-4,60.79745965939688,21.886417086872413,20.44395749263026,9.746636007755686,0
2025-08-28 08:00:00,edge-4,45.443115712899385,80.42378987602305,48.33856236079892,31.262214898342375,0
2025-08-28 09:00:00,edge-4,62.03956563245437,56.79590520249961,46.261140930572765,18.842853133271603,0
2025-08-28 10:00:00,edge-4,5.788804010184876,71.42609906872472,111.01271365642351,27.235289308418498,0
2025-08-28 11:00:00,edge-4,48.90825116261485,61.268273646601514,137.20076162132594,17.365051507156576,0
2025-08-28 12:00:00,edge-4,48.45511297000314,69.36950107824721,158.63222519480604,28.49058212154125,0
2025-08-28 13:00:00,edge-4,47.91177179767793,53.251162791829465,34.60422330928323,14.241510682908745,0
2025-08-28 14:00:00,edge-4,36.84609577237331,55.92908821052187,124.81080369010346,20.880157879277768,0
2025-08-28 15:00:00,edge-4,63.59184257819449,58.165351623815155,75.39715231182313,14.538552901762301,0
2025-08-28 16:00:00,edge-4,42.43332764342095,68.11263309854456,216.9383231126217,33.00371594313928,0
2025-08-28 17:00:00,edge-4,53.00411600107979,68.64236842436055,155.3421652260495,18.753692626307604,0
2025-08-28 18:00:00,edge-4,49.44254540428468,100.0,168.0758164853796,24.14226276477884,0
2025-08-28 19:00:00,edge-4,57.505463117806954,93.63204254759214,132.0975928098656,22.252887131594207,0
2025-08-28 20:00:00,edge-4,71.4644119835583,24.42482428220726,115.27552785900777,19.872421866073424,0
2025-08-28 21:00:00,edge-4,52.92655782820051,57.13789044145489,83.89668117184321,22.588599322915112,0
2025-08-28 22:00:00,edge-4,62.62095539572239,51.882083194690054,76.02716756699311,26.795864693326266,0
2025-08-28 23:00:00,edge-4,52.173052577593815,85.6026096162,67.99579652169412,23.341029655494715,0
2025-08-29 00:00:00,edge-4,42.40987709110265,53.685040747975684,124.70302632248008,20.812274366394643,0
2025-08-29 01:00:00,edge-4,47.87663695160088,69.28577754893331,162.4161119667453,22.596614689891748,0
2025-08-29 02:00:00,edge-4,45.74686427865782,13.258767394397609,85.72768637107784,29.575193427663926,0
2025-08-29 03:00:00,edge-4,58.52243197879302,29.727983772134422,71.10604760068156,17.915948134604882,0
2025-08-29 04:00:00,edge-4,51.59978063403776,100.0,40.659863794300726,10.73056547675905,0
2025-08-29 05:00:00,edge-4,38.08603126156997,61.004887964164936,109.78766673574066,14.517495146773644,0
2025-08-29 06:00:00,edge-4,46.670566038301956,40.030799530619625,149.17069924066078,14.889382461138819,0
2025-08-29 07:00:00,edge-4,27.111249513858702,64.85741742445077,151.17309290879285,15.593601818133408,0
2025-08-29 08:00:00,edge-4,47.23095217024373,38.9388209309497,155.1375496102758,15.765465092419989,0
2025-08-29 09:00:00,edge-4,50.01958801856373,54.33252916208634,116.61626451980393,19.882002124254857,0
2025-08-29 10:00:00,edge-4,77.12672300578907,30.947641215119702,103.60754549319618,21.237089644468988,0
2025-08-29 11:00:00,edge-4,70.22678091266712,44.22557564413139,151.29009048059012,21.183358627294336,0
2025-08-29 12:00:00,edge-4,34.488881035304246,51.67326621082746,55.59754951389601,16.34861043237406,0
2025-08-29 13:00:00,edge-4,53.02654128997669,82.41398628673423,82.36620293858579,24.969500338974026,0
2025-08-29 14:00:00,edge-4,53.28965471183122,69.28092015366319,168.4339232146912,22.67227910889267,0
2025-08-29 15:00:00,edge-4,46.543439708528155,72.77048071884187,57.01577907634048,27.906543187287387,0
2025-08-29 16:00:00,edge-4,47.49967212678175,59.484506972720396,98.621674688089,24.233805202233583,0
2025-08-29 17:00:00,edge-4,44.69075385061706,76.45698196739171,125.25322422830897,18.25234120705614,0
2025-08-29 18:00:00,edge-4,78.09062730324959,42.52961461313518,103.30794221299284,26.52744151816248,0
2025-08-29 19:00:00,edge-4,43.75723619849084,45.34588110036657,145.9767002647888,21.367930431564275,0
2025-08-29 20:00:00,edge-4,55.11405715398902,68.1518214291376,161.02712675367582,23.989893094402753,0
2025-08-29 21:00:00,edge-4,12.064547994062487,54.41705219945647,119.18657281116677,23.60214867348668,0
2025-08-29 22:00:00,edge-4,62.35352575099784,59.72308303274339,155.60250903029709,19.378400833601294,0
2025-08-29 23:00:00,edge-4,67.76382210878654,56.71729444170809,62.85298142144724,20.516351902153026,0
2025-08-30 00:00:00,edge-4,34.219549563490666,85.06900829122955,93.69843061122832,19.343126839729006,0
2025-08-30 01:00:00,edge-4,42.32169874867371,86.11105865357746,196.2076471970811,15.735268558792354,0
2025-08-30 02:00:00,edge-4,56.7725528018957,47.47668478872505,177.7172168468559,9.276526110221674,0
2025-08-30 03:00:00,edge-4,50.2919104161867,24.802613062185365,48.92243130709726,16.53097223616492,0
2025-08-30 04:00:00,edge-4,56.99554385778835,45.770061982247185,99.4895036596481,20.99582828233193,0
2025-08-30 05:00:00,edge-4,45.69138403137847,42.06079706864084,105.4429850609357,25.42792439611862,0
2025-08-30 06:00:00,edge-4,77.94898080577283,76.63496681598147,116.66102819002948,23.979949942241525,0
2025-08-30 07:00:00,edge-4,39.95389801791486,78.40994953548916,150.9617064683668,18.60193452505881,0
2025-08-30 08:00:00,edge-4,90.37362069572323,39.378516339240434,173.56636331751093,16.599116830898534,0
2025-08-30 09:00:00,edge-4,68.62885876023704,44.909904828903024,101.49664702380296,19.100629043535577,0
2025-08-30 10:00:00,edge-4,62.481729310764834,30.4197782548979,144.87943186521608,15.12496768210774,0
2025-08-30 11:00:00,edge-4,34.3928354846405,62.6875704704552,125.92784332424743,9.423651863250473,0
2025-08-30 12:00:00,edge-4,63.645235755424586,59.10167145165181,99.15476887954941,12.274276875126265,0
2025-08-30 13:00:00,edge-4,59.059076460209226,75.78243634877856,32.07367302541131,26.873706790807418,0
2025-08-30 14:00:00,edge-4,18.205843959906105,69.94262589118864,140.73894480156198,29.286424527192448,0
2025-08-30 15:00:00,edge-4,28.930995391681638,72.20405942112363,124.20774848874726,23.76970486965697,0
2025-08-30 16:00:00,edge-4,55.36441889623246,29.159959204285244,115.58356920453377,19.709236873749408,0
2025-08-30 17:00:00,edge-4,48.00050417501286,47.47347926815485,60.749363799415526,13.035098136749799,0
2025-08-30 18:00:00,edge-4,42.252826856737535,78.97794609486407,178.3654909309058,19.194339872375654,0
2025-08-30 19:00:00,edge-4,66.18423791683193,49.22847763074711,106.09887529795446,23.059196238368557,0
2025-08-30 20:00:00,edge-4,36.74331067371013,27.448682510619157,54.34497698068489,24.14940636246993,0
2025-08-30 21:00:00,edge-4,43.171385854759116,76.15979159743313,47.90718480782398,23.444055004075004,0
2025-08-30 22:00:00,edge-4,40.29455317974566,48.454700099711864,127.09889601855602,26.04784033845633,0
2025-08-30 23:00:00,edge-4,57.65253886819592,81.25273987253756,128.28998958961114,29.714761321056073,0
2025-08-31 00:00:00,edge-4,24.208127002684865,59.63170558319377,81.47959373413403,17.974888241299425,0
2025-08-31 01:00:00,edge-4,42.53492222224393,54.45561114197845,118.50500645321179,34.02656024051549,0
2025-08-31 02:00:00,edge-4,24.158521690059708,87.26381782246735,126.70425370150707,9.900312258162913,0
2025-08-31 03:00:00,edge-4,45.30686787137158,33.94688761725659,105.59700883987682,16.108442772224016,0
2025-08-31 04:00:00,edge-4,60.8457351463628,88.68442359262178,71.94635516222513,21.00000126707376,0
2025-08-31 05:00:00,edge-4,61.113447428706664,47.212880089081544,138.45423796669178,22.745129613092075,0
2025-08-31 06:00:00,edge-4,39.08602500848795,63.2473972063202,133.5052524196477,19.091821731367045,0
2025-08-31 07:00:00,edge-4,57.99982929373894,63.43640390851161,122.70720160197436,17.52117030126677,0
2025-08-31 08:00:00,edge-4,47.22254866632592,51.457603528750084,66.650724928881,31.012927070024816,0
2025-08-31 09:00:00,edge-4,70.41627459617612,44.75774619846119,46.758700259828025,17.282387119525954,0
2025-08-31 10:00:00,edge-4,48.05055707789077,52.603556220697214,103.0609564162309,14.903130203847816,0
2025-08-31 11:00:00,edge-4,5.404289565751682,39.708746324144016,137.1828450645783,28.454128264410997,0
2025-08-31 12:00:00,edge-4,63.420215130664594,99.2392128589606,141.61491523847596,24.245763455798,0
2025-08-31 13:00:00,edge-4,43.11351201141367,50.377380586255576,123.3752733639977,25.473586108738516,0
2025-08-31 14:00:00,edge-4,45.88700071775849,83.17894508859885,81.98183287546182,20.97935618787766,0
2025-08-31 15:00:00,edge-4,55.03885208360752,80.54345917152628,67.83170400023278,13.12006654586047,0
2025-08-31 16:00:00,edge-4,28.62938130387895,67.25859477913725,99.32532680013135,20.423098574162935,0
2025-08-31 17:00:00,edge-4,51.119803623179735,57.28641931867438,99.7046403483323,12.431562026444098,0
2025-08-31 18:00:00,edge-4,58.017454923282756,63.87563694160762,144.29181172794725,21.21153532797368,0
2025-08-31 19:00:00,edge-4,55.46096284194604,71.44339534508332,80.811424147155,23.26701466890205,0
2025-08-31 20:00:00,edge-4,41.01603123449868,62.009369211930974,84.13402893502696,25.377098437914412,0
2025-08-31 21:00:00,edge-4,64.87897945281867,28.665020187127304,182.19964401091067,19.538059500995466,0
2025-08-31 22:00:00,edge-4,35.03756076131084,23.63377367499787,162.0488894554752,23.74044822192957,0
2025-08-31 23:00:00,edge-4,40.61717551432499,90.17976447623545,64.68878235343641,15.480772298317646,0
2025-09-01 00:00:00,edge-4,47.95997846709283,7.305721935690599,158.75007595788114,24.833157287338665,0
2025-09-01 01:00:00,edge-4,54.43202538907773,63.91370307253703,55.12473013724352,23.372889680399588,0
2025-09-01 02:00:00,edge-4,45.13185022466013,55.30043971013166,82.63765136761626,15.998712013567214,0
2025-09-01 03:00:00,edge-4,68.4288034850239,63.216022917081986,87.19026008720611,22.651813217883458,0
2025-09-01 04:00:00,edge-4,54.429293204017284,37.20066517531925,96.89633509008094,25.448606050302978,0
2025-09-01 05:00:00,edge-4,51.13486945549803,67.01354975868246,124.79025348790508,20.393229620908247,0
2025-09-01 06:00:00,edge-4,53.902042386847576,64.12032868350146,104.25893273143699,15.887436855547039,0
2025-09-01 07:00:00,edge-4,60.993588964425506,100.0,124.58909417541474,20.888779025329526,0
2025-09-01 08:00:00,edge-4,53.61162339711525,62.599600930346924,83.92636549759001,22.762253734420014,0
2025-09-01 09:00:00,edge-4,22.857247502763773,86.96470213656278,114.96890495760992,15.849902746921149,0
2025-09-01 10:00:00,edge-4,66.34263296043306,30.026286491039144,103.15867353912932,14.961780305859893,0
2025-09-01 11:00:00,edge-4,51.79512812114147,80.4019063609076,44.46679702256937,22.608111709279836,0
2025-09-01 12:00:00,edge-4,60.2727921083262,64.52546605913692,119.32040834764267,24.11658975887507,0
2025-09-01 13:00:00,edge-4,43.91084710950261,65.3947736805617,103.8422147394514,30.74878673871615,0
2025-09-01 14:00:00,edge-4,22.599251808696373,65.67137086920759,71.44361675214637,23.328633111765637,0
2025-09-01 15:00:00,edge-4,15.816355701884952,94.12676342619278,83.0063148628231,13.954591495119749,0
2025-09-01 16:00:00,edge-4,35.83448315963345,65.10208931445145,83.9871702090305,30.198917691625113,0
2025-09-01 17:00:00,edge-4,57.75941355286326,44.31755901628459,90.20326102300682,25.274935739897074,0
2025-09-01 18:00:00,edge-4,69.46836432446416,47.681239214571086,170.35832482528286,9.973644391657754,0
2025-09-01 19:00:00,edge-4,54.52956837913876,76.34254987729412,183.61017755929566,14.848549938657227,0
2025-09-01 20:00:00,edge-4,34.21658885938754,68.94910916440259,10.0,17.54220789547531,0
2025-09-01 21:00:00,edge-4,38.23813784534529,29.39052675945963,119.5269758729549,24.19049096080728,0
2025-09-01 22:00:00,edge-4,70.41174647976766,70.2928364771861,138.1980547403676,8.102725177910479,0
2025-09-01 23:00:00,edge-4,30.338286941876753,38.353152863866214,91.35692887950137,19.404437919567822,0
2025-09-02 00:00:00,edge-4,81.52659322271545,68.76516039528184,137.1236033912722,23.90524427727736,0
2025-09-02 01:00:00,edge-4,78.14056288736944,43.888919229628186,166.16670754850992,5.8294379224544315,0
2025-09-02 02:00:00,edge-4,82.02083104804828,54.37036530651213,45.126320392636615,23.73379209644182,0
2025-09-02 03:00:00,edge-4,55.71052231226667,49.10383084421078,105.35047544899969,24.334717259459374,0
2025-09-02 04:00:00,edge-4,44.87712773602258,90.37825966470768,178.26988708452225,15.766737317258588,0
2025-09-02 05:00:00,edge-4,55.34519399227304,68.0369550062004,50.48938796007083,14.233563658354514,0
2025-09-02 06:00:00,edge-4,63.62877426577914,85.2222600461466,95.39070635513814,15.68853222087737,0
2025-09-02 07:00:00,edge-4,40.23836141314521,100.0,82.06410895623623,6.639510578756342,0
2025-09-02 08:00:00,edge-4,33.48195143260759,60.9361068385988,142.0757096031868,18.3690505293965,0
2025-09-02 09:00:00,edge-4,45.74095258954005,90.03980372602447,147.64983788785167,21.09798127876484,0
2025-09-02 10:00:00,edge-4,38.415383337014504,46.01088668814406,106.49309432574199,13.903316013534447,0
2025-09-02 11:00:00,edge-4,68.6132971797554,85.09756219858755,101.28837187640728,24.86024791279214,0
2025-09-02 12:00:00,edge-4,40.75355729406027,43.84982305141541,31.23408617914768,20.51283590327682,0
2025-09-02 13:00:00,edge-4,51.43462199896014,59.63169736920759,156.92010084578413,21.300088740767254,0
2025-09-02 14:00:00,edge-4,64.74560780911764,70.7375531367018,85.87334738572423,17.990016685578418,0
2025-09-02 15:00:00,edge-4,69.19763465518758,73.88462460114553,94.30699766174598,23.715219740111966,0
2025-09-02 16:00:00,edge-4,53.12838922782082,34.548967157478245,138.86399210478248,26.452803429279424,0
2025-09-02 17:00:00,edge-4,55.764443549198774,42.659561522844115,107.90398701929149,17.962406787644944,0
2025-09-02 18:00:00,edge-4,34.745140587447864,72.22900157541791,140.1536780164597,23.805158854474783,0
2025-09-02 19:00:00,edge-4,65.34584970385856,52.645668735738,124.136405438619,23.86013728914035,0
2025-09-02 20:00:00,edge-4,68.952848634459,32.05302982277242,108.15148243342952,22.08935304920763,0
2025-09-02 21:00:00,edge-4,21.944703913713195,58.580465309852215,112.41770913880931,28.38527097053256,1
2025-09-02 22:00:00,edge-4,76.44418730803433,57.620569877524574,55.089090136943575,16.367551636496774,0
2025-09-02 23:00:00,edge-4,39.49010799694527,63.53829962617806,94.04079482002571,17.892258424815246,0
2025-09-03 00:00:00,edge-4,58.9194633220291,70.584826418946,143.3618819972138,16.115203118187488,0
2025-09-03 01:00:00,edge-4,51.163425872238314,69.31302718166708,64.05439790432038,23.625108223705205,0
2025-09-03 02:00:00,edge-4,49.09436230834136,44.63653810982814,71.38895685207513,18.63756867625236,0
2025-09-03 03:00:00,edge-4,46.90223032584704,51.78343062574351,64.81502850483719,16.52125430526574,0
2025-09-03 04:00:00,edge-4,35.111550019646664,78.55577386575654,106.13522387624211,28.315738133722697,0
2025-09-03 05:00:00,edge-4,57.857420159719666,49.13630265913905,156.10115411084257,29.047529070303767,0
2025-09-03 06:00:00,edge-4,45.70932996866474,52.09815882681877,121.88639977512256,18.356535468692098,0
2025-09-03 07:00:00,edge-4,30.35866518013413,29.91461839487642,12.921496805611369,13.162959649801962,0
2025-09-03 08:00:00,edge-4,34.47492967326446,59.426390597975285,125.94500000563546,29.31758725174476,0
2025-09-03 09:00:00,edge-4,30.613306044629244,66.90540929521109,82.31639781653323,22.353652688732264,0
2025-09-03 10:00:00,edge-4,42.131141745469726,20.49013563106115,120.37529409904181,22.10361187806462,0
2025-09-03 11:00:00,edge-4,57.27648962648539,38.59499236813777,94.01999298659945,20.525005047977864,0
2025-09-03 12:00:00,edge-4,39.3332292410168,31.565445290132452,65.58173775045059,15.998411356495453,0
2025-09-03 13:00:00,edge-4,64.63162335104934,75.76704474067486,97.14113633430831,17.93357272030652,0
2025-09-03 14:00:00,edge-4,48.21178280873955,21.752974531065675,82.34119598500479,23.388600212189026,0
2025-09-03 15:00:00,edge-4,45.658926172379445,58.4263080577463,112.30859792888246,17.762198197329177,0
2025-09-03 16:00:00,edge-4,50.251481454441034,74.35724309891098,64.55979812084698,22.16491764125776,0
2025-09-03 17:00:00,edge-4,70.92732397634484,63.756432982387025,55.00920582114617,20.06682788578415,0
2025-09-03 18:00:00,edge-4,29.429919620865384,51.200826731220964,129.28327389907233,14.71556509499254,0
2025-09-03 19:00:00,edge-4,74.84550457128717,66.92936773551341,144.3535800546572,28.10565321403076,0
2025-09-03 20:00:00,edge-4,64.40240163386953,80.73946600995612,123.20231171665938,22.97016463780977,0
2025-09-03 21:00:00,edge-4,49.67515257443902,57.847767788916215,74.04908661308338,21.653238379498333,0
2025-09-03 22:00:00,edge-4,67.7453852715517,15.221255341320628,70.39720259934097,22.775106104046973,0
2025-09-03 23:00:00,edge-4,45.16290721888531,82.95465584291316,72.70043067289029,11.035541456558335,0
2025-09-04 00:00:00,edge-4,54.28517562990463,68.00529310120619,135.6157971900172,17.53410198973192,0
2025-09-04 01:00:00,edge-4,41.87878238687401,59.33847269981809,66.99804567433942,12.363497297865795,0
2025-09-04 02:00:00,edge-4,64.4971274582794,20.39256303528026,135.3616203851772,20.62343109895659,0
2025-09-04 03:00:00,edge-4,39.39116592146499,54.03382793665902,125.47612629829874,21.62956102216866,0
2025-09-04 04:00:00,edge-4,49.22948316497389,42.49045539886568,149.50907926135005,20.706694124570014,0
2025-09-04 05:00:00,edge-4,60.18708227487794,35.67441474071054,142.52612315952337,25.892945766679805,0
2025-09-04 06:00:00,edge-4,65.72284462232273,57.271011385995635,121.70622329125,12.513238928988253,0
2025-09-04 07:00:00,edge-4,37.68267437346677,49.28066229004729,41.2527526653286,16.00374513814892,0
2025-09-04 08:00:00,edge-4,61.297073526805484,50.598023947100685,124.40513503427628,22.071739997396662,0
2025-09-04 09:00:00,edge-4,35.27022378310731,74.79252733192207,104.61893568129433,21.319683286242405,0
2025-09-04 10:00:00,edge-4,17.745037615866067,65.11144280238697,85.06985044905619,13.42284633557745,0
2025-09-04 11:00:00,edge-4,38.779045291538196,50.08970353767107,154.48896990938036,25.982649339896522,0
2025-09-04 12:00:00,edge-4,62.51989964114476,47.5523755830042,93.94657321961091,27.716110612425403,0
2025-09-04 13:00:00,edge-4,49.816746815332294,50.90282859080695,78.82204332201034,22.127935036385658,0
2025-09-04 14:00:00,edge-4,41.9750304236571,55.051115397979856,144.96224671707867,12.454643007201515,0
2025-09-04 15:00:00,edge-4,50.83217485236513,71.6810036875169,83.79629238888782,20.798626226942527,0
2025-09-04 16:00:00,edge-4,50.33599509525133,39.14879740747003,76.82027117509229,21.70171282958032,0
2025-09-04 17:00:00,edge-4,59.32847823296489,89.168784350112,54.913835910647165,18.64078841815997,0
2025-09-04 18:00:00,edge-4,25.824351133615277,71.69543982255277,67.19295914350633,26.736223140405514,0
2025-09-04 19:00:00,edge-4,48.464705647482226,5.241440182520705,70.62442637669342,19.42030669681175,0
2025-09-04 20:00:00,edge-4,51.86415907312286,61.70698468857086,124.84190089261813,30.52271177028244,0
2025-09-04 21:00:00,edge-4,29.51944754218615,80.81473286751593,59.23710778592094,23.915586072667683,1
2025-09-04 22:00:00,edge-4,29.313763681480467,67.77411816321602,25.686444963926917,21.380400649810195,0
2025-09-04 23:00:00,edge-4,44.52937371526416,51.75318080563676,112.12919202245952,24.6021369200021,0
2025-09-05 00:00:00,edge-4,50.127864249051875,58.778164407100995,74.64194831342829,27.654426365658818,0
2025-09-05 01:00:00,edge-4,50.180690375832945,63.566398963420355,99.34932328495081,24.495260087218924,0
2025-09-05 02:00:00,edge-4,41.65477277985133,75.39176509246631,151.29663903064926,19.620824916580847,0
2025-09-05 03:00:00,edge-4,41.03998110549314,31.698103037525996,102.8617898463466,16.700398663713138,0
2025-09-05 04:00:00,edge-4,44.072355177810955,47.89963293526904,160.38484461691365,14.389463313676082,0
2025-09-05 05:00:00,edge-4,54.47782642023115,92.77156256134958,97.27412515871971,7.796404450734125,0
2025-09-05 06:00:00,edge-4,68.66931510189977,60.65894446561872,140.27825925426038,20.871166901487427,0
2025-09-05 07:00:00,edge-4,16.694046703338202,90.55804273756159,78.10291071651413,18.0616518094055,0
2025-09-05 08:00:00,edge-4,59.345031819527385,100.0,104.3076260154228,18.329357300236705,0
2025-09-05 09:00:00,edge-4,48.3327250820978,50.1593038638388,62.681279895181746,25.144287671667723,0
2025-09-05 10:00:00,edge-4,57.885834216482536,36.05437717278658,67.43203570994424,19.43963744684042,0
2025-09-05 11:00:00,edge-4,67.78315005891483,54.689385784401324,91.01334281510043,29.47551824122951,0
2025-09-05 12:00:00,edge-4,38.67310886275138,81.97985435297463,46.85863781745516,17.134500842304035,0
2025-09-05 13:00:00,edge-4,64.16457016845871,84.77791743552574,106.37439886955464,15.145244187896864,0
2025-09-05 14:00:00,edge-4,31.189357035081073,100.0,87.8896007122181,13.711818128247062,0
2025-09-05 15:00:00,edge-4,51.91398849150883,59.26388961367452,109.3831972446779,23.61375528848816,0
2025-09-05 16:00:00,edge-4,46.36224845996025,69.76113031104975,47.472360618979565,25.757430279150324,0
2025-09-05 17:00:00,edge-4,50.694192020110826,45.76460698090906,128.06929242604366,17.028025518706396,0
2025-09-05 18:00:00,edge-4,35.1644857272575,9.860301012447657,167.9045466188557,14.680086489365532,0
2025-09-05 19:00:00,edge-4,56.55325184075302,59.206946047031515,159.4613239702373,27.651381110304158,0
2025-09-05 20:00:00,edge-4,73.7943089827217,36.924914925205826,176.15626118139568,12.747990598422357,0
2025-09-05 21:00:00,edge-4,35.42214693775432,72.8671440651934,101.69723978332556,25.051100889333462,0
2025-09-05 22:00:00,edge-4,52.84468282494834,22.37213358921676,85.90688586653603,17.14509319838578,0
2025-09-05 23:00:00,edge-4,62.8380968161852,45.21334218564925,119.50334159480147,21.98547678555094,0
2025-09-06 00:00:00,edge-4,45.54888907751825,65.35358407280917,90.47120923349614,25.384608611603124,0
2025-09-06 01:00:00,edge-4,70.40589382334986,67.44724334826246,30.382514035667683,22.381280948437123,0
2025-09-06 02:00:00,edge-4,43.554674878719275,59.051215050478646,132.7719805489059,18.52371968605486,0
2025-09-06 03:00:00,edge-4,48.255579452018075,97.34690335862217,90.62392481697421,26.980486306070603,0
2025-09-06 04:00:00,edge-4,35.10268705360143,91.38927271618232,41.305888970205984,21.44550692464824,1
2025-09-06 05:00:00,edge-4,51.89885535604684,46.31345013868159,79.66870938977607,38.41254752991105,0
2025-09-06 06:00:00,edge-4,50.045344182484556,92.18819335572722,91.53359389998558,11.474226663373639,0
2025-09-06 07:00:00,edge-4,59.53851867267299,95.24402897580362,100.47330072948937,11.400365133818429,0
2025-09-06 08:00:00,edge-4,40.45690939366559,57.52195251915322,100.953799891101,24.971302839668624,0
2025-09-06 09:00:00,edge-4,39.77006563174139,60.90806245704316,154.76078980378088,19.841244169672482,0
2025-09-06 10:00:00,edge-4,56.93738176849972,58.98556893746801,48.458380434703955,23.963046976566364,0
2025-09-06 11:00:00,edge-4,70.95785735111846,47.10001223685272,93.91423308399564,14.50809555061953,0
2025-09-06 12:00:00,edge-4,59.43515371446476,49.086646408210584,64.84144629691724,20.270663746069886,0
2025-09-06 13:00:00,edge-4,77.71118372916717,86.3864514479319,150.2467300497342,22.28658740558082,0
2025-09-06 14:00:00,edge-4,58.3296120683293,68.74752286300696,77.54183574377494,17.281445781424836,0
2025-09-06 15:00:00,edge-4,57.78939283781553,48.91620905876264,86.2468064994242,21.15914852921631,0
2025-09-06 16:00:00,edge-4,60.18939321004879,41.48007855289097,141.98781461445515,13.192369095609049,0
2025-09-06 17:00:00,edge-4,72.32256133668744,44.837792027730494,152.99099289775484,21.97411429074159,0
2025-09-06 18:00:00,edge-4,68.5635509917578,56.722895559301676,158.9049415152179,27.227240121852702,0
2025-09-06 19:00:00,edge-4,33.72682650336846,78.26339774614517,34.27547617366392,13.812110177410066,0
2025-09-06 20:00:00,edge-4,62.008728314151064,42.798376611525406,119.31656410752176,13.510233279910784,0
2025-09-06 21:00:00,edge-4,53.98034758697762,78.03405136273173,110.80467778686779,25.94960531852081,0
2025-09-06 22:00:00,edge-4,47.08947476166608,63.93913496642594,97.95095417813143,13.421810953019364,0
2025-09-06 23:00:00,edge-4,23.406062668138688,62.856838850639505,102.6627244439609,24.203004892375457,0
2025-09-07 00:00:00,edge-4,26.897586346095824,80.51592296291841,151.4309575583347,20.276742429732167,0
2025-09-07 01:00:00,edge-4,44.53299169830351,76.86717435879578,141.54356908178465,17.910890285862195,0
2025-09-07 02:00:00,edge-4,28.031127373478835,31.909642148568828,135.8765290662401,27.33262414002995,0
2025-09-07 03:00:00,edge-4,44.84364771869129,38.31972708383127,108.27656793929832,24.640739042085126,0
2025-09-07 04:00:00,edge-4,60.715118791429354,55.409670026492094,190.82363113665568,21.39857814145935,0
2025-09-07 05:00:00,edge-4,41.28565514815766,67.1194564606237,83.97508624048093,9.236667407281086,0
2025-09-07 06:00:00,edge-4,51.25193904126855,87.29151310446652,35.36154332302313,23.561268582005244,0
2025-09-07 07:00:00,edge-4,33.950720625813986,61.30135051724808,89.39023940585608,14.645700370904946,0
2025-09-07 08:00:00,edge-4,54.48150927456247,94.0739259744968,102.30950979422673,18.89309025385046,0
2025-09-07 09:00:00,edge-4,57.62203087204349,45.866489722281685,152.12736390871424,20.0366703421476,0
2025-09-07 10:00:00,edge-4,28.65598614478787,49.24842691441124,79.56087745935456,29.486386606124842,0
2025-09-07 11:00:00,edge-4,38.72170555103017,53.88634990946078,119.64920296116296,18.73378971025393,0
2025-09-07 12:00:00,edge-4,30.992445988889667,43.65544948733957,40.91022902483711,12.886140819735019,0
2025-09-07 13:00:00,edge-4,57.63822195226778,83.18808963896082,143.25671611722788,27.348218541617598,0
2025-09-07 14:00:00,edge-4,52.46009840822271,4.60338176648078,102.73277657823647,23.6286610749911,0
2025-09-07 15:00:00,edge-4,49.2543230864663,49.9286213723275,88.77775713969862,23.81487902469163,1
2025-09-07 16:00:00,edge-4,48.07577692788021,82.96414560396994,185.2660969635984,27.442090017645913,0
2025-09-07 17:00:00,edge-4,54.842531531488866,53.75363037861607,142.79628318440425,28.616044243164904,0
2025-09-07 18:00:00,edge-4,55.14277238017108,81.45772940625002,58.40632485828576,15.541329680752327,0
2025-09-07 19:00:00,edge-4,42.56633759279686,100.0,95.62432901375901,13.04505123629141,0
2025-09-07 20:00:00,edge-4,40.46604794194377,61.60769294071515,209.45278160017273,24.212346217608566,0
2025-09-07 21:00:00,edge-4,49.11507207444697,83.37868537989485,179.1526714616492,18.687663415964675,0
2025-09-07 22:00:00,edge-4,47.15397653000403,100.0,136.91852521136786,19.141109984850637,0
2025-09-07 23:00:00,edge-4,80.91023337573978,68.04181414420938,26.118074521844846,14.391653035505868,0
2025-09-08 00:00:00,edge-4,44.241579914433785,59.03873625223393,153.28601087920234,22.919483078938296,0
2025-09-08 01:00:00,edge-4,54.344979681715685,78.04930634850123,74.59259348926906,22.01065586905404,0
2025-09-08 02:00:00,edge-4,56.98889732424723,83.68433506744569,152.94071736720062,19.222509566760653,0
2025-09-08 03:00:00,edge-4,71.00786435921287,59.22369412252721,71.09326057780322,13.058288761822364,0
2025-09-08 04:00:00,edge-4,37.83223112380798,50.32312682878481,119.55318184918801,26.045750144032258,0
2025-09-08 05:00:00,edge-4,70.09471743712507,94.34790636592663,74.38869494329373,21.27852254120453,0
2025-09-08 06:00:00,edge-4,47.78906638518739,54.587710845557595,85.46878765802194,25.589218650781206,0
2025-09-08 07:00:00,edge-4,87.52017844469603,83.87457540964516,124.8878654443182,9.484937385602173,0
2025-09-08 08:00:00,edge-4,55.439033288392245,65.25734546405677,47.24406306648591,20.2841157648164,0
2025-09-08 09:00:00,edge-4,31.566063059736987,96.53930315317,194.89672136318285,16.415505956667936,0
2025-09-08 10:00:00,edge-4,47.04261991035673,43.01908154689129,58.91114131151839,20.180736435123258,0
2025-09-08 11:00:00,edge-4,70.0440403599238,42.980391959347905,56.673990957771174,24.716052827236147,0
2025-09-08 12:00:00,edge-4,51.223117316168405,77.08972803660006,125.00535071714495,21.849736830983137,0
2025-09-08 13:00:00,edge-4,49.10561888604343,37.39321386845393,151.6776454649028,20.090611170435178,0
2025-09-08 14:00:00,edge-4,60.78495745801526,62.33256924979178,87.05188933671009,20.06390217514868,0
2025-09-08 15:00:00,edge-4,44.82503463998669,90.96818465919752,57.14123130315589,12.201174111466445,0
2025-09-08 16:00:00,edge-4,46.83900236325595,24.30335722132797,63.10484365248886,15.467159730927012,0
2025-09-08 17:00:00,edge-4,35.829882351026754,68.04278557217143,58.799217160040484,25.606437722708407,0
2025-09-08 18:00:00,edge-4,75.93231171449585,84.23490778648542,112.32718520794712,17.47231584071575,0
2025-09-08 19:00:00,edge-4,31.660830811287024,59.48184669893034,97.20055519667275,25.70209522384962,0
2025-09-08 20:00:00,edge-4,52.541999896452324,41.45814339268371,117.03330435621265,24.13185467740259,0
2025-09-08 21:00:00,edge-4,57.19826822122899,54.74783983811981,114.59477710429675,24.39602555183799,0
2025-09-08 22:00:00,edge-4,49.79523320122307,43.229604270518855,132.97249153308007,21.664571948982584,0
2025-09-08 23:00:00,edge-4,31.19205806765265,61.38316450032883,83.60223920522337,17.819958833727483,0
2025-09-09 00:00:00,edge-4,35.018539584333,54.465888792954885,70.47181044502307,19.244239699239472,0
2025-09-09 01:00:00,edge-4,57.83775377534928,49.73478955073038,106.25176273470228,23.201929502933492,0
2025-09-09 02:00:00,edge-4,38.301810371057684,69.32294789923381,97.80039962400481,9.371929378653693,0
2025-09-09 03:00:00,edge-4,18.91974166267303,91.58231244242772,110.11808057438228,26.218881963139037,0
2025-09-09 04:00:00,edge-4,55.80467484183649,66.55641757689007,71.53148235895083,17.499402783997628,0
2025-09-09 05:00:00,edge-4,36.912569300663286,86.87331140887525,125.68869157809854,19.568579203989625,0
2025-09-09 06:00:00,edge-4,59.46828910355377,91.57649795560906,52.86506884556874,19.61168730227564,0
2025-09-09 07:00:00,edge-4,46.97568052663573,48.26719395363625,82.38461362418934,19.800837099520724,0
2025-09-09 08:00:00,edge-4,46.25281507229295,65.49717007982387,145.1616533306539,13.431791579709067,0
2025-09-09 09:00:00,edge-4,50.783572745256116,51.50104711702755,54.747401639087144,20.7586251683948,0
2025-09-09 10:00:00,edge-4,32.922600049094285,30.356723176478063,142.00972182637238,22.97182316000501,0
2025-09-09 11:00:00,edge-4,37.61820368603583,67.1152173743771,43.63602507553541,9.777742443019523,0
2025-09-09 12:00:00,edge-4,46.10113926868005,38.95700763903072,36.59096502803341,13.49607121193846,0
2025-09-09 13:00:00,edge-4,32.834856128441444,69.68606551197755,40.24550959895638,24.47932678147898,0
2025-09-09 14:00:00,edge-4,60.707264891924645,28.882438337175603,104.67224668982145,23.548985720489974,0
2025-09-09 15:00:00,edge-4,45.389315292678646,63.419859989552094,129.18383001771713,21.493706176453884,0
2025-09-09 16:00:00,edge-4,28.258450975236396,28.585339914541414,151.70376415556296,16.5892595236383,0
2025-09-09 17:00:00,edge-4,41.614565318164566,73.47729532743853,148.51483028547142,23.57806305130034,0
2025-09-09 18:00:00,edge-4,51.51803847382861,52.132398528210466,134.50794339689037,13.985496545721098,0
2025-09-09 19:00:00,edge-4,43.3086431973217,50.20413784928968,66.72866192568722,19.313319785167778,0
2025-09-09 20:00:00,edge-4,55.99723829593534,82.53009702485863,66.37985864160385,13.467535315507018,0
2025-09-09 21:00:00,edge-4,58.61054524268957,53.56859663572797,131.51169286078144,19.18999028589224,0
2025-09-09 22:00:00,edge-4,86.02550413929671,62.21705204146261,156.85233759897608,14.848045638139922,0
2025-09-09 23:00:00,edge-4,67.25966302041088,56.0276758606216,58.75436480358668,23.779054304051265,0
2025-09-10 00:00:00,edge-4,25.454444834549932,70.14784838686286,151.75997357556426,22.16590915392558,0
2025-09-10 01:00:00,edge-4,44.596512725019885,80.85889844525192,23.18650126842965,17.147122098746287,0
2025-09-10 02:00:00,edge-4,46.00038061328051,76.712709137826,115.59700375741292,25.451496082363732,0
2025-09-10 03:00:00,edge-4,58.62606383636958,50.666628608858076,95.84770928896467,15.218423216321753,0
2025-09-10 04:00:00,edge-4,35.99620893947433,84.18093937211644,91.83241020652096,19.823577657659577,0
2025-09-10 05:00:00,edge-4,42.03121753702492,41.672972737595664,101.25084522798775,16.925893362594692,0
2025-09-10 06:00:00,edge-4,31.333821861360168,45.150361732439876,65.85079251034276,23.711858840222412,0
2025-09-10 07:00:00,edge-4,40.96601414762738,57.443985283758025,117.84312406221588,23.217212277956737,0
2025-09-10 08:00:00,edge-4,41.525516791218834,80.93600904417579,102.42673923171007,26.509782697380164,0
2025-09-10 09:00:00,edge-4,45.304912807154125,36.5969716111279,137.4124592934656,20.414922242886473,0
2025-09-10 10:00:00,edge-4,32.202308946203644,77.82968288277308,163.61561586648503,5.2020162086900825,0
2025-09-10 11:00:00,edge-4,64.73038609101339,58.90505810364045,105.07667650832526,17.84565765132858,0
2025-09-10 12:00:00,edge-4,57.08320794250078,51.32532952827732,67.25126535846164,27.826298526714446,0
2025-09-10 13:00:00,edge-4,28.267553409283245,81.95612732695854,54.484034907171164,18.37502678881708,0
2025-09-10 14:00:00,edge-4,50.38959408751142,43.94658342624108,167.9300727263929,10.412318957711763,0
2025-09-10 15:00:00,edge-4,26.521176803861767,100.0,162.81491962538087,22.246659271897908,0
2025-09-10 16:00:00,edge-4,70.1338358903995,56.467164229154335,135.49486441932575,22.620296861724217,0
2025-09-10 17:00:00,edge-4,74.21162559734941,62.99683408462083,102.39415608506307,16.364005107370804,0
2025-09-10 18:00:00,edge-4,49.16394059167182,90.85810032157181,132.60662241193873,18.766254474539032,0
2025-09-10 19:00:00,edge-4,37.21032248967998,63.518593571606274,152.17861524238612,15.7635203143826,0
2025-09-10 20:00:00,edge-4,40.03596008606635,83.77737756834753,75.281720915221,22.612848495580582,0
2025-09-10 21:00:00,edge-4,43.19386876586293,20.93683065062047,101.19181208981188,20.28299724983588,0
2025-09-10 22:00:00,edge-4,48.39759146113101,51.14805919658073,55.75057852303553,14.171124182319605,0
2025-09-10 23:00:00,edge-4,70.55704471109492,67.93467556845185,94.837534974905,19.952280863888937,0
2025-09-11 00:00:00,edge-4,64.33402715463596,81.6283859524682,161.77094186009805,16.334878138164136,0
2025-09-11 01:00:00,edge-4,64.56506755601143,75.39393116521819,143.14191153697638,27.30530346897712,0
2025-09-11 02:00:00,edge-4,52.55867406009273,73.52064215865782,105.40027205639808,24.468488666042045,0
2025-09-11 03:00:00,edge-4,32.69582414087425,81.22115684709055,10.0,19.388603280364517,0
2025-09-11 04:00:00,edge-4,38.44914935552557,69.5003930681585,73.76829458250938,20.40532077297311,0
2025-09-11 05:00:00,edge-4,50.91081894728646,17.136319464202465,104.0962385946442,25.068881139689896,0
2025-07-13 06:00:00,edge-5,56.2618461561972,77.40497767948023,88.0128988089475,22.32562755190672,0
2025-07-13 07:00:00,edge-5,42.59479821509485,63.77370042873285,102.08904238978828,21.675533372020432,0
2025-07-13 08:00:00,edge-5,52.97305661786225,68.04996235107005,104.11054047979387,20.248574337004985,0
2025-07-13 09:00:00,edge-5,40.02054139997506,37.36031213046467,70.72642149365123,28.49424616559428,0
2025-07-13 10:00:00,edge-5,65.75743105003019,44.7888203162658,147.51880881820222,17.67670775134791,0
2025-07-13 11:00:00,edge-5,64.34173565778582,45.24293171916358,125.78958915620903,21.20150012680302,0
2025-07-13 12:00:00,edge-5,34.25916841574367,60.50694852081551,131.3668137918928,11.458647863206803,0
2025-07-13 13:00:00,edge-5,57.87498754852183,86.52311161008724,72.79961498794052,12.846414301000905,0
2025-07-13 14:00:00,edge-5,71.69407336318726,68.66509679742738,70.6354508394223,29.075811176504512,0
2025-07-13 15:00:00,edge-5,35.7773193178791,41.993192557685845,95.45797137583315,23.083901320590456,0
2025-07-13 16:00:00,edge-5,36.96568460962861,61.74667950522805,131.99831559176312,18.936507447541725,0
2025-07-13 17:00:00,edge-5,61.025891776914605,58.387323302796865,120.0678320989131,20.391622935760168,0
2025-07-13 18:00:00,edge-5,30.392322869616038,52.982697982025044,68.8926143627094,13.20938934988059,0
2025-07-13 19:00:00,edge-5,38.337305862618265,59.69166948360584,126.71044266805596,17.85940001672893,0
2025-07-13 20:00:00,edge-5,34.780021480182,75.27423842679158,61.11516304693451,12.709316105469645,0
2025-07-13 21:00:00,edge-5,61.21226442186216,45.60147163035126,73.53523660671706,18.523472771122748,0
2025-07-13 22:00:00,edge-5,39.61355361826622,53.08217992667983,106.308934305348,23.401602605169217,0
2025-07-13 23:00:00,edge-5,45.730948927598845,79.64241605785627,53.14107126899013,22.26650516543953,0
2025-07-14 00:00:00,edge-5,38.77513641920113,69.37925546711999,61.4588588873267,27.945597101052066,0
2025-07-14 01:00:00,edge-5,67.227702510633,85.58223627231033,162.08486188929982,21.473666929791452,0
2025-07-14 02:00:00,edge-5,37.10919562198906,88.71699435193283,154.6506390142279,7.6075878586392225,0
2025-07-14 03:00:00,edge-5,28.88599916526039,32.789177596225684,191.5886352513317,29.753335090866738,0
2025-07-14 04:00:00,edge-5,28.29811458976239,65.76595575220803,118.02291616509595,15.796533183752892,0
2025-07-14 05:00:00,edge-5,60.404894518772494,49.840867448962925,125.79057425035889,20.810516349714007,0
2025-07-14 06:00:00,edge-5,61.48797689745775,36.025618639626465,93.80169458951784,20.509141066258945,0
2025-07-14 07:00:00,edge-5,68.72831836177406,44.21613231802347,85.98230006580309,21.20449358078786,0
2025-07-14 08:00:00,edge-5,31.08540025081615,53.98463301554338,134.87662057779545,20.240294034732273,0
2025-07-14 09:00:00,edge-5,46.53181783863201,54.10958629659577,154.47908559232974,20.328381598852935,0
2025-07-14 10:00:00,edge-5,86.4094911145923,47.862226235379424,131.46613985754172,13.391814093219777,0
2025-07-14 11:00:00,edge-5,45.465250775165195,59.72717209763057,66.40744709734327,32.934913759271794,0
2025-07-14 12:00:00,edge-5,41.54887050594142,100.0,115.66496088551183,23.25718153184191,0
2025-07-14 13:00:00,edge-5,49.684854192843986,25.49562809973491,69.19397649711114,20.25940364647516,1
2025-07-14 14:00:00,edge-5,57.949261603233815,82.74353834642116,87.02000577969699,29.20933454900234,0
2025-07-14 15:00:00,edge-5,57.698498315040666,59.63251373310824,165.44906589331242,14.640376985554058,0
2025-07-14 16:00:00,edge-5,40.78353166442183,51.2424230568551,52.01676358543494,24.341948183220953,0
2025-07-14 17:00:00,edge-5,41.22447065973717,19.63579847820902,186.7478638174257,17.22417033652244,0
2025-07-14 18:00:00,edge-5,45.55309912747928,75.25526625148372,121.98137402515128,22.011664261617494,0
2025-07-14 19:00:00,edge-5,39.04870034343759,31.1806500534804,81.35548936425272,22.12226299893028,0
2025-07-14 20:00:00,edge-5,31.478553855124392,76.55787808842541,102.72864485776157,8.317591122880827,0
2025-07-14 21:00:00,edge-5,77.11927277950215,94.8266173798751,72.60142326072285,12.841678549526783,0
2025-07-14 22:00:00,edge-5,43.89613078661458,34.3439247281362,78.12343934165705,27.93219603373153,0
2025-07-14 23:00:00,edge-5,44.746352406850164,83.36721169914803,102.93183174105927,18.739173464845244,0
2025-07-15 00:00:00,edge-5,45.21370094326067,60.508787294942685,86.84316137277784,30.007900897013705,0
2025-07-15 01:00:00,edge-5,48.79234999486062,18.11590736317423,62.68129470937892,26.55062721334544,0
2025-07-15 02:00:00,edge-5,56.52139654290921,35.90366290104915,91.14358047919019,18.898626039400593,0
2025-07-15 03:00:00,edge-5,43.022122945124025,63.564532852770824,47.41540888123575,18.457428333706588,0
2025-07-15 04:00:00,edge-5,67.09030294072255,68.02366491265924,49.12741353739564,28.242082080255912,0
2025-07-15 05:00:00,edge-5,58.96723818859729,28.38617488801995,48.71784832399416,30.515099671205874,0
2025-07-15 06:00:00,edge-5,47.136520840636734,60.63410187307276,166.85298403677888,18.56699222646341,0
2025-07-15 07:00:00,edge-5,40.006480647553545,76.47111920696246,116.2249601504767,27.690824789121066,0
2025-07-15 08:00:00,edge-5,66.27389803990825,79.97151038838612,123.83428209673505,25.15009282092925,0
2025-07-15 09:00:00,edge-5,47.569367183879656,51.743280654684526,100.45043869915526,26.012736490765825,0
2025-07-15 10:00:00,edge-5,31.358731244689853,68.7693755711315,120.25128535945363,20.50572963806284,0
2025-07-15 11:00:00,edge-5,65.31596784941871,81.4487077292859,147.0338376512525,16.637910342145172,0
2025-07-15 12:00:00,edge-5,39.1050732738018,77.04911958437341,116.31277667793228,14.728127051743451,0
2025-07-15 13:00:00,edge-5,63.02751163749912,77.82874430658245,165.6132010610342,13.478668053234205,0
2025-07-15 14:00:00,edge-5,12.285984946806245,62.270132312675045,98.51258380362131,29.554444402757213,0
2025-07-15 15:00:00,edge-5,44.470062331388505,58.1096452591483,123.95650234567862,20.054723868834778,0
2025-07-15 16:00:00,edge-5,67.3995290110407,65.44227147509834,128.1605253139396,14.276121950029445,0
2025-07-15 17:00:00,edge-5,50.07696095144376,44.72462561996267,62.71819405896807,25.012137130284977,0
2025-07-15 18:00:00,edge-5,58.97202931460173,82.24189986152746,101.70963860438188,17.605638991007822,0
2025-07-15 19:00:00,edge-5,36.471038949240935,29.391908864638197,26.343147770569445,16.74512247150701,0
2025-07-15 20:00:00,edge-5,55.21557840218776,49.91379376161858,94.80501482749158,30.34005018294431,0
2025-07-15 21:00:00,edge-5,50.05628400485911,59.275143666153056,88.83529723917752,13.34648564456621,0
2025-07-15 22:00:00,edge-5,53.650010976030195,69.3935899787304,86.44206163615299,21.175236914848334,0
2025-07-15 23:00:00,edge-5,80.58919856235028,73.15057030004397,83.69944385042409,17.04539962238196,0
2025-07-16 00:00:00,edge-5,69.56884455133965,89.77972314591753,120.47897013375527,16.247478525027898,0
2025-07-16 01:00:00,edge-5,61.87990017695412,61.55504227609755,64.56676125320479,12.680725876070323,0
2025-07-16 02:00:00,edge-5,62.069287113575015,45.64028300340748,174.39961144759263,20.29791766379016,0
2025-07-16 03:00:00,edge-5,36.362662070448145,57.09926536968336,122.69924655378823,15.630495013402506,0
2025-07-16 04:00:00,edge-5,42.931563704131975,53.61204887579945,67.88137708567449,22.956889545616715,0
2025-07-16 05:00:00,edge-5,27.011273925370062,70.39866926738884,125.88864462196605,19.764965486632292,0
2025-07-16 06:00:00,edge-5,30.95621956428293,38.66002004784729,139.79411877572431,18.436873291950278,0
2025-07-16 07:00:00,edge-5,36.701992630132466,56.49140557751397,114.76469969577384,15.657277546564696,0
2025-07-16 08:00:00,edge-5,49.56313126100213,92.45324037050037,59.76774638624452,27.153529809220444,0
2025-07-16 09:00:00,edge-5,31.624869540308044,63.597042618693436,189.49148007448267,23.67840201853958,0
2025-07-16 10:00:00,edge-5,49.41244720119473,38.94134408485184,125.57897662070883,16.5932872308371,0
2025-07-16 11:00:00,edge-5,47.68955737810358,53.2043076591457,50.09681743420094,13.203974774806586,0
2025-07-16 12:00:00,edge-5,32.98656819303353,15.340334449284725,108.36460356490886,10.560054072865903,0
2025-07-16 13:00:00,edge-5,72.88380296795665,58.82279833334512,91.18729994024694,25.68676696904843,0
2025-07-16 14:00:00,edge-5,30.1321144753678,92.95362721880527,100.25708995113948,24.54586467515471,0
2025-07-16 15:00:00,edge-5,66.75987220648328,36.26794065223175,52.251340524850974,25.23285148100705,0
2025-07-16 16:00:00,edge-5,16.185856671816495,30.87906257771898,102.17305998879009,19.398558757970314,0
2025-07-16 17:00:00,edge-5,47.86650179639891,46.93479966499005,66.74988952933758,24.03006013024663,0
2025-07-16 18:00:00,edge-5,32.03562750438567,78.42632680659025,86.01842211190095,25.135970316154165,0
2025-07-16 19:00:00,edge-5,40.18317923607512,94.09275168393728,115.49775949192883,19.65102305363423,0
2025-07-16 20:00:00,edge-5,77.15231683304862,68.96424301225781,80.9346945333517,18.20925942203194,0
2025-07-16 21:00:00,edge-5,44.7954858190497,34.28180557778763,88.38312878677013,15.118581603142529,0
2025-07-16 22:00:00,edge-5,33.43176804397113,59.55550254746579,132.80926622546878,22.130744412647566,0
2025-07-16 23:00:00,edge-5,57.31453801044884,95.78850964180793,64.45611468813178,22.796069168565765,0
2025-07-17 00:00:00,edge-5,44.66379625949255,53.78198596229711,74.06316360880218,17.96732628420543,0
2025-07-17 01:00:00,edge-5,52.26069751287231,62.80945010350872,49.81642066103504,18.55629182718748,0
2025-07-17 02:00:00,edge-5,36.283181654923915,64.81119207998123,67.08546300949345,18.913525005734453,0
2025-07-17 03:00:00,edge-5,37.02175351905921,29.082740816660202,105.16496917920631,23.956205329326483,0
2025-07-17 04:00:00,edge-5,38.18478797280475,79.9589342524045,125.57855474023705,13.128371612232378,0
2025-07-17 05:00:00,edge-5,61.97649713692615,77.07523498992919,67.7533138790885,14.47373258843911,0
2025-07-17 06:00:00,edge-5,46.59755371451446,20.129192042941412,124.39249122312495,14.571273594357686,0
2025-07-17 07:00:00,edge-5,34.276096346637246,33.38696763262203,104.20861168741511,19.25734042667694,0
2025-07-17 08:00:00,edge-5,52.42729202903926,40.605997497288385,44.69589299674095,21.57638600582786,0
2025-07-17 09:00:00,edge-5,51.192192810030356,74.9669849251775,106.98241470142793,14.65562127849769,0
2025-07-17 10:00:00,edge-5,58.604041970619896,44.97775859655232,147.77428909449992,24.545029368696127,0
2025-07-17 11:00:00,edge-5,42.77298150310064,68.02702198511199,24.31459412809636,27.313247260847,0
2025-07-17 12:00:00,edge-5,48.83642733739864,56.364500093319116,180.20821933005624,22.068988098486408,0
2025-07-17 13:00:00,edge-5,56.32517951185042,61.423435059662815,75.57927016742175,25.61395052642846,0
2025-07-17 14:00:00,edge-5,34.859704627615756,69.91870859163976,34.03577528292614,15.42413972873901,0
2025-07-17 15:00:00,edge-5,63.29334293091298,65.44668242802094,105.53694271906103,15.543201431552239,0
2025-07-17 16:00:00,edge-5,50.24665442307852,59.620562488656695,133.24348139103535,22.573119887988696,0
2025-07-17 17:00:00,edge-5,33.484807803562276,66.54160858601774,88.78266284076642,19.807986421815418,0
2025-07-17 18:00:00,edge-5,33.373665412422994,64.33944154376769,112.46397074388194,15.53389921604931,0
2025-07-17 19:00:00,edge-5,48.509021510933195,55.80666057410413,184.7894715449825,27.125237983378895,0
2025-07-17 20:00:00,edge-5,41.74661284393913,51.37529189787443,108.22615597272198,21.49395117784888,0
2025-07-17 21:00:00,edge-5,61.31909932938621,97.6088563605726,219.29950338831424,23.510874863433727,0
2025-07-17 22:00:00,edge-5,45.69872131229192,51.14590216274778,150.58522315841833,16.62874268270606,0
2025-07-17 23:00:00,edge-5,54.54569845823166,87.33989988720744,102.06141276323159,28.399542281210156,0
2025-07-18 00:00:00,edge-5,37.270683253782444,46.297417066634694,111.66149016344484,19.220354922792442,0
2025-07-18 01:00:00,edge-5,49.65506035842414,76.2034902994927,87.22261202535834,25.09528383995072,0
2025-07-18 02:00:00,edge-5,69.73303918390377,95.67516459957287,109.9831182349863,17.0858609643512,0
2025-07-18 03:00:00,edge-5,47.778075618768646,53.24987026244978,122.46231318107297,20.84323928047245,0
2025-07-18 04:00:00,edge-5,41.705537541077476,46.6521568851296,83.8340022069624,22.789180151091934,0
2025-07-18 05:00:00,edge-5,37.042925749721284,51.415407586425076,44.80114706876094,29.977035567836065,0
2025-07-18 06:00:00,edge-5,49.71844205176719,59.61264730694289,152.85114724951586,17.80136450069716,0
2025-07-18 07:00:00,edge-5,71.139721522118,66.43742676850589,138.93929174684226,21.012813221658526,0
2025-07-18 08:00:00,edge-5,29.546083556164735,59.20005620739235,43.31644328045278,22.95927630308795,0
2025-07-18 09:00:00,edge-5,49.25123470543928,51.60030880797196,106.83964307700201,12.925799757292635,0
2025-07-18 10:00:00,edge-5,24.29192141603296,99.09083715619943,141.0829065970318,9.12830078089157,0
2025-07-18 11:00:00,edge-5,43.843666844878655,55.991223490950134,136.94914395538015,15.0208133728105,0
2025-07-18 12:00:00,edge-5,53.94154045944085,47.59797245720956,72.24119261494846,24.835899457030564,0
2025-07-18 13:00:00,edge-5,26.294373798605765,76.6102233516111,139.2846700132455,28.582034538600524,0
2025-07-18 14:00:00,edge-5,43.32785679800847,76.92871598987239,100.603890475444,15.385072574064218,0
2025-07-18 15:00:00,edge-5,54.35779189900162,88.249787538157,115.54708595600424,13.916377478595649,0
2025-07-18 16:00:00,edge-5,51.9670713701215,98.55727518098666,63.22032460685264,27.673729876365506,0
2025-07-18 17:00:00,edge-5,55.08437400831612,66.92544040477131,10.0,17.172866405761674,0
2025-07-18 18:00:00,edge-5,35.381050450003826,54.23491508913512,68.90685943314149,18.14104628002152,0
2025-07-18 19:00:00,edge-5,54.35161555652447,21.955258659216412,121.46308405439206,27.295669963580607,0
2025-07-18 20:00:00,edge-5,40.99987660189239,41.24297163303891,91.7827083312671,26.47350384915119,0
2025-07-18 21:00:00,edge-5,60.71044022982251,64.17123536665794,126.00763556000847,24.670327566803678,0
2025-07-18 22:00:00,edge-5,15.340229904889341,36.381163068616885,144.2459859246117,11.44264439315149,0
2025-07-18 23:00:00,edge-5,45.65585932411808,28.297564906170926,86.77917364207693,13.707723814705295,0
2025-07-19 00:00:00,edge-5,51.48315642248691,61.316557899030784,82.84204351236087,25.602540440096107,0
2025-07-19 01:00:00,edge-5,70.24148075844894,75.53518438151227,12.52574031028432,21.589450947295244,0
2025-07-19 02:00:00,edge-5,51.30195558089383,55.070439082216275,38.09305324380841,16.111326382662273,0
2025-07-19 03:00:00,edge-5,52.82428627520072,77.935752054539,46.402817075103854,18.277205545854997,0
2025-07-19 04:00:00,edge-5,55.632353427243,72.33165927848142,122.26556793096644,25.554927160494017,0
2025-07-19 05:00:00,edge-5,68.79630800822996,82.98466626197319,87.17878171790687,27.63805106894825,0
2025-07-19 06:00:00,edge-5,44.27158381735805,100.0,78.63061941872363,19.970133563196722,0
2025-07-19 07:00:00,edge-5,28.95348508433494,100.0,74.05017146430046,16.565409968483063,0
2025-07-19 08:00:00,edge-5,26.081790858132905,74.63342233008753,68.8407602480303,18.622534726765306,0
2025-07-19 09:00:00,edge-5,59.962928903151536,50.80299620182461,136.93843857752515,26.715327861591543,0
2025-07-19 10:00:00,edge-5,53.348104913684445,61.23671773043135,103.73386388293258,26.617666862013657,0
2025-07-19 11:00:00,edge-5,46.15486296339558,91.46509170254538,139.65308116593243,20.971273652001575,0
2025-07-19 12:00:00,edge-5,41.20858307627522,42.13550089414861,12.264552494361595,17.35255224734138,0
2025-07-19 13:00:00,edge-5,52.71249057556427,88.9532219328526,121.30933944877265,25.4138242207523,0
2025-07-19 14:00:00,edge-5,53.145848401016075,56.60151880164299,80.64828443658274,28.114722718372263,0
2025-07-19 15:00:00,edge-5,57.197447120752116,64.54251902958339,88.74108435413625,12.73246507426077,0
2025-07-19 16:00:00,edge-5,33.369996043474615,43.846248764794595,154.11304809638372,18.837841597480157,0
2025-07-19 17:00:00,edge-5,23.53541650435952,33.52549594817063,84.40600630436958,25.779795023096042,0
2025-07-19 18:00:00,edge-5,36.29709681938681,54.4232798487744,119.6758593616676,20.368361577035536,0
2025-07-19 19:00:00,edge-5,29.733067110062727,86.06023388671095,59.28218264719849,17.55706814046153,0
2025-07-19 20:00:00,edge-5,28.956110982416277,45.960788794298814,101.44440624886842,20.925940546726494,0
2025-07-19 21:00:00,edge-5,73.54604524076893,92.25042320041103,36.350130294282785,21.853521509846857,0
2025-07-19 22:00:00,edge-5,15.994970398112798,48.54253237469651,97.70755910547399,14.365813255033812,0
2025-07-19 23:00:00,edge-5,57.045570647077085,38.63545687237748,115.41634155287107,20.453975510965034,0
2025-07-20 00:00:00,edge-5,63.604973217524986,65.07274097162146,144.254978475404,21.836667581809746,0
2025-07-20 01:00:00,edge-5,64.8119695113463,73.58143975588172,67.28424566333436,17.545773705565967,0
2025-07-20 02:00:00,edge-5,54.158480259630196,63.761758330410174,78.8414376456334,16.10255905359506,0
2025-07-20 03:00:00,edge-5,69.79864543630585,63.01906791183958,74.23513691947073,17.310562050378138,0
2025-07-20 04:00:00,edge-5,76.75099596381774,92.05920421882679,89.83959131817394,15.145436931312126,0
2025-07-20 05:00:00,edge-5,45.46653426361122,61.89829094984254,61.44375027959564,24.25310275746665,0
2025-07-20 06:00:00,edge-5,56.71207550422015,50.591864291821864,13.711264809027668,15.081799424836746,0
2025-07-20 07:00:00,edge-5,69.13691123531976,37.3406091350071,58.29150953158263,20.945216497680725,0
2025-07-20 08:00:00,edge-5,37.07061069607292,85.47271378860677,98.04151937451725,18.129005162436567,0
2025-07-20 09:00:00,edge-5,46.326381399336164,51.48643953811644,94.07597018406409,16.46907822969259,0
2025-07-20 10:00:00,edge-5,40.61267640831048,53.43794023426592,122.08477691070422,26.85663812354408,0
2025-07-20 11:00:00,edge-5,56.91466964431323,81.03758810139013,133.687759886275,19.346082606870855,0
2025-07-20 12:00:00,edge-5,21.528511199980134,100.0,82.01792010375037,16.65300286616699,0
2025-07-20 13:00:00,edge-5,71.54940469196292,65.02663827661621,36.570427579572,16.17440650254297,0
2025-07-20 14:00:00,edge-5,58.00694846526022,57.26003453870695,116.12877242129031,21.695323643762485,0
2025-07-20 15:00:00,edge-5,58.849117572500084,59.886950496537914,99.60763633385444,24.13293930270787,0
2025-07-20 16:00:00,edge-5,14.550287733307123,50.889234305267365,89.66228556238116,26.353774149214182,0
2025-07-20 17:00:00,edge-5,34.39791359450951,52.88305268663338,148.81700175113122,19.16171871240583,0
2025-07-20 18:00:00,edge-5,72.35703755303571,52.99021538607269,118.02191868012653,18.861344856467483,0
2025-07-20 19:00:00,edge-5,47.33891194373169,78.2145615600866,104.91597323491156,20.654771771866226,0
2025-07-20 20:00:00,edge-5,24.139041308482412,58.23658814865214,106.55536761502458,20.83562332299038,0
2025-07-20 21:00:00,edge-5,53.32433236816524,87.18624825218683,133.98824609732543,16.13971659328063,0
2025-07-20 22:00:00,edge-5,60.1873715583034,57.674456800111116,72.41788270754618,27.312059899680406,0
2025-07-20 23:00:00,edge-5,57.97238570158686,52.65941698114798,64.79122429342372,20.11110878419379,0
2025-07-21 00:00:00,edge-5,47.74392178090782,85.55750008213074,90.63460006335188,22.67370004441275,0
2025-07-21 01:00:00,edge-5,67.03345390345072,60.431000392526684,52.88256706287858,22.122272822110833,0
2025-07-21 02:00:00,edge-5,39.46982021194989,57.471314658075265,98.18324151337725,22.019664893637497,0
2025-07-21 03:00:00,edge-5,58.10133548493242,60.67121285631891,103.87804984715868,14.979516172209674,0
2025-07-21 04:00:00,edge-5,52.02526465199058,89.33299026356677,97.24792919390896,19.967997587140637,0
2025-07-21 05:00:00,edge-5,48.00370481825487,66.12155463574777,85.54329263688041,31.403721452135702,0
2025-07-21 06:00:00,edge-5,44.31504882737635,84.98967977847033,166.12041675701505,27.935843589768282,0
2025-07-21 07:00:00,edge-5,44.846114099375036,55.307511956821074,137.62644561370635,20.785038303346752,0
2025-07-21 08:00:00,edge-5,50.48380124350148,81.78807814457362,96.11440648935609,18.16567774492453,0
2025-07-21 09:00:00,edge-5,45.60918802465426,64.75369672845898,103.72111759658812,8.911102046049876,0
2025-07-21 10:00:00,edge-5,60.9960486781597,77.65151323960986,155.05377661638354,17.5133190988937,0
2025-07-21 11:00:00,edge-5,41.96022025634068,79.33292473359927,76.61782605956193,19.607904462137896,0
2025-07-21 12:00:00,edge-5,73.52436496009703,41.16760941920184,61.37607217854757,18.41341769886928,0
2025-07-21 13:00:00,edge-5,41.289972222578754,61.43915212768126,109.07588989222339,18.761587896445747,0
2025-07-21 14:00:00,edge-5,63.801211715654134,79.14395905101046,116.55622793869924,23.11215674928906,0
2025-07-21 15:00:00,edge-5,64.44825299144296,82.32970739474376,119.54022272213055,14.99822137804706,0
2025-07-21 16:00:00,edge-5,52.487932480089185,85.06868953585186,133.11109380472362,21.36325858064494,0
2025-07-21 17:00:00,edge-5,51.151399703544215,62.094554502049846,70.69690601830466,19.448705677664623,0
2025-07-21 18:00:00,edge-5,39.06549476436216,90.80419082258882,43.6620126931518,15.58848242746518,0
2025-07-21 19:00:00,edge-5,42.24392825535587,46.85586860768895,76.61730567852172,28.37052386603834,0
2025-07-21 20:00:00,edge-5,53.29675394194395,30.10469660617953,123.27365050687318,23.739049426545854,0
2025-07-21 21:00:00,edge-5,49.32296601998386,54.447782122954465,63.12413278122756,16.068001049076614,0
2025-07-21 22:00:00,edge-5,67.74626263986084,83.91684568692912,22.646598140549244,22.586255422801024,0
2025-07-21 23:00:00,edge-5,43.18115309377017,38.2758565774983,105.77077791453722,13.052688844191987,0
2025-07-22 00:00:00,edge-5,44.08903308574796,30.60283974244492,77.31664070295483,16.682604112834724,0
2025-07-22 01:00:00,edge-5,25.029040892541662,25.589820242442315,30.91642436626711,26.637848971038416,0
2025-07-22 02:00:00,edge-5,59.65291795573489,74.71888568383291,102.97805336626358,21.757574376339647,0
2025-07-22 03:00:00,edge-5,58.298282329159015,31.0479054943813,84.54909155294915,21.35598658164614,0
2025-07-22 04:00:00,edge-5,64.65622843989826,70.98060652033969,167.0393088589359,24.934840403635686,0
2025-07-22 05:00:00,edge-5,65.50154404404056,53.43826832719645,103.55374696395631,23.056390549548578,0
2025-07-22 06:00:00,edge-5,61.83419809177623,44.5880363270425,123.44338459588123,18.669742237120364,0
2025-07-22 07:00:00,edge-5,62.46673924952153,40.02555349152072,99.3108083987321,24.68202322223678,0
2025-07-22 08:00:00,edge-5,59.15103144290649,64.1258168135389,76.09879800910308,11.555222143307743,0
2025-07-22 09:00:00,edge-5,61.461399740272135,44.91684371504949,80.495458084938,16.662626645666467,0
2025-07-22 10:00:00,edge-5,22.370574317842163,59.90054380612001,143.2383488683915,19.515245185468267,0
2025-07-22 11:00:00,edge-5,33.50313932364652,68.0281277354643,129.91155800470847,22.73864503631982,0
2025-07-22 12:00:00,edge-5,31.052089630561717,72.25322468328483,40.454842136869104,18.375003763565964,0
2025-07-22 13:00:00,edge-5,69.05259516429203,78.68640823612682,50.055752415934194,11.079696746867832,0
2025-07-22 14:00:00,edge-5,38.25560663911675,63.29456690574246,52.27696429816494,10.377608485340685,0
2025-07-22 15:00:00,edge-5,40.65706727986546,38.99819895380801,142.4039897709202,19.659536420506008,0
2025-07-22 16:00:00,edge-5,50.09985899884792,69.31454669840548,30.745041575282357,17.611122260046393,1
2025-07-22 17:00:00,edge-5,31.34480829318707,73.12407284537207,131.45951636713454,15.450114000339273,0
2025-07-22 18:00:00,edge-5,55.70817169011057,56.368815388758435,115.93429478416944,14.613643560582943,0
2025-07-22 19:00:00,edge-5,18.04414695936033,54.2419374317093,105.87252346938044,20.668880239762082,0
2025-07-22 20:00:00,edge-5,32.33765484613992,100.0,81.08023479152995,26.51130637284725,0
2025-07-22 21:00:00,edge-5,52.9822428203058,34.1389766339304,147.54467780222387,20.66930247435288,0
2025-07-22 22:00:00,edge-5,31.375456508493215,69.87348743885775,104.5387251983621,26.578012923911643,0
2025-07-22 23:00:00,edge-5,69.48669655455546,80.92062892766299,42.2316475654502,18.13004164153528,0
2025-07-23 00:00:00,edge-5,50.69419157950464,53.17469517554255,51.54709713499081,22.217211529438373,0
2025-07-23 01:00:00,edge-5,66.9810519884245,56.62966496198346,34.2096890962806,26.760196240860168,0
2025-07-23 02:00:00,edge-5,55.36874976279643,51.97066738541652,148.01336798119917,19.210627130039406,0
2025-07-23 03:00:00,edge-5,49.821053450864824,60.00444625728161,156.97020230528312,20.129861520954922,0
2025-07-23 04:00:00,edge-5,35.05156767568515,77.98985125374425,143.45106053783599,18.127581311434845,0
2025-07-23 05:00:00,edge-5,63.93719372448787,56.03584092196469,94.27467095803914,22.962531196029506,0
2025-07-23 06:00:00,edge-5,56.61881988507939,100.0,42.944851108263016,24.511360505624303,0
2025-07-23 07:00:00,edge-5,81.26971853833366,50.945248149143765,57.83954749890901,21.756400647036806,0
2025-07-23 08:00:00,edge-5,62.42600551881793,87.55030331331317,60.44507193023733,18.852790141927233,0
2025-07-23 09:00:00,edge-5,44.03895535571723,70.87849724745442,98.17227944231216,12.501382180039428,0
2025-07-23 10:00:00,edge-5,54.341323592765974,62.1694624228675,155.49770926518408,19.757851038994584,0
2025-07-23 11:00:00,edge-5,56.332069660365384,89.41522188715196,155.34071906291285,19.040231104622894,0
2025-07-23 12:00:00,edge-5,67.44437444351749,27.99847508686402,80.46655328349864,21.179980469430447,0
2025-07-23 13:00:00,edge-5,69.82804940539263,68.5035691693317,10.53766208456203,20.58396116579425,0
2025-07-23 14:00:00,edge-5,47.57037052609376,45.6724012334369,53.3203764969456,27.862040753391504,0
2025-07-23 15:00:00,edge-5,31.767183822886697,51.28024129789651,147.54403602281334,16.51795055659879,0
2025-07-23 16:00:00,edge-5,22.192420713827207,50.339954159279856,109.26514850912405,12.123684737968718,0
2025-07-23 17:00:00,edge-5,32.90675810421463,40.723514137551845,85.77415150870716,14.287322990608315,0
2025-07-23 18:00:00,edge-5,41.123353313416615,26.94839633953307,82.98537566601829,16.831885067637383,0
2025-07-23 19:00:00,edge-5,72.56503054235611,67.77568471050725,69.96596107533286,25.410035857918288,0
2025-07-23 20:00:00,edge-5,72.79258233286791,58.68260233174512,51.849066004006474,13.513787098887537,0
2025-07-23 21:00:00,edge-5,64.40240081232392,53.988173720662864,182.88253655854948,14.180989023212366,0
2025-07-23 22:00:00,edge-5,68.45598310717965,75.1834937615953,168.73932972391108,22.069531057140665,0
2025-07-23 23:00:00,edge-5,39.38910896550732,69.03869643901055,67.12534896101536,24.246530460954673,0
2025-07-24 00:00:00,edge-5,27.270263419226175,54.663270908427826,29.84513296252591,12.25380630327607,0
2025-07-24 01:00:00,edge-5,34.902071804578796,100.0,106.76073379819547,11.139726360276592,0
2025-07-24 02:00:00,edge-5,19.477721486093007,80.35977431747827,94.10127496182592,16.067317002494075,0
2025-07-24 03:00:00,edge-5,33.290671223967635,100.0,125.1256924413344,23.286810664018397,0
2025-07-24 04:00:00,edge-5,42.41079535436876,51.700901515866406,134.1842758400627,20.7161335645411,0
2025-07-24 05:00:00,edge-5,52.500555241134435,64.99398242060373,53.19897474004864,16.250130661937828,0
2025-07-24 06:00:00,edge-5,52.03185876477623,35.23461475658671,151.20871944400508,23.697151791017824,0
2025-07-24 07:00:00,edge-5,39.655450587369515,53.39043370469082,85.87351726470159,20.621526618661107,0
2025-07-24 08:00:00,edge-5,58.53421907626134,48.320814507339,124.31639440479944,19.4620223252205,0
2025-07-24 09:00:00,edge-5,39.943404733932226,100.0,89.54137855950317,11.928255361518286,0
2025-07-24 10:00:00,edge-5,50.150670509608574,46.15045404588459,136.89960684178678,16.14740731715156,0
2025-07-24 11:00:00,edge-5,33.350266368303195,55.319323663831554,10.0,29.784637801734874,0
2025-07-24 12:00:00,edge-5,66.33000968066574,30.926593862752128,129.53333773327122,18.31853437222095,0
2025-07-24 13:00:00,edge-5,50.31251938153787,70.67446735517733,66.72321995241754,15.216031923232622,0
2025-07-24 14:00:00,edge-5,60.182375239510904,41.995491798196596,102.93857197459117,18.088743151512034,0
2025-07-24 15:00:00,edge-5,31.757099193203565,78.37091458052672,149.7881183511894,20.595422898725925,0
2025-07-24 16:00:00,edge-5,52.61636256822626,24.233507849043512,67.87400096600999,24.416719460017053,0
2025-07-24 17:00:00,edge-5,58.58500587033289,57.56753419802611,61.59949445741744,23.105425200444095,0
2025-07-24 18:00:00,edge-5,19.341990317469623,23.08400199158966,85.12085964108469,16.61701995890243,0
2025-07-24 19:00:00,edge-5,67.52145502405025,50.189740864965344,82.59718324276608,26.35788416866798,0
2025-07-24 20:00:00,edge-5,31.258631238331436,54.25574298632421,57.9934951943563,24.073441803750555,0
2025-07-24 21:00:00,edge-5,53.16350323185246,48.01937071352954,104.25087267718524,17.77433211611787,0
2025-07-24 22:00:00,edge-5,76.81554377119919,49.995674684187385,106.32682059039901,19.359008725137688,0
2025-07-24 23:00:00,edge-5,64.32354518503521,79.42336538714704,118.5195388953822,23.00334541581095,0
2025-07-25 00:00:00,edge-5,27.65093120743611,100.0,67.21717568624685,25.373517458236012,0
2025-07-25 01:00:00,edge-5,47.32947346129094,66.78614403119107,62.239905143577715,12.406660824501232,0
2025-07-25 02:00:00,edge-5,68.50144635099073,42.79912817965982,95.25613041360627,20.352249557159503,0
2025-07-25 03:00:00,edge-5,37.74837476259984,61.28154878625433,90.19817995108329,19.844376807573777,0
2025-07-25 04:00:00,edge-5,44.60180386832325,52.914616678495385,90.9664410112505,17.14683020185471,0
2025-07-25 05:00:00,edge-5,44.181764204383015,77.78785729195779,71.71081509029631,17.12099406958722,0
2025-07-25 06:00:00,edge-5,58.5505838858368,65.75722453679516,113.2015973776534,25.271882049550978,0
2025-07-25 07:00:00,edge-5,26.945128575038886,28.444101037761122,62.30081185312675,22.67339056782719,0
2025-07-25 08:00:00,edge-5,59.391653263363054,81.95870975448778,95.11300601528083,30.533172917501734,0
2025-07-25 09:00:00,edge-5,40.658012316407095,79.33681079101802,87.74526286253737,17.151035952125003,0
2025-07-25 10:00:00,edge-5,49.82994492927655,89.90057407135744,98.66167268539311,20.68567237110751,0
2025-07-25 11:00:00,edge-5,46.626930693636965,49.67118198338363,147.41079274940563,21.54850125687988,0
2025-07-25 12:00:00,edge-5,58.996502612104806,66.01947553830225,47.41999984312291,24.48042036014803,0
2025-07-25 13:00:00,edge-5,49.68439768761952,36.30446649747162,10.0,26.792063721411413,0
2025-07-25 14:00:00,edge-5,71.60651663434419,58.975103839270055,76.23234199664554,20.468058009384645,0
2025-07-25 15:00:00,edge-5,64.84143593321623,67.9397067519809,53.9477582448843,14.526122842812264,0
2025-07-25 16:00:00,edge-5,38.070159538331026,47.27888457276282,10.0,16.445608716333492,0
2025-07-25 17:00:00,edge-5,70.47946649243167,66.84679962864399,169.85402673587333,20.713638086401343,0
2025-07-25 18:00:00,edge-5,54.791093826936645,63.36000188263666,122.38840941331797,25.613809069442304,0
2025-07-25 19:00:00,edge-5,52.54825019492593,51.003270865994715,126.68628242988738,12.767970161833743,0
2025-07-25 20:00:00,edge-5,62.723135781158696,87.94942812142466,88.58128701890566,14.14998594205227,0
2025-07-25 21:00:00,edge-5,34.382770774179924,55.31114461798099,116.8326961104599,23.785767443404012,0
2025-07-25 22:00:00,edge-5,29.308425919922307,62.65697449356046,83.09438413797179,13.531864067845905,0
2025-07-25 23:00:00,edge-5,50.374122002697774,30.661935015357408,132.5728377770106,14.374885786817439,0
2025-07-26 00:00:00,edge-5,40.905472444306945,70.38382144075611,107.56262122669287,25.682687265505503,0
2025-07-26 01:00:00,edge-5,81.1057785735998,50.46212583180947,98.53898491128463,18.893390928948357,0
2025-07-26 02:00:00,edge-5,38.53515778677779,79.14421938950417,101.55712380743545,18.510940096469362,0
2025-07-26 03:00:00,edge-5,50.6037102184465,33.77707528934276,158.6179811024992,26.84146910794128,0
2025-07-26 04:00:00,edge-5,52.87946709436219,68.61393901985441,106.69323780977692,14.685116723532404,0
2025-07-26 05:00:00,edge-5,68.46911239419806,16.358876163759327,58.81563185142686,13.680077310625283,0
2025-07-26 06:00:00,edge-5,35.081584669331946,72.3173619676133,113.44763685699306,28.146062580936025,0
2025-07-26 07:00:00,edge-5,25.81901901547204,56.50394718456575,119.5616262998546,21.166611528241518,0
2025-07-26 08:00:00,edge-5,70.91652210754523,67.98707018294976,94.21160581388064,23.39852375108835,0
2025-07-26 09:00:00,edge-5,51.20778326212009,47.996749607382256,97.91588142826653,18.44457962341221,0
2025-07-26 10:00:00,edge-5,62.14613783950321,41.01401802555269,57.35135528503633,19.467007869879705,0
2025-07-26 11:00:00,edge-5,62.85045855507007,51.30993770620603,103.88302585742125,16.4811713332551,0
2025-07-26 12:00:00,edge-5,65.45012863648519,63.84023984470424,51.420746134288095,21.59060017157398,0
2025-07-26 13:00:00,edge-5,44.33204797482456,71.53141331321666,89.96897820947986,24.156864657364647,0
2025-07-26 14:00:00,edge-5,40.26597265445599,66.07687253559698,73.22708899685233,20.979909552134476,0
2025-07-26 15:00:00,edge-5,20.056144460789426,41.26478402994623,139.3162485347557,25.304533796781865,0
2025-07-26 16:00:00,edge-5,35.07647846289403,96.7535883585872,161.99772803406856,23.311978319975257,0
2025-07-26 17:00:00,edge-5,50.9322663765255,66.65628145839003,54.22702698604995,14.757788606852547,0
2025-07-26 18:00:00,edge-5,39.479056344510745,47.55270982850796,99.81518325306699,19.276279948487538,0
2025-07-26 19:00:00,edge-5,32.88648706728403,68.48440410332968,87.5856252883126,17.758026708671515,0
2025-07-26 20:00:00,edge-5,50.756323393307305,65.11974558010343,118.57753647346064,23.767170612801575,0
2025-07-26 21:00:00,edge-5,70.14413065042584,56.49333527724145,103.84966637466299,22.307937326732805,0
2025-07-26 22:00:00,edge-5,49.159762412514795,54.144227009370994,84.50498224593811,20.636913333681207,0
2025-07-26 23:00:00,edge-5,33.00770613712875,79.69742457479677,103.75002089071808,25.067943827716196,0
2025-07-27 00:00:00,edge-5,69.08637070870648,94.55695262925568,91.41394968249185,10.671598482609404,0
2025-07-27 01:00:00,edge-5,38.38823826709369,19.279924656877313,163.56538407288406,16.984348880301248,1
2025-07-27 02:00:00,edge-5,72.19057584347216,84.61071151966102,68.25418549451692,17.40856498184397,0
2025-07-27 03:00:00,edge-5,46.0529960419486,60.39859046813234,110.29946826228529,21.2586719431055,0
2025-07-27 04:00:00,edge-5,51.546951613708494,64.7338108765525,120.38533888085146,22.764050994224316,0
2025-07-27 05:00:00,edge-5,73.41339613398216,87.03284660166995,117.53908877066769,19.99346111284648,0
2025-07-27 06:00:00,edge-5,29.72753877563719,6.903822155498389,88.08441886535925,13.425200675517008,0
2025-07-27 07:00:00,edge-5,34.24842092343168,76.29578818508749,154.73095737561673,22.033858937959785,0
2025-07-27 08:00:00,edge-5,45.10178057605203,85.64994123468841,16.44465364980975,20.640309167518968,0
2025-07-27 09:00:00,edge-5,47.90048144982168,46.227665186997015,56.2425491510389,12.656431450191317,0
2025-07-27 10:00:00,edge-5,89.63104670676356,32.12093933892831,126.54279767436631,18.522990559637407,0
2025-07-27 11:00:00,edge-5,36.679080170069106,92.79857632360657,64.79569569429793,21.870122746041673,0
2025-07-27 12:00:00,edge-5,30.436287580164482,24.87216528396646,62.459602169036835,28.266044117087535,0
2025-07-27 13:00:00,edge-5,35.96247651297554,68.37299590759645,81.31217662959949,14.554645631150875,0
2025-07-27 14:00:00,edge-5,53.48199569021018,80.46216692782791,68.57426696168409,23.95060219644166,0
2025-07-27 15:00:00,edge-5,57.380536452990626,67.93198010499205,125.48356042309108,14.617631236127748,0
2025-07-27 16:00:00,edge-5,39.39369362932852,71.29265179986906,136.17619137181433,13.64695755268585,0
2025-07-27 17:00:00,edge-5,50.31554215220196,54.6996079085066,103.53261321777575,13.942043757327237,0
2025-07-27 18:00:00,edge-5,79.17803508573866,69.2544138376484,142.18505484108044,23.0250696962581,0
2025-07-27 19:00:00,edge-5,50.52752722791194,45.830628082927035,44.54261999204824,20.649465610560405,0
2025-07-27 20:00:00,edge-5,54.81485034879005,48.42111092810812,103.03550830447689,18.426553513581545,0
2025-07-27 21:00:00,edge-5,78.33482320435425,60.71091528343941,153.91813943383121,22.28915992480716,0
2025-07-27 22:00:00,edge-5,39.52961427726737,29.20312269697898,139.0742321430289,20.20410703534893,0
2025-07-27 23:00:00,edge-5,38.54886922134116,71.54080226523706,157.45176320732958,20.55259464833378,0
2025-07-28 00:00:00,edge-5,42.95476849478757,10.385232517406145,76.39817341578197,18.48236907720058,0
2025-07-28 01:00:00,edge-5,42.08134223587897,67.25630930746561,136.68759297675442,14.8622646946988,0
2025-07-28 02:00:00,edge-5,22.68480331482613,69.1374390174726,82.92895448793394,28.456535581004598,0
2025-07-28 03:00:00,edge-5,52.06991214494063,44.10959247104407,123.80611615496595,27.002158083058614,0
2025-07-28 04:00:00,edge-5,53.254119533768886,35.32067722018128,152.43507287928313,27.9507935176575,0
2025-07-28 05:00:00,edge-5,47.21212175252058,51.836605559270055,68.2372951763627,17.303425567945553,0
2025-07-28 06:00:00,edge-5,53.71206264251004,72.79354537497133,25.76945677542021,16.590361437244045,0
2025-07-28 07:00:00,edge-5,53.87163260074924,66.91398230780364,173.90261394166902,17.927775188911426,0
2025-07-28 08:00:00,edge-5,30.257720458575594,37.76933782219986,119.52508875489377,25.370534720097492,0
2025-07-28 09:00:00,edge-5,54.32959920675095,62.113621879559105,95.716817657523,19.999039643160675,0
2025-07-28 10:00:00,edge-5,58.37768118097603,65.2391357642181,93.51971019398243,17.28404150675945,0
2025-07-28 11:00:00,edge-5,26.043478029491297,64.39140160327078,16.152324922586757,21.819308390394127,0
2025-07-28 12:00:00,edge-5,71.9467403355319,40.26817366160931,108.34924809174865,16.31775533368748,0
2025-07-28 13:00:00,edge-5,31.46305545642716,63.11405460478259,78.77738953136117,13.223047266639236,0
2025-07-28 14:00:00,edge-5,32.92642822866638,78.35490023783883,102.09899396229157,20.646174788418275,0
2025-07-28 15:00:00,edge-5,53.029329677907405,70.73923438350127,101.21171562539826,17.419633939370346,0
2025-07-28 16:00:00,edge-5,58.020481861749516,68.2295982981488,10.0,19.93149952163014,0
2025-07-28 17:00:00,edge-5,61.66506956893598,92.8536513540781,119.5986022901927,6.575701790952506,0
2025-07-28 18:00:00,edge-5,58.414885028127216,63.35582258077565,107.55877986261054,15.53960802380778,0
2025-07-28 19:00:00,edge-5,42.2044547846451,43.16181858108746,112.93080023141363,19.774713708397247,0
2025-07-28 20:00:00,edge-5,51.62841940229023,43.22516309074206,92.66321089825783,12.418046801200074,0
2025-07-28 21:00:00,edge-5,45.24994439980383,63.52054353884792,101.95693486594229,12.588057271822866,0
2025-07-28 22:00:00,edge-5,52.61388555386978,31.24913258911299,106.91233663638872,20.193846883033586,0
2025-07-28 23:00:00,edge-5,51.026849894090304,53.780342545405645,110.97052335553785,23.50790957728826,0
2025-07-29 00:00:00,edge-5,42.426370856358446,69.2834730325977,119.02344806484207,15.541419623126904,0
2025-07-29 01:00:00,edge-5,44.791731257555625,83.4229000553613,111.31050903012103,18.6893667123932,0
2025-07-29 02:00:00,edge-5,22.216935120457197,29.119725054654868,173.98915311595823,18.80488661575587,0
2025-07-29 03:00:00,edge-5,62.4519502949087,61.98155237937551,70.95940084714059,12.188428938878092,0
2025-07-29 04:00:00,edge-5,54.46336260482876,58.635277731626466,85.00181579609242,25.919430397742094,0
2025-07-29 05:00:00,edge-5,15.399797759260608,60.75011402165054,167.71825723011392,19.0852127489589,0
2025-07-29 06:00:00,edge-5,61.89740403101442,62.83131011172338,93.81589613338826,19.138802022609724,0
2025-07-29 07:00:00,edge-5,49.204582871652846,59.366660057816496,137.26551433797434,21.864917019815007,0
2025-07-29 08:00:00,edge-5,35.947668254579256,87.84417901064123,105.42019487050136,12.200025079993996,0
2025-07-29 09:00:00,edge-5,34.61862230952043,84.87993432857563,90.88752654441268,24.59967147646016,0
2025-07-29 10:00:00,edge-5,39.67666746878525,100.0,139.44992893048484,25.253053854773974,0
2025-07-29 11:00:00,edge-5,36.02711999032694,59.78855601137552,120.73690229576184,20.702658484106667,0
2025-07-29 12:00:00,edge-5,38.04217999344095,51.786210810243965,38.63960649940633,22.31104223914322,0
2025-07-29 13:00:00,edge-5,75.50951324534682,40.644759836207555,106.9397267381199,18.369602512744503,0
2025-07-29 14:00:00,edge-5,55.56688991574039,49.6112355069678,60.19753302504952,24.316470244057896,0
2025-07-29 15:00:00,edge-5,80.54015476810207,74.29142265509918,150.8461040501217,15.885301464370105,0
2025-07-29 16:00:00,edge-5,53.38607923430301,77.37050176921156,170.14360166056483,19.838008371829023,0
2025-07-29 17:00:00,edge-5,58.688985801257466,73.51029489269496,174.9588879996384,20.136317430108416,0
2025-07-29 18:00:00,edge-5,36.78942210398426,46.7106463557503,114.30054101992086,19.806577655624164,0
2025-07-29 19:00:00,edge-5,47.47957426331444,46.81850185089303,81.53729406582306,25.34563028145069,0
2025-07-29 20:00:00,edge-5,48.77479743292601,99.12928088221065,112.87033383301791,30.941024186108628,0
2025-07-29 21:00:00,edge-5,59.30138668039624,43.36014031115836,62.4110185327702,19.45081476386524,0
2025-07-29 22:00:00,edge-5,49.25774628871719,88.33049333249669,193.8199520176916,22.351788169135755,0
2025-07-29 23:00:00,edge-5,55.269912375981676,68.09152096450515,147.77428123253276,15.98786280730272,0
2025-07-30 00:00:00,edge-5,54.73291815588593,45.348021217923836,112.18105404368046,25.159607400823955,0
2025-07-30 01:00:00,edge-5,45.45713491219661,36.31028879848333,139.8819678206628,17.412576718409355,0
2025-07-30 02:00:00,edge-5,43.914634033633725,46.221611693151345,80.33103500554549,35.725640576312045,0
2025-07-30 03:00:00,edge-5,39.965102979575896,68.35263228069627,55.681676351901814,11.646301001846583,0
2025-07-30 04:00:00,edge-5,66.23455533543074,41.80744011918404,11.46986437306282,30.73722583543961,0
2025-07-30 05:00:00,edge-5,45.463525830223816,91.08820723426732,103.32227045598539,24.95611094024729,1
2025-07-30 06:00:00,edge-5,54.93346256691011,55.84279062798445,91.67382305000699,14.388790836617009,0
2025-07-30 07:00:00,edge-5,47.651672980169934,74.00892916820553,120.77157124372624,31.59724193884802,0
2025-07-30 08:00:00,edge-5,65.93926089315983,72.39422183276241,100.52290801779809,15.35794795028779,0
2025-07-30 09:00:00,edge-5,20.17868509966522,92.43801561263852,118.95541044968085,18.428345748186416,0
2025-07-30 10:00:00,edge-5,54.544547683951336,51.24059302371553,132.4433360198175,13.517037220649627,0
2025-07-30 11:00:00,edge-5,31.176342504382227,62.12164534557516,41.59275585266276,19.267740474055664,0
2025-07-30 12:00:00,edge-5,55.860522492020145,31.97211012952005,134.75598840093258,19.73651360121957,0
2025-07-30 13:00:00,edge-5,47.80180172968689,62.06296436779668,83.7367898656997,24.150153453048652,0
2025-07-30 14:00:00,edge-5,27.824583372882504,82.80023126158525,120.70315416236218,32.191568510946695,0
2025-07-30 15:00:00,edge-5,55.06459680225048,64.38943384027124,140.88907299311433,17.435196807683607,0
2025-07-30 16:00:00,edge-5,53.36272729487597,100.0,141.16376964083872,6.2368479055889186,0
2025-07-30 17:00:00,edge-5,46.53168263874869,70.39419830741897,105.16611265310193,23.24249072433303,0
2025-07-30 18:00:00,edge-5,48.431516337530276,49.191751932973546,107.13903306695248,17.248446403337248,0
2025-07-30 19:00:00,edge-5,52.42266623747204,69.11529496012342,135.67648928095167,29.092267017781616,0
2025-07-30 20:00:00,edge-5,67.67330304785908,30.73210394675208,39.95295358353334,19.827076958482067,0
2025-07-30 21:00:00,edge-5,45.28509697200896,44.020381186192594,61.936837802119754,16.204546121635826,0
2025-07-30 22:00:00,edge-5,65.19547934594793,35.659815894282836,88.82973087912325,14.935156920688742,0
2025-07-30 23:00:00,edge-5,49.43824594122224,60.32221778315248,46.68823689463554,23.114433598321437,0
2025-07-31 00:00:00,edge-5,69.43601936777094,58.789536433006404,89.13132943845685,18.623816684861627,0
2025-07-31 01:00:00,edge-5,46.472874973093035,84.10219300539315,86.94604211459003,27.33853626565126,0
2025-07-31 02:00:00,edge-5,40.00513675287076,58.018630235630155,103.4842634624469,18.947052505390985,0
2025-07-31 03:00:00,edge-5,33.534852431313034,39.94960426513672,97.72466283572096,27.073100800978363,0
2025-07-31 04:00:00,edge-5,49.49276768676372,91.18635431375986,142.77394117629743,13.09932896959516,0
2025-07-31 05:00:00,edge-5,38.10240389055742,1.1071840325252822,122.92018777972447,11.306901640813207,0
2025-07-31 06:00:00,edge-5,71.06732511579446,60.76931117825715,97.15874898249349,24.145938102030076,0
2025-07-31 07:00:00,edge-5,36.931811873600324,64.3521498299308,86.66950579261866,17.677872022384374,0
2025-07-31 08:00:00,edge-5,39.64964945797713,59.79424923661789,98.09767560358075,18.68224568978164,0
2025-07-31 09:00:00,edge-5,58.71624663535573,70.0018376078036,98.80555828365429,14.939030153490018,0
2025-07-31 10:00:00,edge-5,67.78687928013144,62.21380435761396,200.75025163540744,14.572493087793235,0
2025-07-31 11:00:00,edge-5,60.96568059738652,69.9931993992199,41.698911489952344,23.178335529384462,0
2025-07-31 12:00:00,edge-5,65.88027014670581,47.95561408453988,62.948998276067115,19.90576352597054,0
2025-07-31 13:00:00,edge-5,48.79675850094261,30.818951912187025,57.082962612200234,14.698994253006642,0
2025-07-31 14:00:00,edge-5,49.00812292304496,59.07293429661274,110.77086735307721,23.952719397408696,0
2025-07-31 15:00:00,edge-5,80.17636800887897,39.46950647982465,109.1869338652881,25.87456736199598,0
2025-07-31 16:00:00,edge-5,75.35403070811557,45.42950316558172,77.07712826024056,19.45583941463405,0
2025-07-31 17:00:00,edge-5,60.713035421589396,83.22962482040316,135.84470668483772,25.015999590039762,0
2025-07-31 18:00:00,edge-5,66.59909806510481,91.15995591029521,114.78627457785002,14.990975544940113,0
2025-07-31 19:00:00,edge-5,62.87798981514497,82.85412214460787,137.52401258687618,22.88604449883836,0
2025-07-31 20:00:00,edge-5,31.910383158041093,79.14763141412641,148.13817411643666,20.808751056013744,0
2025-07-31 21:00:00,edge-5,49.4052183505697,61.1990229838901,14.758204562375127,16.042194541774503,0
2025-07-31 22:00:00,edge-5,72.45161433522068,80.30887947748195,127.42466696085053,30.265292906601335,0
2025-07-31 23:00:00,edge-5,60.805087674929126,67.1123790247658,48.39758110412368,21.163874958782948,0
2025-08-01 00:00:00,edge-5,49.04615509148555,98.94980896249078,109.97650498538525,17.045898863487878,0
2025-08-01 01:00:00,edge-5,72.63136700346226,41.63797664136163,97.08415979490411,20.098120246715286,1
2025-08-01 02:00:00,edge-5,55.539528618930845,73.45216738387793,98.7914499448782,15.651528068357312,0
2025-08-01 03:00:00,edge-5,61.33369457435967,34.71414754701443,51.81514665271055,14.215608024321229,0
2025-08-01 04:00:00,edge-5,55.617971686580304,73.56697520265551,141.21946145547065,17.752901972186375,0
2025-08-01 05:00:00,edge-5,58.11743397317757,25.617883004058484,48.38020090556633,18.091437848562236,0
2025-08-01 06:00:00,edge-5,59.190037503521935,35.72914326983621,130.02134445490387,15.979130948967157,0
2025-08-01 07:00:00,edge-5,69.49511115399679,34.3475236654689,42.72438445315118,26.25556650909501,0
2025-08-01 08:00:00,edge-5,71.44934783067701,65.04264002115605,99.28575801970455,16.17111714074616,0
2025-08-01 09:00:00,edge-5,43.23363321476548,67.09050314472552,172.1756508628864,15.338854793275598,0
2025-08-01 10:00:00,edge-5,55.332666289226424,100.0,194.4652219322436,14.071398802939504,0
2025-08-01 11:00:00,edge-5,69.06513377821047,58.17418971084898,35.25124568122871,13.590084716253115,0
2025-08-01 12:00:00,edge-5,48.02660896980713,75.45079410950896,71.81847055266701,25.13725842269083,0
2025-08-01 13:00:00,edge-5,30.366557506825718,63.21740120333355,79.09354775024129,21.290835842468002,0
2025-08-01 14:00:00,edge-5,36.37027710802881,73.77796119931294,190.20214334083738,23.451637722721614,0
2025-08-01 15:00:00,edge-5,37.40631441771115,62.87326964880936,97.26693471261815,25.092025405641472,0
2025-08-01 16:00:00,edge-5,43.127314944773055,81.99233744483689,142.9865634489655,18.333501199497274,0
2025-08-01 17:00:00,edge-5,38.806575365282356,38.946529688215605,111.98828536663285,27.361198809377015,0
2025-08-01 18:00:00,edge-5,65.43659124833053,11.050534552645686,52.03149987999518,16.86554910870046,0
2025-08-01 19:00:00,edge-5,45.847638745394256,68.34806244158003,25.607915877934005,14.521369871009743,0
2025-08-01 20:00:00,edge-5,68.91652568977148,23.898453294813528,75.47633001921194,21.868083300259492,0
2025-08-01 21:00:00,edge-5,33.04559977140545,86.23476659597239,192.67492887080354,20.722739389742486,0
2025-08-01 22:00:00,edge-5,44.70015833617319,49.037618978065524,110.30453040197322,20.71479877767852,0
2025-08-01 23:00:00,edge-5,51.564160308073106,39.23526394487364,142.1749583894294,25.07660670842923,0
2025-08-02 00:00:00,edge-5,62.15992400443392,100.0,43.270297532275265,20.531054822511265,0
2025-08-02 01:00:00,edge-5,67.1544014780917,59.630999707642445,86.9911233768235,21.56525904507175,0
2025-08-02 02:00:00,edge-5,41.92524062133051,55.79788279428233,131.15375694533017,26.798012892623568,0
2025-08-02 03:00:00,edge-5,64.90127762612914,74.9595078862006,56.353321660520066,21.33340487694828,0
2025-08-02 04:00:00,edge-5,24.771607640051847,76.30928245388421,97.44130434668693,22.47129517129676,0
2025-08-02 05:00:00,edge-5,63.06996776016424,82.78253370784519,64.8093553228793,12.911428248598046,0
2025-08-02 06:00:00,edge-5,29.88402451293754,33.340529999146575,133.05737535682283,38.5957574033535,0
2025-08-02 07:00:00,edge-5,56.69965910769142,70.72213563473466,115.94066183175597,12.045788492349438,0
2025-08-02 08:00:00,edge-5,66.93779792368436,54.13627911184961,127.3354167493787,17.30335324192764,0
2025-08-02 09:00:00,edge-5,63.308455091131,41.579430448908795,134.84300143202412,17.152163585988667,0
2025-08-02 10:00:00,edge-5,25.41233134176281,60.96225696004239,90.89300787177734,30.54007759449575,0
2025-08-02 11:00:00,edge-5,43.29151381975804,23.775155924163705,140.12926887669045,16.99700313361473,0
2025-08-02 12:00:00,edge-5,60.75399681854113,78.45861974058468,76.40607399235752,22.209397189412492,0
2025-08-02 13:00:00,edge-5,60.324423711985474,54.18648142922869,125.02880405743873,17.186171042443284,0
2025-08-02 14:00:00,edge-5,54.138967881178225,50.44998087993948,21.161868796154593,14.799514696150839,0
2025-08-02 15:00:00,edge-5,16.97589121646162,57.246426712798346,70.14575242843155,22.851776764928033,0
2025-08-02 16:00:00,edge-5,67.97073291580907,56.64966484112622,192.63212814326508,16.405168234391112,0
2025-08-02 17:00:00,edge-5,70.64390584742132,82.81363662606583,124.43951746921951,21.03794951396218,0
2025-08-02 18:00:00,edge-5,52.45609776191501,38.085735544054415,124.45387546118545,23.13346260984655,0
2025-08-02 19:00:00,edge-5,53.42866905126986,52.3558761763126,67.04416274269236,29.533774488790453,0
2025-08-02 20:00:00,edge-5,57.54590570478938,55.66886660024655,56.231581760666,13.689125192149643,0
2025-08-02 21:00:00,edge-5,71.9066420513712,38.696819525701784,89.42559343043614,19.23592401736606,0
2025-08-02 22:00:00,edge-5,53.75831275454889,63.18626893270542,97.31486061489238,19.442653012145055,0
2025-08-02 23:00:00,edge-5,47.13238032031482,45.522534110881224,176.57868748454166,20.0046404718763,0
2025-08-03 00:00:00,edge-5,55.722801702243196,31.91435991298495,140.7575768777135,32.8440066145795,0
2025-08-03 01:00:00,edge-5,49.833351830346324,70.52454813133876,104.35711485054605,19.133337181930703,0
2025-08-03 02:00:00,edge-5,50.00374213543981,90.945501593284,102.62851215746376,7.397052012276253,0
2025-08-03 03:00:00,edge-5,23.512109433751895,60.96841514681553,130.32563043023208,19.007845690381142,0
2025-08-03 04:00:00,edge-5,57.842473940231784,57.93428999153487,47.248165379664854,19.408113935984215,0
2025-08-03 05:00:00,edge-5,67.57182573158904,57.51048878589122,23.146003594647794,18.7947918520325,0
2025-08-03 06:00:00,edge-5,65.30559145654051,49.680982478838615,129.73552323548572,16.406779010752,0
2025-08-03 07:00:00,edge-5,64.26487203948216,83.40194842571759,102.880506554205,13.393491819263161,0
2025-08-03 08:00:00,edge-5,49.204965331527134,61.8809951669754,47.51534421009333,30.797455198352555,0
2025-08-03 09:00:00,edge-5,52.18514289764004,16.427185553623374,16.204766086801996,21.59146735968946,0
2025-08-03 10:00:00,edge-5,67.8710404577236,83.9790790923988,135.75467187357742,19.038798621170805,0
2025-08-03 11:00:00,edge-5,63.01031439742668,79.0766983207169,79.13779345858858,30.638129833004054,0
2025-08-03 12:00:00,edge-5,72.29534379908347,72.03201981290883,116.01042734029784,15.656711575833027,0
2025-08-03 13:00:00,edge-5,39.90925331628347,4.891861798459949,89.44959894905716,23.01204205095839,0
2025-08-03 14:00:00,edge-5,39.815660588732825,59.94103354625591,98.63044107570798,13.754693074558109,0
2025-08-03 15:00:00,edge-5,45.01147512693223,77.86855964407607,76.30997104869536,23.753792315130035,0
2025-08-03 16:00:00,edge-5,35.85451017290396,67.58998783229673,96.93959902517288,14.327523536911535,0
2025-08-03 17:00:00,edge-5,30.1781733792308,64.10302701817604,123.08292945570162,22.352315280467444,1
2025-08-03 18:00:00,edge-5,57.02955839091479,77.91025368110762,88.97085919551104,29.76617889450824,0
2025-08-03 19:00:00,edge-5,56.008255916908695,62.786165890544915,86.68705756911969,20.467247971933045,0
2025-08-03 20:00:00,edge-5,53.69338838352177,84.07248769536253,124.30151565906635,9.037092678306557,0
2025-08-03 21:00:00,edge-5,55.3061786447575,63.23513563230883,126.96719595189509,20.178857403273284,0
2025-08-03 22:00:00,edge-5,28.044324568312405,61.64368152701532,54.500391444879256,22.402260098899564,0
2025-08-03 23:00:00,edge-5,42.79921272242694,77.84827377164025,98.84364632595722,24.50491990396286,0
2025-08-04 00:00:00,edge-5,45.59797334170198,52.0282613740621,79.04948760666221,27.367957467415273,0
2025-08-04 01:00:00,edge-5,50.72759064506637,38.05515695770479,100.5487190383202,27.622853214542825,0
2025-08-04 02:00:00,edge-5,28.103554730945003,60.076027290116365,157.358675528118,19.345300809866316,0
2025-08-04 03:00:00,edge-5,36.083132235139004,71.80749049115722,114.3586922805231,16.702807261155424,0
2025-08-04 04:00:00,edge-5,43.45282321871097,78.50725065762774,186.56979635825684,14.407447296769881,0
2025-08-04 05:00:00,edge-5,65.87428102651127,78.617990433348,108.7837811894049,17.300251269940013,0
2025-08-04 06:00:00,edge-5,53.928054327359014,58.627036510781736,93.3416596461109,22.38265257802379,0
2025-08-04 07:00:00,edge-5,65.32349293964734,56.572598891152516,99.21270135758097,13.256760928854156,0
2025-08-04 08:00:00,edge-5,48.163532947164086,48.15768111010715,105.70519398993032,15.365698672857578,0
2025-08-04 09:00:00,edge-5,50.014833400625605,64.99752107960757,112.91405711816994,22.811495440472825,0
2025-08-04 10:00:00,edge-5,57.486138761856964,27.177519874936777,60.32130582402034,16.767564390143438,0
2025-08-04 11:00:00,edge-5,47.34183774482375,60.45518472931478,90.67359234128361,21.849931168035955,0
2025-08-04 12:00:00,edge-5,40.62911774600908,100.0,71.0241555905724,15.928449020973142,0
2025-08-04 13:00:00,edge-5,27.653218650255003,29.9227317522249,141.18488201908002,21.438991515512555,0
2025-08-04 14:00:00,edge-5,41.031242380443786,63.13671215248599,22.97325500733953,16.14061503905119,0
2025-08-04 15:00:00,edge-5,62.54280884948568,67.55671580924587,106.27612072483846,10.490118039406553,0
2025-08-04 16:00:00,edge-5,68.91011214042808,70.1293008566815,39.27320850150156,24.779784358120537,0
2025-08-04 17:00:00,edge-5,38.40264647664003,40.66713939188159,117.28952020903613,16.520527540876824,0
2025-08-04 18:00:00,edge-5,23.993937749025473,70.3117342213854,84.04380383420687,18.7568489645067,0
2025-08-04 19:00:00,edge-5,63.89916310189212,49.309868833741,27.328217349398216,16.54428950845827,0
2025-08-04 20:00:00,edge-5,51.03948001473328,31.448330783508197,137.68922224984007,22.722388851241977,0
2025-08-04 21:00:00,edge-5,29.794297678167826,79.03914616659708,10.0,21.66584455729312,0
2025-08-04 22:00:00,edge-5,3.338158753629642,73.29229618763034,98.74322058397095,22.710467415013444,0
2025-08-04 23:00:00,edge-5,35.548840384336415,40.66875088082526,127.64762038120946,17.252284822157737,0
2025-08-05 00:00:00,edge-5,43.05581199463941,49.12405045716898,155.06926852235677,19.751358253635217,0
2025-08-05 01:00:00,edge-5,32.72523621694773,48.39975163917154,35.59372809654285,22.085161483660347,0
2025-08-05 02:00:00,edge-5,60.37859549637665,27.128307220554646,79.35904583621985,27.726019862661833,0
2025-08-05 03:00:00,edge-5,37.8114826130712,75.24859475293235,143.34612110564174,21.53265635869433,0
2025-08-05 04:00:00,edge-5,50.18602917228268,75.99836816557074,146.04962811836816,14.983251724033344,0
2025-08-05 05:00:00,edge-5,85.60233933129467,53.3478087005935,151.229740834047,21.339469502897632,0
2025-08-05 06:00:00,edge-5,51.7619194917855,59.43748876805612,202.4632545670903,19.17501116987538,0
2025-08-05 07:00:00,edge-5,48.26722429188521,62.29395942446319,79.65228477077801,10.006330193932497,0
2025-08-05 08:00:00,edge-5,48.606084201297946,64.88783717214882,114.89527640415547,10.774215949753778,0
2025-08-05 09:00:00,edge-5,60.035217092569766,33.049416011261805,86.16541998929304,19.66755191238512,0
2025-08-05 10:00:00,edge-5,58.17627563381252,69.76889198446804,20.995449799765865,20.08899466384819,0
2025-08-05 11:00:00,edge-5,34.946682831992874,36.489854779032,96.39988346589597,18.526251298830452,0
2025-08-05 12:00:00,edge-5,43.832706098972466,73.62750426895795,20.22542045443248,24.420908931217838,0
2025-08-05 13:00:00,edge-5,39.99006582060446,38.70239659396371,79.16685902578497,15.324271154144787,0
2025-08-05 14:00:00,edge-5,45.760352907115404,33.99782502669399,41.273675278949554,13.069024386340537,0
2025-08-05 15:00:00,edge-5,77.3993150210506,59.43922880404439,117.55428539032724,15.871538521389885,0
2025-08-05 16:00:00,edge-5,59.26171281793873,58.98989551565609,68.85894857822599,16.9511196876688,0
2025-08-05 17:00:00,edge-5,48.80356087732428,62.07493285306469,28.591678645721515,19.709233775736333,0
2025-08-05 18:00:00,edge-5,68.66798270996702,42.14528535003042,134.6263465279744,16.0117993860011,0
2025-08-05 19:00:00,edge-5,52.827069071267005,64.05635438455913,75.84993912949253,9.29136839114844,0
2025-08-05 20:00:00,edge-5,25.429244539616157,65.9398336058084,82.71591550265354,7.153473098664339,0
2025-08-05 21:00:00,edge-5,74.95947047166456,83.31426610915234,60.889709456528436,20.615795793745196,0
2025-08-05 22:00:00,edge-5,47.65401590600072,63.70065443673828,145.96304747931123,14.35489231639477,0
2025-08-05 23:00:00,edge-5,16.159598840740102,48.01215691020766,110.82076002010716,9.973226693139877,0
2025-08-06 00:00:00,edge-5,26.00560681493676,33.058755882381796,75.47646142052591,23.124706503395267,0
2025-08-06 01:00:00,edge-5,66.91528131873702,29.394781789842096,23.438577925945026,27.72590517574276,0
2025-08-06 02:00:00,edge-5,26.249006631138613,66.45956261873609,200.42536809188502,19.52770730615205,0
2025-08-06 03:00:00,edge-5,70.23836820928047,75.8639774103805,179.17469666353287,21.342200657091823,0
2025-08-06 04:00:00,edge-5,51.215713832910524,42.19559110907675,157.72408058011246,21.38457948541754,0
2025-08-06 05:00:00,edge-5,60.70841232497207,65.1052719613628,71.87313225864703,8.434249280017552,0
2025-08-06 06:00:00,edge-5,46.14790376588621,56.515626389362176,79.96211167002885,24.443263035974603,0
2025-08-06 07:00:00,edge-5,57.85047283883444,74.3653507112423,116.02661596630026,26.19940884221944,0
2025-08-06 08:00:00,edge-5,54.7485080416492,77.32153823533766,64.24585469210149,29.183995897966792,0
2025-08-06 09:00:00,edge-5,49.42204784298949,14.675747133995714,60.42403137958411,17.811900946522346,0
2025-08-06 10:00:00,edge-5,34.018419016525264,80.64269396326404,158.34234246496763,14.324397429588366,0
2025-08-06 11:00:00,edge-5,55.37792563564366,65.04393926243779,97.79438558903162,26.79278760030854,0
2025-08-06 12:00:00,edge-5,22.744638536769596,49.372880387188715,55.20524051445945,22.494551962636262,0
2025-08-06 13:00:00,edge-5,63.97251982543525,49.93074325243116,138.1066934748388,24.373318537298037,0
2025-08-06 14:00:00,edge-5,52.95492557069866,60.6349480835097,77.04406724045944,16.76461820784437,0
2025-08-06 15:00:00,edge-5,56.96294762129129,49.92502421534883,20.82581782387207,21.357812083629042,0
2025-08-06 16:00:00,edge-5,10.746401399072582,41.2599273056382,54.607500064538655,14.73300040291086,0
2025-08-06 17:00:00,edge-5,33.11399443679115,45.844046938072914,79.34026278604743,19.97380089646739,0
2025-08-06 18:00:00,edge-5,42.41350710471004,39.196760993606354,108.7983757186208,18.260561614381203,0
2025-08-06 19:00:00,edge-5,60.10517356145886,86.93136893119764,106.86950474419076,31.717769717313452,0
2025-08-06 20:00:00,edge-5,35.85783594695276,61.118096305409004,149.11080833834995,22.743148551114217,0
2025-08-06 21:00:00,edge-5,88.22005631451049,100.0,90.5186847250443,9.239968410711437,0
2025-08-06 22:00:00,edge-5,46.05031060973405,67.42152740716693,81.37387709556042,19.9922228719069,0
2025-08-06 23:00:00,edge-5,34.760067425510236,71.77816508215888,149.80186561930654,21.840854937799186,0
2025-08-07 00:00:00,edge-5,47.19725193611669,38.7678946608474,139.1480153361061,17.630198489463375,0
2025-08-07 01:00:00,edge-5,35.73578809890119,55.63582127462162,91.46169487441148,14.48620408282883,0
2025-08-07 02:00:00,edge-5,32.23487771160714,61.45382614501712,111.68118323924585,23.302580381795345,0
2025-08-07 03:00:00,edge-5,65.16469441046608,47.255027217690696,80.9871102105477,15.19306294871932,0
2025-08-07 04:00:00,edge-5,57.69860917026069,50.70397946907703,53.51352551899162,22.87721859388539,0
2025-08-07 05:00:00,edge-5,57.7421664230678,68.40295664758368,187.88944543606488,14.770614361250134,0
2025-08-07 06:00:00,edge-5,69.15129634375609,68.79519596517785,78.32446386450385,17.330493448738412,0
2025-08-07 07:00:00,edge-5,57.30007983481529,33.26109448895555,111.79970854504097,24.78075040362089,0
2025-08-07 08:00:00,edge-5,33.98889394855291,65.67481802886496,39.386102040974144,22.445870571578368,0
2025-08-07 09:00:00,edge-5,60.62965375940038,71.06030364891247,129.45806458318887,20.15710580148181,0
2025-08-07 10:00:00,edge-5,33.100719149914006,48.19446319716417,51.76568967908228,19.850480749195153,0
2025-08-07 11:00:00,edge-5,42.82941976543648,46.16172398583585,167.1183432581859,20.452765865398735,0
2025-08-07 12:00:00,edge-5,49.31422827982082,68.82938280128602,171.8964024154489,16.042291475694014,0
2025-08-07 13:00:00,edge-5,47.79229689741344,8.538252904283112,122.62556223239778,12.416513694525936,0
2025-08-07 14:00:00,edge-5,23.132252739240066,60.04168941014184,104.59526181629255,22.845864966164136,0
2025-08-07 15:00:00,edge-5,35.48593180495404,92.68855809224603,92.50339519313926,27.65050021951693,0
2025-08-07 16:00:00,edge-5,49.66237020780413,8.072813722755768,98.09823976762803,23.021164644301624,0
2025-08-07 17:00:00,edge-5,40.83969934345095,76.45749733344317,116.36940497892134,21.270862077978883,0
2025-08-07 18:00:00,edge-5,66.89386772564019,70.88844895536577,103.58980284597678,13.957379614600502,0
2025-08-07 19:00:00,edge-5,69.46228649669251,31.237983415833316,139.26819269258417,24.385871354465973,0
2025-08-07 20:00:00,edge-5,33.19421025793959,70.40977715246326,63.26807497047004,22.40697193726694,0
2025-08-07 21:00:00,edge-5,50.896321206200156,80.02839792195195,161.12329604306908,23.800732504164134,0
2025-08-07 22:00:00,edge-5,73.7407622675233,36.467656016101486,83.09364955564439,25.169455053256016,0
2025-08-07 23:00:00,edge-5,47.98673142175494,45.85551322599879,70.16484121146453,27.930034835218276,0
2025-08-08 00:00:00,edge-5,43.89530787020422,60.52214221282024,114.50443613726485,14.42639074677027,0
2025-08-08 01:00:00,edge-5,62.90331440420326,79.55340292997542,117.06209987038937,13.5551153305555,0
2025-08-08 02:00:00,edge-5,45.886973026715296,49.17763195910093,30.53319626361261,20.740770252859562,0
2025-08-08 03:00:00,edge-5,69.06305274739312,59.158185339215024,80.75560852307655,15.38740915557893,1
2025-08-08 04:00:00,edge-5,41.07880207396185,46.70212444459402,13.118001031300679,14.521479097763104,0
2025-08-08 05:00:00,edge-5,42.881180987870145,60.491152570868174,72.97171652497826,26.10047875538875,0
2025-08-08 06:00:00,edge-5,61.8523470064355,80.93356428955342,74.69426909582859,14.9546870244546,0
2025-08-08 07:00:00,edge-5,51.508155852229685,62.11793674738821,111.8984394022605,19.9446643339901,0
2025-08-08 08:00:00,edge-5,51.62609085679346,52.85081610819158,68.48816975077051,11.842871352510192,0
2025-08-08 09:00:00,edge-5,21.360027836187616,59.34486606462933,77.95808979089628,20.31519531254063,0
2025-08-08 10:00:00,edge-5,44.69880008665283,43.98748882384141,152.15550840773935,25.914087781314763,0
2025-08-08 11:00:00,edge-5,62.96056184235076,40.112158584082955,182.5676851715778,26.065466328228204,0
2025-08-08 12:00:00,edge-5,38.244350267989674,84.06836058668408,63.1638228725878,25.224960956932904,0
2025-08-08 13:00:00,edge-5,60.510020984597105,92.75419217988119,140.7702695036676,19.608140155342124,0
2025-08-08 14:00:00,edge-5,54.01984732973645,24.169772393764063,115.51229171106351,25.557522594538664,0
2025-08-08 15:00:00,edge-5,47.00427338728157,71.64258989064137,30.448450686693505,22.15040623617321,0
2025-08-08 16:00:00,edge-5,70.36631994403507,77.17866942981368,68.35318972673649,17.805268499923532,0
2025-08-08 17:00:00,edge-5,44.90233961380136,35.76629736102013,10.0,21.908507597639385,0
2025-08-08 18:00:00,edge-5,45.94779448185169,50.56489711116191,112.94265138356134,24.428367569278286,0
2025-08-08 19:00:00,edge-5,46.83295423475867,48.4590748322225,56.92836008702383,13.361410544123009,0
2025-08-08 20:00:00,edge-5,51.20787361997648,98.01893520830632,105.35707748375881,14.697913991858854,0
2025-08-08 21:00:00,edge-5,61.50436353072164,93.04900432765271,202.83807686874263,19.28193709101105,0
2025-08-08 22:00:00,edge-5,27.911672085409414,41.57646374061214,163.72552024989955,13.891209375828613,0
2025-08-08 23:00:00,edge-5,63.02067902406938,30.81503777911923,69.31974715412636,13.819852902192347,0
2025-08-09 00:00:00,edge-5,51.02147101555744,75.45953923531877,59.64871125012336,17.89706464136063,0
2025-08-09 01:00:00,edge-5,58.31051869702003,70.87895040261358,151.71926156445244,24.959945147706705,0
2025-08-09 02:00:00,edge-5,85.87775624889287,84.87987002385265,59.80794143540461,24.865754905703344,0
2025-08-09 03:00:00,edge-5,42.325093982687676,38.81850856306874,139.6449106815635,21.605400869772854,0
2025-08-09 04:00:00,edge-5,31.629941431167403,74.4708204096458,209.43462018366114,20.90140494834812,0
2025-08-09 05:00:00,edge-5,52.906985427376696,45.364815573899676,127.01672911205313,30.437392142078906,0
2025-08-09 06:00:00,edge-5,55.28250254582716,72.4632699401339,147.36054873131428,17.30324513767653,0
2025-08-09 07:00:00,edge-5,63.07413994088388,59.25761332654193,142.7211996062827,21.20537067491549,0
2025-08-09 08:00:00,edge-5,41.92434884026662,98.0123600593775,77.71606691023693,17.055060220631244,0
2025-08-09 09:00:00,edge-5,37.54839693421143,68.94787391000115,111.60762239498845,13.562893318360516,0
2025-08-09 10:00:00,edge-5,27.005437203165737,53.72011373195034,61.74257397885607,25.92440532396738,0
2025-08-09 11:00:00,edge-5,29.487597066831306,62.75866814721983,151.5971256304907,18.47397283608766,0
2025-08-09 12:00:00,edge-5,43.76056668052677,57.989630862171694,56.594921750326975,23.474109848599674,0
2025-08-09 13:00:00,edge-5,48.251225961213244,36.911273253293196,128.0395397312619,18.769355050889036,0
2025-08-09 14:00:00,edge-5,80.97701249595262,98.49784308647955,145.26872067430185,26.23318582265847,0
2025-08-09 15:00:00,edge-5,24.61125026422736,91.97439445207854,80.3343049436596,15.013816659892626,0
2025-08-09 16:00:00,edge-5,55.031019907745524,56.473930719192,71.16017717364649,25.81956356418946,0
2025-08-09 17:00:00,edge-5,39.11096220045625,73.99761463896313,93.21228225234294,24.471026848287224,0
2025-08-09 18:00:00,edge-5,53.343000854432916,100.0,64.30273647103678,11.02681242572535,0
2025-08-09 19:00:00,edge-5,41.70146190235138,84.73792638769461,106.25590378114636,17.415710371465515,0
2025-08-09 20:00:00,edge-5,65.53076880568611,53.852171845055715,63.32119430253635,25.104143212052875,0
2025-08-09 21:00:00,edge-5,65.43785591458376,58.240855606030834,66.21776117335553,28.186638122603128,0
2025-08-09 22:00:00,edge-5,48.30348445715363,25.649311055188292,121.87611590633429,23.577481593199987,0
2025-08-09 23:00:00,edge-5,71.58667920780445,75.49543686423102,124.70232678145607,18.017209559707837,0
2025-08-10 00:00:00,edge-5,61.40163005577891,84.85690468145206,88.25942689370538,15.158302766994144,0
2025-08-10 01:00:00,edge-5,70.88838445307968,84.99412332380086,34.14304927534168,22.83327239649002,0
2025-08-10 02:00:00,edge-5,49.3529418051805,74.0208053639075,146.83442493735947,17.869894792792376,0
2025-08-10 03:00:00,edge-5,64.27698122277123,67.04693226321186,82.06394535669591,18.082194217059598,0
2025-08-10 04:00:00,edge-5,38.476053695210254,40.04375498674405,182.49260074983835,18.87921523757693,0
2025-08-10 05:00:00,edge-5,36.9551144833717,66.39419084845697,94.70412512835091,24.40878560181692,0
2025-08-10 06:00:00,edge-5,82.69738460246863,47.36676015665765,105.43109549581894,29.03222538545605,0
2025-08-10 07:00:00,edge-5,33.71192167424649,70.50358854974417,82.72994277381886,25.134396665884076,0
2025-08-10 08:00:00,edge-5,43.45841550964409,44.722676142874924,109.7363667633663,20.047757130267996,0
2025-08-10 09:00:00,edge-5,21.52989756626787,70.37632057919834,239.06269420212428,15.504029456120923,0
2025-08-10 10:00:00,edge-5,37.31205317822686,86.46246826503622,86.04124035455628,23.33805306816243,0
2025-08-10 11:00:00,edge-5,35.08646653791402,67.54303314805766,151.05314071974766,28.32721424273015,0
2025-08-10 12:00:00,edge-5,39.945639409569935,66.56917480651288,103.62534870362197,25.017691598947433,0
2025-08-10 13:00:00,edge-5,54.49825669090418,78.26053793658465,146.9517324581076,21.03865526275068,0
2025-08-10 14:00:00,edge-5,58.115530734018975,95.40669307647835,22.724526319403253,17.55493207208212,0
2025-08-10 15:00:00,edge-5,34.89785712101297,57.85431791512532,177.795522914198,21.725861469339755,0
2025-08-10 16:00:00,edge-5,38.15500179056381,70.42044017432406,113.6410178475725,25.772882994538335,0
2025-08-10 17:00:00,edge-5,66.25265344158159,90.22465158037203,89.28979047469176,21.16154452860374,0
2025-08-10 18:00:00,edge-5,75.57939603164738,73.38577712798724,136.13239594778253,19.482836120259016,0
2025-08-10 19:00:00,edge-5,68.83875287870566,19.952454376624416,105.75640411052396,16.56377679982316,0
2025-08-10 20:00:00,edge-5,25.30503320878757,45.68762907867173,54.084947622163355,32.9471330330194,0
2025-08-10 21:00:00,edge-5,67.84110713585024,75.02084200900873,10.0,15.545343088128892,0
2025-08-10 22:00:00,edge-5,77.80533284771505,51.996546887369675,173.04234894296016,15.083213138696044,1
2025-08-10 23:00:00,edge-5,24.560760688870232,88.80709352716306,91.08601502090836,20.820487159042138,0
2025-08-11 00:00:00,edge-5,66.24050835255655,97.15848027281066,75.48282818525695,18.99036178162588,0
2025-08-11 01:00:00,edge-5,53.37824922604319,48.19509667832286,78.59133386670248,25.116479802247575,0
2025-08-11 02:00:00,edge-5,45.09293435603256,39.34994659166543,158.57878155035647,25.28556056105719,0
2025-08-11 03:00:00,edge-5,51.59274271623793,52.77635301307896,80.3955421340467,13.928518651449707,0
2025-08-11 04:00:00,edge-5,56.648908544058784,51.62165496263774,125.77462433370397,16.22217969994878,0
2025-08-11 05:00:00,edge-5,67.36377578500765,90.72176575756751,86.61479535861689,15.622941103255025,0
2025-08-11 06:00:00,edge-5,66.59021794181879,39.29331163438266,49.807627314276665,23.92263672691748,0
2025-08-11 07:00:00,edge-5,27.396090216452354,74.848604105497,136.05139599170639,22.141698399125207,0
2025-08-11 08:00:00,edge-5,40.26991621737977,87.75675880694376,144.1201819799084,18.14253902247563,0
2025-08-11 09:00:00,edge-5,51.40348281362324,76.38440859899009,72.82725142227757,21.081997162462343,0
2025-08-11 10:00:00,edge-5,73.58328105386704,68.72910542097229,98.48971734080949,14.36869355127486,0
2025-08-11 11:00:00,edge-5,9.087627171078935,56.7557762457351,103.88035147944639,16.287236099630423,0
2025-08-11 12:00:00,edge-5,40.83746890664305,96.97953263723232,117.8049910258012,13.499897673654017,0
2025-08-11 13:00:00,edge-5,27.081639896193415,55.09488683257273,178.85162289362137,20.727448234167763,0
2025-08-11 14:00:00,edge-5,29.459336628546538,78.96568634945042,87.04518819061362,20.708471712979584,0
2025-08-11 15:00:00,edge-5,64.78602643164129,56.82529597879906,86.79822838779137,15.078162501330478,0
2025-08-11 16:00:00,edge-5,42.021716105855674,23.16593833862082,92.98739580942153,22.106045578950372,0
2025-08-11 17:00:00,edge-5,14.994530379673009,54.607145783536225,62.31141187176889,25.28557649475699,0
2025-08-11 18:00:00,edge-5,47.623414246508375,56.87432340715548,31.113533173866045,14.847582812712776,0
2025-08-11 19:00:00,edge-5,80.5378923269104,57.13209700847559,105.35052415090789,18.36839633501316,0
2025-08-11 20:00:00,edge-5,22.89963204764296,46.793798359684175,121.09107381663055,22.56810587937232,0
2025-08-11 21:00:00,edge-5,57.99406063207205,72.51540703760618,100.0980983107359,19.96815758306478,0
2025-08-11 22:00:00,edge-5,73.51555717720626,74.74178964686095,97.49174279265034,13.139812101284734,0
2025-08-11 23:00:00,edge-5,49.25865980483945,53.88362180970011,64.05080057102685,17.796056543352336,0
2025-08-12 00:00:00,edge-5,78.92000479598181,53.715689634017224,110.09609767641331,17.630102996916087,0
2025-08-12 01:00:00,edge-5,40.10283771557778,38.986234747582245,106.79436751672964,19.1479118465703,0
2025-08-12 02:00:00,edge-5,71.68910057419599,65.08724669073824,118.99567355014315,19.360827270471514,0
2025-08-12 03:00:00,edge-5,68.14905832303668,87.55838790395632,112.9470399303713,27.83003346919765,0
2025-08-12 04:00:00,edge-5,49.51200981866174,87.57234264499711,115.7526531975088,18.95747791659535,0
2025-08-12 05:00:00,edge-5,27.691937668812738,48.01701756536655,152.75125300640633,11.409588298662287,0
2025-08-12 06:00:00,edge-5,34.97405112609697,99.82383534054199,122.8878814289376,20.455655883631085,0
2025-08-12 07:00:00,edge-5,14.83719368424223,52.75657198218862,119.22438967758873,28.738755422926538,0
2025-08-12 08:00:00,edge-5,58.91224889769527,39.68120603060614,30.299544004416802,19.164420983248352,0
2025-08-12 09:00:00,edge-5,57.114507637630766,32.76307378764028,142.1398750624599,17.809565129726955,0
2025-08-12 10:00:00,edge-5,51.18826177930579,38.47464453631296,88.08579618309345,18.474380485593656,0
2025-08-12 11:00:00,edge-5,48.159292301583015,66.67499632911354,103.1684424205637,22.9207245182412,0
2025-08-12 12:00:00,edge-5,70.36387620179806,54.85071750464694,49.083938766443495,18.4531235949662,0
2025-08-12 13:00:00,edge-5,54.466972519144015,47.3598425413748,183.59494100995266,12.421951374037121,0
2025-08-12 14:00:00,edge-5,41.68032264193158,43.05209879361172,10.0,16.641115307829057,0
2025-08-12 15:00:00,edge-5,52.20842388070182,38.277650864918556,159.5244980211509,19.676544625677344,0
2025-08-12 16:00:00,edge-5,80.71257665147967,42.20262390747281,117.00642266313329,22.678122892043493,0
2025-08-12 17:00:00,edge-5,59.33250334762397,80.30787343706282,23.788248330795085,17.086526950396987,0
2025-08-12 18:00:00,edge-5,44.151226784512204,96.06673030946416,181.45589510989618,18.518930380769618,0
2025-08-12 19:00:00,edge-5,49.33291334794017,97.30320539638782,120.5506194612436,20.224628239196075,0
2025-08-12 20:00:00,edge-5,56.95068101188526,73.74173856388737,10.0,16.112883538501436,0
2025-08-12 21:00:00,edge-5,43.68370945655721,50.15447933618699,83.10173422340674,19.541266278120336,0
2025-08-12 22:00:00,edge-5,42.35683197816441,46.64373026102409,121.38059028806708,22.336058916544903,0
2025-08-12 23:00:00,edge-5,49.83017044294925,75.12279654370207,168.5295139138787,14.067517300327857,0
2025-08-13 00:00:00,edge-5,72.78635172772924,55.072835954845736,83.63007408403149,21.532277854909093,0
2025-08-13 01:00:00,edge-5,61.864647697458,68.23833091869304,10.0,14.548464301456583,0
2025-08-13 02:00:00,edge-5,43.85706707808638,98.60875971402298,158.36082472714267,14.648545624151978,0
2025-08-13 03:00:00,edge-5,63.03519390922021,64.3365715711116,119.92808634798291,16.686020087604284,0
2025-08-13 04:00:00,edge-5,50.12860117760531,100.0,10.697842933209358,26.827091703688346,0
2025-08-13 05:00:00,edge-5,55.16882521484186,37.46250366690687,113.70784578669895,11.424103531075819,0
2025-08-13 06:00:00,edge-5,53.804357321785105,68.94844814071534,117.94265900807123,17.680259893097386,0
2025-08-13 07:00:00,edge-5,18.3461453679349,66.27473041120089,87.01134746388851,19.867746850428848,0
2025-08-13 08:00:00,edge-5,4.288460078833523,40.31837457357988,66.90868959195961,25.835886507722414,0
2025-08-13 09:00:00,edge-5,53.399321312126375,76.03311091134384,75.61074694679301,29.73971028946491,0
2025-08-13 10:00:00,edge-5,37.20708098244523,90.61619989035728,86.98584812038962,17.889874732083637,0
2025-08-13 11:00:00,edge-5,25.411061153384427,100.0,114.188816641443,22.69679868613596,0
2025-08-13 12:00:00,edge-5,37.66986016748808,68.22579714440536,131.5343971292226,19.52724484778234,0
2025-08-13 13:00:00,edge-5,63.86963793041892,21.99786355971633,14.086740716519813,19.49514294547757,0
2025-08-13 14:00:00,edge-5,55.36738530235538,69.53979511989138,110.23887275288617,21.366347710762287,0
2025-08-13 15:00:00,edge-5,61.57641804229871,74.839191629875,119.51785921561378,12.07267821381496,0
2025-08-13 16:00:00,edge-5,56.796433365484454,55.29628004780687,106.76565522921298,19.76058092651222,0
2025-08-13 17:00:00,edge-5,36.217520219022845,64.3023855086689,83.80577121409574,22.253791946371102,0
2025-08-13 18:00:00,edge-5,61.64817262911689,50.33147350902215,156.79241560842004,15.701172285786896,0
2025-08-13 19:00:00,edge-5,58.786094979825705,57.32608784219334,153.77610383166976,22.287040618776658,0
2025-08-13 20:00:00,edge-5,48.23775029099481,80.34973970625248,85.35149598914656,11.357725574482448,1
2025-08-13 21:00:00,edge-5,50.8826028286794,87.78047480403274,96.67688044939486,20.467832632990802,0
2025-08-13 22:00:00,edge-5,61.886987850267836,34.58582156131495,130.8736097716912,26.71089467458243,0
2025-08-13 23:00:00,edge-5,38.75826026432566,49.77355231137369,151.30511978997316,18.90704952275081,0
2025-08-14 00:00:00,edge-5,66.31824447473113,28.230910163128637,67.37905960419897,15.10911598287686,0
2025-08-14 01:00:00,edge-5,58.47640946972565,96.76648517636411,58.15203602685705,12.874311745058105,0
2025-08-14 02:00:00,edge-5,50.03386845058398,77.41559038978238,110.96647471024784,21.952621972527083,0
2025-08-14 03:00:00,edge-5,72.96854606841696,19.97993200161639,55.05682746024867,24.640082049571138,0
2025-08-14 04:00:00,edge-5,30.5850264752448,58.70930475081078,22.200100264692054,19.719527939797217,0
2025-08-14 05:00:00,edge-5,43.097228414474046,54.330818556996604,67.18496239313845,17.68154572247488,0
2025-08-14 06:00:00,edge-5,39.7662380159761,44.881221116049815,116.68654468496996,10.345462395972943,0
2025-08-14 07:00:00,edge-5,55.37136569611497,80.72554634072794,162.1444121317798,20.620146808758417,0
2025-08-14 08:00:00,edge-5,67.73619597651268,80.26773684947473,71.64941347413748,16.553666315537594,0
2025-08-14 09:00:00,edge-5,35.254670914596026,65.38903219363394,95.02934221527295,16.84116544871117,0
2025-08-14 10:00:00,edge-5,99.58247100856488,47.166951169604246,106.22180217070952,28.08207968350942,0
2025-08-14 11:00:00,edge-5,40.05865554967315,47.33503941466751,74.05602513059236,10.991956553102655,0
2025-08-14 12:00:00,edge-5,55.410252091124256,60.87853501403801,70.91344557314596,11.661211688205453,0
2025-08-14 13:00:00,edge-5,50.0402945376388,50.85727285200759,113.39939802624622,21.15662864448937,0
2025-08-14 14:00:00,edge-5,50.69234770324517,59.88357091765843,52.102735582665204,18.073445013569287,0
2025-08-14 15:00:00,edge-5,38.11382773369952,71.16162192367254,69.30345032425133,17.405996648222988,0
2025-08-14 16:00:00,edge-5,66.01319711788447,29.329430735327968,91.89648481028803,21.363256244722713,0
2025-08-14 17:00:00,edge-5,37.19118118030292,44.836314316291904,112.89844648305198,21.279545244257264,0
2025-08-14 18:00:00,edge-5,23.46606373901999,59.326140783625405,39.39013688535374,15.131813439288834,0
2025-08-14 19:00:00,edge-5,33.170038516588264,91.30689794447359,94.76732582108646,17.0415082316619,0
2025-08-14 20:00:00,edge-5,71.6797342895363,76.90667100014504,48.36577069518392,20.247789080782777,0
2025-08-14 21:00:00,edge-5,68.75705281714914,59.92831948832246,72.63196810120226,20.835378462581108,0
2025-08-14 22:00:00,edge-5,19.89146475570646,68.04617414229854,131.54506644774017,22.41626844072377,0
2025-08-14 23:00:00,edge-5,62.20594397480866,57.969922645695505,97.04617929656682,17.08418041835851,0
2025-08-15 00:00:00,edge-5,20.271006145901982,81.5444754769866,166.76280308681118,21.735246012121685,0
2025-08-15 01:00:00,edge-5,49.591582227798106,68.67506302789195,97.11209910352208,24.751738702137803,0
2025-08-15 02:00:00,edge-5,31.88372660554997,85.57600488766538,138.72051291089312,20.234296353719788,0
2025-08-15 03:00:00,edge-5,63.36172304257433,32.89322635190441,131.79098833770777,19.48585772825654,0
2025-08-15 04:00:00,edge-5,58.319913549788666,43.87618919817744,99.47118887273862,18.822283271860137,0
2025-08-15 05:00:00,edge-5,64.69368886727305,65.49142673270889,47.373893818190105,16.91306301883696,0
2025-08-15 06:00:00,edge-5,45.571402833678185,69.87022377337695,95.79495125314416,15.310103842915868,0
2025-08-15 07:00:00,edge-5,47.13006590537189,100.0,78.68917268151723,18.5093083953012,0
2025-08-15 08:00:00,edge-5,27.511313165335974,23.84506728630835,77.14324214052924,22.253994610493656,0
2025-08-15 09:00:00,edge-5,34.54273101655209,59.33849495272368,106.23283961255689,15.554226420695311,0
2025-08-15 10:00:00,edge-5,64.22800152274988,58.441560216705284,42.01716251702558,19.6229975136959,0
2025-08-15 11:00:00,edge-5,55.50897445706371,64.75677224840805,65.04623943501407,19.042816937199504,0
2025-08-15 12:00:00,edge-5,51.56502492840848,94.66521242577018,59.51741862776079,28.88902905557397,0
2025-08-15 13:00:00,edge-5,68.93170640247708,77.52551228676936,89.83101708930292,23.613890262308736,0
2025-08-15 14:00:00,edge-5,30.497867217555065,27.919713569352737,69.27354727433944,23.532821491694293,0
2025-08-15 15:00:00,edge-5,60.80221848183135,90.67518894553749,71.9028492534716,24.600224114214555,0
2025-08-15 16:00:00,edge-5,32.312650714580606,90.11726048821666,105.41853656912666,17.27152833153157,0
2025-08-15 17:00:00,edge-5,72.16810805869031,65.26149134397738,82.17260510653807,26.88379351933847,0
2025-08-15 18:00:00,edge-5,58.16711259160354,27.644695042436673,100.19225147527757,20.7958601322154,0
2025-08-15 19:00:00,edge-5,64.46752041047752,56.96762048692727,55.37207538923479,19.776673669765216,0
2025-08-15 20:00:00,edge-5,39.47529854335953,69.37455975820112,66.86310855741019,13.926352836812981,0
2025-08-15 21:00:00,edge-5,82.73147337906828,79.93102026808273,181.63313787637236,17.991930957155436,0
2025-08-15 22:00:00,edge-5,79.9783683660282,24.591044175022134,72.10380996040556,11.170305531992026,0
2025-08-15 23:00:00,edge-5,56.45568530760514,44.61790904664667,15.742863642793054,18.759079651301047,0
2025-08-16 00:00:00,edge-5,67.62892569641525,81.96032822882748,113.68512851326332,17.118495875957258,0
2025-08-16 01:00:00,edge-5,45.47169811913204,90.03530141355105,71.68123978710595,18.00824327686902,0
2025-08-16 02:00:00,edge-5,30.972781516108345,68.61054865326278,109.75387600853152,13.070221903795321,0
2025-08-16 03:00:00,edge-5,61.936857763466705,82.97024427240544,96.41860029504625,23.518017451764226,0
2025-08-16 04:00:00,edge-5,36.21034868000055,69.1056254201264,121.99504960385441,22.96266316340542,0
2025-08-16 05:00:00,edge-5,69.6533021627637,79.2616951622791,96.01508770956272,28.448895396219108,0
2025-08-16 06:00:00,edge-5,65.71787207580309,62.90244550264921,90.93790946526629,28.30733918334594,0
2025-08-16 07:00:00,edge-5,53.52833975806729,69.59897086436433,145.91681711465912,20.78102847282016,0
2025-08-16 08:00:00,edge-5,52.68943824055045,35.5644281323376,11.274313125963303,25.11701383512971,0
2025-08-16 09:00:00,edge-5,64.83932725324432,74.44274531945143,46.98049127035314,21.306529138208926,0
2025-08-16 10:00:00,edge-5,54.11846034644497,34.95294304229536,66.99620308361621,17.86323496632699,0
2025-08-16 11:00:00,edge-5,43.9330740905117,74.42032131961174,32.28624366367467,18.609400107510012,0
2025-08-16 12:00:00,edge-5,27.28239164010108,51.22033926036723,80.82452689640546,23.19460266943234,0
2025-08-16 13:00:00,edge-5,64.3834959412589,67.39976607927805,76.87680671027188,40.43961535410649,0
2025-08-16 14:00:00,edge-5,55.49658500561786,40.94406558786025,138.98800687154727,25.83436917412702,0
2025-08-16 15:00:00,edge-5,91.33490115408274,49.92783625186098,96.46912001846357,21.232036572458224,0
2025-08-16 16:00:00,edge-5,48.5613326525197,67.35941838760877,91.47954821995444,22.418957791947836,0
2025-08-16 17:00:00,edge-5,54.5305407962606,75.08663266502029,84.80645893108407,22.3743422133105,0
2025-08-16 18:00:00,edge-5,54.88255335768596,81.87582354317932,57.920165863212134,19.54855459083707,0
2025-08-16 19:00:00,edge-5,59.76134537022506,36.998526723202,135.631755787031,23.78235010869195,0
2025-08-16 20:00:00,edge-5,35.49681610408004,29.977343606238456,148.40307892069342,19.222682836895107,0
2025-08-16 21:00:00,edge-5,48.841771208325326,40.49387336187061,51.5133599734537,14.942441520654754,0
2025-08-16 22:00:00,edge-5,62.41489128317592,38.68783554609543,164.80223414026534,22.40830877915865,0
2025-08-16 23:00:00,edge-5,45.00854857370863,91.33657857357797,73.1606967414662,23.076685706880646,0
2025-08-17 00:00:00,edge-5,61.85283115679337,86.80416193960542,69.89933523230349,19.270973726143456,0
2025-08-17 01:00:00,edge-5,51.450739519606195,40.0676653363142,118.9117468680164,21.549290094185416,0
2025-08-17 02:00:00,edge-5,56.028066013323915,94.20618172167019,122.48176560137743,24.80444842653241,0
2025-08-17 03:00:00,edge-5,67.26704620374215,85.60997287031702,97.14943499286778,19.740949597562807,0
2025-08-17 04:00:00,edge-5,46.58966607422803,27.407942839712305,86.14861026727169,17.764979712625646,0
2025-08-17 05:00:00,edge-5,28.222231838701266,39.39535339905839,146.8941153185241,16.4534194821866,0
2025-08-17 06:00:00,edge-5,46.00490104458536,26.81480295413224,75.06802908571892,18.731072670632887,0
2025-08-17 07:00:00,edge-5,37.61667228368589,58.26836709192573,97.24923744014426,27.674459521224534,0
2025-08-17 08:00:00,edge-5,18.11395922718194,60.34824248113797,167.75149880042142,19.00820394660978,0
2025-08-17 09:00:00,edge-5,48.39977559241144,60.31079694200269,46.51666932157901,21.797250447773013,0
2025-08-17 10:00:00,edge-5,52.985459885742145,19.465452133121737,81.65401891704457,18.37760813126157,0
2025-08-17 11:00:00,edge-5,65.31142014212972,31.455221317287567,141.00541047302133,17.948845070863634,0
2025-08-17 12:00:00,edge-5,32.91034315616017,65.20309751650306,121.12000166100057,15.60348907498442,0
2025-08-17 13:00:00,edge-5,51.32789036782768,72.44444972300263,135.76070359622537,20.50136964453521,0
2025-08-17 14:00:00,edge-5,66.92136998075638,19.60377407540048,47.08462750914629,17.414568332153024,0
2025-08-17 15:00:00,edge-5,41.38029194930293,34.37735964334474,112.84460074043642,26.368322887699122,0
2025-08-17 16:00:00,edge-5,58.043326389204864,80.44826279839182,88.5917323604449,19.462488780005053,0
2025-08-17 17:00:00,edge-5,73.96577012529428,35.51293565523726,190.89667878673518,19.77734646236331,0
2025-08-17 18:00:00,edge-5,22.06378585125771,59.706016683921945,132.37511224340085,19.09909218364833,0
2025-08-17 19:00:00,edge-5,54.08981481547124,33.609132378557035,99.10725553319826,21.855320719547613,0
2025-08-17 20:00:00,edge-5,67.44334817043381,76.62963907719976,111.43593986346515,27.454548819359992,0
2025-08-17 21:00:00,edge-5,44.73930739224123,19.660348790930946,102.1715101705675,14.801119665243347,0
2025-08-17 22:00:00,edge-5,70.80139956831931,53.91081988424199,127.96060031222343,21.389048702327955,0
2025-08-17 23:00:00,edge-5,59.513326771933805,78.80612856356714,65.74797703090587,12.156098391644097,0
2025-08-18 00:00:00,edge-5,76.54035747669285,72.20057209951055,154.60869359335925,26.116041216837495,0
2025-08-18 01:00:00,edge-5,58.73697237327828,50.71775258783261,47.01090838198119,19.459311595367243,0
2025-08-18 02:00:00,edge-5,77.78808053459923,46.026357144822796,108.20175302163778,12.52543666769504,0
2025-08-18 03:00:00,edge-5,54.50000042947884,55.34206950502184,67.02880798537598,13.621134303425544,0
2025-08-18 04:00:00,edge-5,29.48306548942748,34.21297834412908,101.71309836575762,24.06945028546241,0
2025-08-18 05:00:00,edge-5,40.53499429669588,57.9998517366785,139.52074975882255,11.676840267363975,0
2025-08-18 06:00:00,edge-5,65.27545197736268,58.342480705801556,31.506183163634432,21.39144336920604,0
2025-08-18 07:00:00,edge-5,64.98034455956996,51.64101487123249,93.22086750436085,17.857267554842814,0
2025-08-18 08:00:00,edge-5,45.340978254323375,80.00695228935822,42.40972021758147,19.02620766968553,0
2025-08-18 09:00:00,edge-5,77.0645122258912,38.59032752309647,88.82470052395931,16.63076991318203,0
2025-08-18 10:00:00,edge-5,44.69048543168854,25.91225165486331,42.30427284782316,15.235750264297536,0
2025-08-18 11:00:00,edge-5,56.92965487795431,49.493612536830014,106.47142874363416,17.562816832804206,0
2025-08-18 12:00:00,edge-5,56.514248752080285,62.479952839033835,82.95320400135753,22.859850841695756,0
2025-08-18 13:00:00,edge-5,30.042947102067263,57.865434865070604,129.88490151145882,18.537081754827078,0
2025-08-18 14:00:00,edge-5,48.34262115701556,56.976759681106834,149.14232444023978,22.10616352509704,0
2025-08-18 15:00:00,edge-5,85.70494364100117,37.472709739688895,100.42592433780001,18.78880082334221,0
2025-08-18 16:00:00,edge-5,36.16599665872054,40.34920034909804,135.7461994169184,23.056223403042136,0
2025-08-18 17:00:00,edge-5,59.37736365926231,50.23307638199121,155.298345738533,22.074711243063124,0
2025-08-18 18:00:00,edge-5,32.684261560582875,48.656053479938905,63.115877509194604,17.2963957536534,0
2025-08-18 19:00:00,edge-5,36.00966237291916,81.96171130974653,157.39942262519992,15.231611751413187,0
2025-08-18 20:00:00,edge-5,28.78568394341255,65.27831706966592,98.52243508197257,24.778263174803502,0
2025-08-18 21:00:00,edge-5,64.11606460744933,49.34873014831331,60.86493288472476,15.933057303592648,0
2025-08-18 22:00:00,edge-5,36.92918587056356,81.90026115272482,111.93849551429489,22.503924873987373,0
2025-08-18 23:00:00,edge-5,69.0124121849765,68.92557177129667,97.11619468878679,20.155464298275856,0
2025-08-19 00:00:00,edge-5,42.030198058399016,32.84912793609641,43.71952776508234,17.684686977934824,0
2025-08-19 01:00:00,edge-5,51.9199889142886,0.0,55.958020067694605,22.147335801465026,0
2025-08-19 02:00:00,edge-5,56.170712404533326,33.47530828137512,165.49257322399774,26.839390692893677,0
2025-08-19 03:00:00,edge-5,25.74685515597853,71.89869236790244,111.14299425895047,23.127559505837816,0
2025-08-19 04:00:00,edge-5,53.054738753901105,77.82970109164232,159.27176988605777,20.646448438380894,0
2025-08-19 05:00:00,edge-5,55.24846676280328,26.795387706105984,83.33707432979811,28.107403240639975,0
2025-08-19 06:00:00,edge-5,67.10025480957901,73.17288431541095,67.93483958365692,11.628663687630297,0
2025-08-19 07:00:00,edge-5,35.607449159002414,72.41479688320625,32.667416674210685,14.438970894462487,0
2025-08-19 08:00:00,edge-5,37.74467228800281,87.90083531038955,138.7190764535074,17.677748415237303,0
2025-08-19 09:00:00,edge-5,59.89321943674938,79.00788292017626,116.42529125918341,27.09661684620248,0
2025-08-19 10:00:00,edge-5,71.18587962824628,87.03764936004822,83.69819113061146,24.714188725332356,0
2025-08-19 11:00:00,edge-5,41.112462410088,69.76731823222815,68.29361761935729,11.418569226424493,0
2025-08-19 12:00:00,edge-5,31.471945162206257,69.09843779600817,145.07478376138442,17.818124419796426,0
2025-08-19 13:00:00,edge-5,45.24907801272705,53.25430825478043,92.9087547729407,13.380866977387829,0
2025-08-19 14:00:00,edge-5,34.80015488551016,76.40512726768007,93.33879138097753,19.79774659525723,0
2025-08-19 15:00:00,edge-5,55.966716490296655,33.35186558898632,75.96917218030512,24.509161855181343,0
2025-08-19 16:00:00,edge-5,33.802478350844396,57.226451424701416,83.70162029017449,24.878268990761313,0
2025-08-19 17:00:00,edge-5,64.59357066504916,70.79767076649347,122.00491337802254,21.340044261451773,0
2025-08-19 18:00:00,edge-5,53.18925039972131,88.16429722525112,43.34239081522263,17.8748983061812,0
2025-08-19 19:00:00,edge-5,65.06149912414081,50.441236450248226,103.22948998676031,19.523001647970368,0
2025-08-19 20:00:00,edge-5,13.650370722533069,79.33162104673966,138.22340235362026,23.416400005508528,0
2025-08-19 21:00:00,edge-5,23.627739342968233,56.05642804605018,96.60965109741386,31.73651722604363,0
2025-08-19 22:00:00,edge-5,69.39008936721073,79.7411787268113,142.16905042536823,14.074502425121462,0
2025-08-19 23:00:00,edge-5,39.20718528432187,43.972957885264904,153.62396582508006,27.944246585747997,0
2025-08-20 00:00:00,edge-5,28.00425872165148,74.51943142686218,136.14329380789107,21.220280711503843,0
2025-08-20 01:00:00,edge-5,46.9595239017118,58.09324458053997,78.50976923289768,24.101266253990307,0
2025-08-20 02:00:00,edge-5,53.63518620696082,36.297976278778854,98.58246568089525,20.92582977717007,0
2025-08-20 03:00:00,edge-5,47.629782208641686,56.93404772449625,113.83080742301289,27.020968468208146,0
2025-08-20 04:00:00,edge-5,57.02021219739217,86.43422442040153,81.21001054140986,21.648407170775357,0
2025-08-20 05:00:00,edge-5,54.98750279074976,39.61590160701536,79.87575688161746,16.75619126177946,0
2025-08-20 06:00:00,edge-5,54.20227015143981,30.313651242455954,77.4674660333711,22.250570578199586,0
2025-08-20 07:00:00,edge-5,70.22556482266774,67.97485046530863,201.74242404187402,25.633875188628778,0
2025-08-20 08:00:00,edge-5,49.78729510081289,26.444037954432254,89.15637123278948,20.00107060874504,0
2025-08-20 09:00:00,edge-5,49.34629621213056,91.26709921795283,142.74702435180495,9.629596246920759,0
2025-08-20 10:00:00,edge-5,62.04217234202436,90.7632072979561,65.22390872865446,19.425330981231827,0
2025-08-20 11:00:00,edge-5,58.28989561559681,80.76560655432907,168.07100149798174,20.49025153007963,0
2025-08-20 12:00:00,edge-5,36.4571263610181,59.775360225531394,84.85730138418516,19.775359694013265,0
2025-08-20 13:00:00,edge-5,48.61829379371856,93.29323335582872,102.11907628809686,17.52261122310673,0
2025-08-20 14:00:00,edge-5,56.573436475192906,86.90894945307643,26.6910891338961,26.615084320454216,0
2025-08-20 15:00:00,edge-5,41.19757789647017,49.345623071223955,144.6640391885264,8.135161058713132,0
2025-08-20 16:00:00,edge-5,41.912368160082394,88.77672054018322,153.32879311739075,20.46988653213709,0
2025-08-20 17:00:00,edge-5,29.12812252176769,41.76652996951581,52.5091361084979,20.53990861898702,0
2025-08-20 18:00:00,edge-5,6.758309555204669,56.059341344045876,146.99216888316076,30.474266244767247,0
2025-08-20 19:00:00,edge-5,44.388820374274,24.130720718246465,46.50849562250852,19.927822608264414,0
2025-08-20 20:00:00,edge-5,51.90928696705837,62.91847528960983,125.282687180289,22.228144518502365,0
2025-08-20 21:00:00,edge-5,33.56878719297752,54.109830067964054,88.48120900222855,20.625062567210485,0
2025-08-20 22:00:00,edge-5,70.66808217426646,50.95600116164975,153.4501550552592,20.47214111933075,0
2025-08-20 23:00:00,edge-5,34.29949738405435,56.686916887491165,109.96765870993826,28.814794834108405,0
2025-08-21 00:00:00,edge-5,63.68795835929136,48.40909502189304,137.2587295363786,14.441732307253611,0
2025-08-21 01:00:00,edge-5,56.28005057573588,60.83348284543104,149.51026677977524,16.66397602541997,0
2025-08-21 02:00:00,edge-5,82.64503088086079,85.67138183132252,88.35873930644969,23.770857503189998,0
2025-08-21 03:00:00,edge-5,58.0975898413563,38.76294362124402,98.84386940622693,21.28420183208142,0
2025-08-21 04:00:00,edge-5,28.305859038283486,77.25054825674749,55.552729952574744,18.58385629019243,0
2025-08-21 05:00:00,edge-5,65.81549908624926,64.30484427508206,87.99902703265131,19.647211356944116,0
2025-08-21 06:00:00,edge-5,75.46372752447095,67.48252866557321,177.0829182781941,24.569623144499694,0
2025-08-21 07:00:00,edge-5,23.41681595886843,59.38582274690658,130.23129919567205,22.42544845396611,0
2025-08-21 08:00:00,edge-5,59.58693361673601,45.65199785962665,58.21601838767852,16.435186010334654,0
2025-08-21 09:00:00,edge-5,62.9047227212155,68.89727394831007,165.25770547676262,21.188881731634307,0
2025-08-21 10:00:00,edge-5,46.80757729929304,70.37678594847038,115.56012713890367,19.750987377544917,0
2025-08-21 11:00:00,edge-5,13.670680076941629,43.99061313574076,133.21697923636657,22.35210852221494,0
2025-08-21 12:00:00,edge-5,45.5606316426736,33.229709025749884,119.62115260917695,18.394610460112926,0
2025-08-21 13:00:00,edge-5,41.28396178126408,61.70615920351476,116.79033722992794,13.958460405394021,0
2025-08-21 14:00:00,edge-5,72.94663794595346,75.09441687910711,20.091446300796008,23.361855098354827,0
2025-08-21 15:00:00,edge-5,48.671130604727004,80.10180100285052,144.27837523312928,22.743095887543326,0
2025-08-21 16:00:00,edge-5,43.815332499000064,84.06646446654038,10.0,27.076495048592303,0
2025-08-21 17:00:00,edge-5,41.20231296553287,67.42781668241958,140.6395288274013,13.418855226891255,0
2025-08-21 18:00:00,edge-5,54.886214251873476,54.735746403428934,103.9826637083362,19.64808898102124,0
2025-08-21 19:00:00,edge-5,50.85302288747198,59.9569101706625,133.41857106763428,18.847999033563795,0
2025-08-21 20:00:00,edge-5,38.15082608795533,35.13646450008747,106.33603499026975,18.018922533159397,0
2025-08-21 21:00:00,edge-5,53.96030936533432,46.34709099125304,141.7500772003566,12.29490051798678,0
2025-08-21 22:00:00,edge-5,41.64117599776396,58.93508728290497,100.6459221078354,14.668576949926809,0
2025-08-21 23:00:00,edge-5,11.116103244422405,54.667221721360136,111.23706719078555,21.35260649464738,0
2025-08-22 00:00:00,edge-5,60.02034354948931,61.84018586769807,116.19040388691829,17.50125280100857,0
2025-08-22 01:00:00,edge-5,58.59776151878298,32.50325516671998,175.1456911695268,15.867951440938759,0
2025-08-22 02:00:00,edge-5,52.99608689265835,36.97061396552141,124.0110030668093,27.151979287790784,0
2025-08-22 03:00:00,edge-5,43.36298416112609,75.51187385334954,47.32588628569176,31.868605495500127,0
2025-08-22 04:00:00,edge-5,48.91909752403815,43.33310652982637,77.44080909542986,19.717849937241517,0
2025-08-22 05:00:00,edge-5,62.28923971102576,46.47635957259094,123.9201604657231,12.489110014336239,0
2025-08-22 06:00:00,edge-5,40.52282507600428,61.90071453266792,150.38983774403,21.982022062584814,0
2025-08-22 07:00:00,edge-5,62.89468721973458,41.376255770115776,71.11295614831114,9.57314729396681,0
2025-08-22 08:00:00,edge-5,27.877285377308496,82.12659855161519,189.59510465320162,13.249158907181116,0
2025-08-22 09:00:00,edge-5,52.5224390592071,34.863397469520386,107.02415219593412,22.06824462909485,0
2025-08-22 10:00:00,edge-5,50.3863617505756,60.0304797817044,116.8226961030625,13.08132898975289,0
2025-08-22 11:00:00,edge-5,65.04027481655632,45.028299400100906,49.83706023759438,18.519830728544562,0
2025-08-22 12:00:00,edge-5,36.21605855898609,63.12374990942741,144.61906327211796,12.581862418372147,0
2025-08-22 13:00:00,edge-5,37.85284777852242,50.050712725519574,82.16863302329106,20.281297572677296,0
2025-08-22 14:00:00,edge-5,29.082585154100855,59.52696269697817,70.16468674501104,25.616202458796085,0
2025-08-22 15:00:00,edge-5,41.498983157360136,84.42561831611702,87.31228323146621,16.9357565621217,0
2025-08-22 16:00:00,edge-5,53.83126957226428,46.25107104503919,155.31110046581085,19.902917907837605,0
2025-08-22 17:00:00,edge-5,23.03234835088683,46.08459234826104,118.62970894798093,15.920770205935678,0
2025-08-22 18:00:00,edge-5,43.356312354009134,53.681982178880446,64.43659054503647,16.271053334634328,0
2025-08-22 19:00:00,edge-5,59.16185529450308,89.48038761567346,78.78484113811878,15.843146910721707,0
2025-08-22 20:00:00,edge-5,48.45680913964896,58.205146344151856,156.38266299928526,23.929650665488676,0
2025-08-22 21:00:00,edge-5,51.128082935832076,84.68405218791978,90.5447593915141,12.932490243169458,0
2025-08-22 22:00:00,edge-5,27.408512282605038,56.46177154836667,122.41650236429223,18.3407296481354,0
2025-08-22 23:00:00,edge-5,48.499316147997035,83.79274046574183,132.20596142662026,22.049084382318853,0
2025-08-23 00:00:00,edge-5,50.43028303650335,68.14783110656735,10.0,24.54899191531348,0
2025-08-23 01:00:00,edge-5,47.54404992129063,71.09132886415198,150.5756379233242,22.203036878107536,0
2025-08-23 02:00:00,edge-5,52.292026908762125,31.28463703021672,65.90594049833086,19.63683270856503,0
2025-08-23 03:00:00,edge-5,45.36311821425085,28.31705019164787,85.57647400088827,17.155555209298505,0
2025-08-23 04:00:00,edge-5,43.15943846161933,81.404030240564,161.57277247794295,24.626581734134703,0
2025-08-23 05:00:00,edge-5,34.40343707699579,81.1554282803061,157.87698785006128,15.66387836911812,0
2025-08-23 06:00:00,edge-5,64.61692420922623,100.0,119.71119614166182,15.73898296538804,0
2025-08-23 07:00:00,edge-5,31.600124808812552,30.28093977047591,129.13755792459122,26.762495651121846,0
2025-08-23 08:00:00,edge-5,52.369205004161195,69.7159883768025,139.11846891106686,21.801308701687166,0
2025-08-23 09:00:00,edge-5,77.19795612007408,39.52358056629949,157.20431777825885,21.97803231109359,0
2025-08-23 10:00:00,edge-5,66.52152542885446,45.18797746336591,162.29674428511083,22.992746215812012,0
2025-08-23 11:00:00,edge-5,57.6404710654066,49.95507665137102,104.30808926480519,19.525725204744884,0
2025-08-23 12:00:00,edge-5,53.746132483491785,67.64710081842865,70.50659767665029,12.811534639363494,0
2025-08-23 13:00:00,edge-5,48.083431276157526,46.71947853819404,89.7938914238545,21.255832929967262,0
2025-08-23 14:00:00,edge-5,36.47975718475426,60.67312384140815,105.08800262986028,19.908828614444424,0
2025-08-23 15:00:00,edge-5,46.192529405624505,76.64068474992473,97.87730513677016,15.704637073347042,0
2025-08-23 16:00:00,edge-5,58.62313466495694,82.5594663341475,59.51112297819834,14.554740343200331,0
2025-08-23 17:00:00,edge-5,55.845724217223065,73.85178638893271,117.471766962045,19.76731412310483,0
2025-08-23 18:00:00,edge-5,61.830837399553204,69.03736163091769,37.28849308948174,13.211001541315298,0
2025-08-23 19:00:00,edge-5,68.29507797566845,57.16732641326068,103.41549902064831,19.28296001652726,0
2025-08-23 20:00:00,edge-5,47.623142406826105,48.621362141098466,105.98000690000374,18.679800998616393,0
2025-08-23 21:00:00,edge-5,52.877772279982466,70.78023061997996,104.60962940811798,19.404251329645074,0
2025-08-23 22:00:00,edge-5,21.513929553090556,38.98181887285047,134.04859197504635,22.013279521045682,0
2025-08-23 23:00:00,edge-5,83.84296662553203,62.38257444889608,128.7442423911657,23.10977272607725,0
2025-08-24 00:00:00,edge-5,43.7922663470641,38.486454024424106,188.90713357955627,16.442515026979972,0
2025-08-24 01:00:00,edge-5,59.775387905181084,59.1744362661636,79.2915286471621,24.348957567710134,0
2025-08-24 02:00:00,edge-5,43.78209141610085,38.92579487016423,111.17332657805017,18.903146409637948,0
2025-08-24 03:00:00,edge-5,43.43381953906092,51.98872923600136,108.60947091610376,28.766506927452753,0
2025-08-24 04:00:00,edge-5,46.44497127553683,46.48093972027718,106.72745458763295,17.072895438547594,0
2025-08-24 05:00:00,edge-5,31.323219948538455,44.06883941253081,49.40583061781733,11.943349800068013,0
2025-08-24 06:00:00,edge-5,12.796810297506283,58.25285963844522,52.66096362778108,24.168210338941662,0
2025-08-24 07:00:00,edge-5,67.39535104414523,11.523969949078662,100.2586587989859,22.1281045689029,0
2025-08-24 08:00:00,edge-5,58.18553835500557,23.950424068043496,36.96424327551198,26.008307495274565,0
2025-08-24 09:00:00,edge-5,36.26217712677054,76.0742527798323,86.63178579837341,21.548219040953377,0
2025-08-24 10:00:00,edge-5,56.77865683273424,62.949575850179194,74.09841598028194,31.700044542327024,0
2025-08-24 11:00:00,edge-5,62.35900995483465,45.53266779720201,88.08090241365522,19.055559957478554,0
2025-08-24 12:00:00,edge-5,39.60469575915411,79.47806726146501,145.29307822401375,25.23150932852809,0
2025-08-24 13:00:00,edge-5,56.177719349293554,47.21645060089359,56.866575476968286,17.37271307256892,0
2025-08-24 14:00:00,edge-5,65.10204928380574,48.406133690157276,134.7919660223966,22.458882631670015,0
2025-08-24 15:00:00,edge-5,28.424715000248828,44.332294498013376,77.14849236964776,23.390112201980287,0
2025-08-24 16:00:00,edge-5,58.001167754456155,98.13237541449314,82.12989085116294,24.162813947874845,0
2025-08-24 17:00:00,edge-5,55.465807538225754,64.70203469144326,118.62182623954777,23.88163288321577,0
2025-08-24 18:00:00,edge-5,78.20676004350896,63.914217483643654,89.03405999509704,3.816325022683948,0
2025-08-24 19:00:00,edge-5,58.355528806144875,69.32801971242175,64.30128928075672,19.65661372125699,0
2025-08-24 20:00:00,edge-5,43.836785758501286,22.945810177707948,85.18890782464396,17.12446180061285,0
2025-08-24 21:00:00,edge-5,45.57216515971845,48.11983063489286,28.934653129064955,18.110573830967606,0
2025-08-24 22:00:00,edge-5,80.35090523807855,69.09973723085125,115.24738079201316,18.582951126149,0
2025-08-24 23:00:00,edge-5,44.677242373730444,59.91783031924088,10.0,24.88736999980739,0
2025-08-25 00:00:00,edge-5,58.792192022805246,100.0,135.52078332013804,21.012896064840202,0
2025-08-25 01:00:00,edge-5,46.424291733028866,49.296168498741295,124.6104780442106,17.462383687049677,0
2025-08-25 02:00:00,edge-5,66.21893014431438,78.86366093820982,164.05739176648194,12.658676098291721,0
2025-08-25 03:00:00,edge-5,66.96005094325315,76.12008580821559,187.28308454888685,27.665288301013177,0
2025-08-25 04:00:00,edge-5,49.659983459970974,62.85641802327908,137.43083838636798,16.763410011070157,0
2025-08-25 05:00:00,edge-5,43.89858225637745,66.48806883881917,74.90379866512605,19.346467767953882,0
2025-08-25 06:00:00,edge-5,43.54087917619791,54.19599201446438,186.90489541581684,30.694344423529966,0
2025-08-25 07:00:00,edge-5,24.091097281383817,20.536632084547797,52.24266960622209,16.899462111568734,0
2025-08-25 08:00:00,edge-5,51.508383986884624,66.98367203553164,23.891854686318084,18.621603861623765,0
2025-08-25 09:00:00,edge-5,51.20594383639516,68.56856759495392,174.09855767368708,21.160896419128495,0
2025-08-25 10:00:00,edge-5,37.758020807544014,71.71291208365825,124.06232733096154,11.970267491564453,0
2025-08-25 11:00:00,edge-5,22.477833094928446,61.261926595338075,24.967297735474304,11.39100549713173,0
2025-08-25 12:00:00,edge-5,53.09428243969754,79.4080215685127,45.78563192220102,17.591933990308416,0
2025-08-25 13:00:00,edge-5,54.98934511570569,42.6802000307357,122.05140124403464,17.764984437513476,0
2025-08-25 14:00:00,edge-5,55.91967860018268,89.36775216613653,65.20140645877309,20.671131076537268,0
2025-08-25 15:00:00,edge-5,35.1509230971932,40.24169848199759,70.95404416391307,15.110028338478402,0
2025-08-25 16:00:00,edge-5,55.95159628146462,57.84321609362046,178.65689735280256,22.169902162168306,0
2025-08-25 17:00:00,edge-5,47.3212623388576,73.61747507383531,185.92776460921465,9.216415419780354,0
2025-08-25 18:00:00,edge-5,62.96731854944183,49.70093810436371,105.87049615433726,19.648543000059984,0
2025-08-25 19:00:00,edge-5,35.3776853466398,74.98010209149525,93.98026048962448,21.800881535884088,0
2025-08-25 20:00:00,edge-5,67.25304818136996,53.14429118861332,136.09820714653193,21.642221202609143,0
2025-08-25 21:00:00,edge-5,72.6497957318478,62.362660534474166,77.53573513434196,19.186117551426364,0
2025-08-25 22:00:00,edge-5,51.74118050775367,56.377428900468466,10.778993304925478,16.698307044670543,0
2025-08-25 23:00:00,edge-5,56.05511015032703,48.46368149409197,10.0,19.040647979116596,0
2025-08-26 00:00:00,edge-5,61.75838858823645,100.0,97.05606650498473,26.169796193353314,0
2025-08-26 01:00:00,edge-5,34.61446921558288,43.205047961497925,135.27514363464113,17.002662821502902,0
2025-08-26 02:00:00,edge-5,42.70602975813272,14.27775728910295,100.63999818346734,24.89055368839384,0
2025-08-26 03:00:00,edge-5,52.763367832298904,43.92727481923131,132.39843073818605,25.68622332949206,0
2025-08-26 04:00:00,edge-5,80.40341774548881,62.62591777154337,136.39334338694653,11.32054086870996,0
2025-08-26 05:00:00,edge-5,32.058405550771184,52.462937982393534,155.44162670831534,19.359245029823203,0
2025-08-26 06:00:00,edge-5,74.56586832487798,80.37151317056734,107.4505820302147,15.111291384014958,0
2025-08-26 07:00:00,edge-5,47.101604261007516,79.64367600350135,111.03501251889315,12.490830729081608,0
2025-08-26 08:00:00,edge-5,49.483445279538,53.632177663253145,98.52801898896747,23.960154189972428,0
2025-08-26 09:00:00,edge-5,68.2706652827361,26.355441743712355,89.66388505403192,22.366614594666945,0
2025-08-26 10:00:00,edge-5,80.32174222612213,34.33701931491233,37.118801554489316,21.317297032388794,0
2025-08-26 11:00:00,edge-5,56.342686874611296,59.355952386498764,146.87936359443404,14.57251539107363,0
2025-08-26 12:00:00,edge-5,67.47120479574141,28.709808371487938,84.64959048707848,21.052321314870746,0
2025-08-26 13:00:00,edge-5,36.19538533001766,52.64423632434866,82.35806698445256,13.447684060331243,0
2025-08-26 14:00:00,edge-5,42.05797557570659,88.42605573539386,78.33528222936019,20.38630971086751,0
2025-08-26 15:00:00,edge-5,29.713285271690218,66.85666282971535,46.38448676274466,16.692245804602365,0
2025-08-26 16:00:00,edge-5,42.26617873121319,60.91335861263155,96.57827175830903,25.25395409416233,0
2025-08-26 17:00:00,edge-5,58.47852188153035,39.18454761594838,120.6570000783372,18.18427504585671,0
2025-08-26 18:00:00,edge-5,53.18218189324668,63.63475318575438,71.78849946555235,21.156210802064255,0
2025-08-26 19:00:00,edge-5,75.90654059342066,54.82951733647416,141.5040442694753,21.16684011977889,0
2025-08-26 20:00:00,edge-5,80.82066553371502,64.7727345729949,85.26354569471165,19.62100193973115,0
2025-08-26 21:00:00,edge-5,47.95243377011497,74.54195655503275,38.69383274065527,20.526660448384952,0
2025-08-26 22:00:00,edge-5,39.80473384818462,77.96247316775431,154.94793502978686,21.518901200172593,0
2025-08-26 23:00:00,edge-5,67.40053849094458,62.57781222910652,107.93850701049661,15.518029861584608,0
2025-08-27 00:00:00,edge-5,68.96335459637918,70.23845857943738,134.5313284921743,22.014696704806813,0
2025-08-27 01:00:00,edge-5,56.618721976788706,49.7603868153372,135.47438616041222,24.31932081573925,0
2025-08-27 02:00:00,edge-5,60.58341593223,82.65138515729937,62.15560763393643,21.986740217179218,0
2025-08-27 03:00:00,edge-5,58.2372904230673,42.25752462318843,79.12344917095739,18.22913294465342,0
2025-08-27 04:00:00,edge-5,35.16864965505996,55.85063301650261,141.3714430102744,20.872008319140257,0
2025-08-27 05:00:00,edge-5,31.721426129538802,84.73235428000525,173.40870060882094,18.181194138463475,0
2025-08-27 06:00:00,edge-5,49.236471516581815,50.36675152718472,102.53145994718513,19.406300381144963,0
2025-08-27 07:00:00,edge-5,46.986268321810286,33.18428665047047,74.91240490193239,14.061563368198247,0
2025-08-27 08:00:00,edge-5,54.15415710268634,51.784995025907044,167.29344592575893,26.90033008599407,0
2025-08-27 09:00:00,edge-5,48.03162758980937,87.83468557425124,74.93492517480381,29.677437688175907,0
2025-08-27 10:00:00,edge-5,24.451029486786677,14.585274786459962,113.15882097659548,16.480345996397322,0
2025-08-27 11:00:00,edge-5,18.317101238769066,62.04786358069751,82.88868536054424,23.93085470315726,0
2025-08-27 12:00:00,edge-5,61.06145624553537,47.31992945199868,110.762910910411,27.28934093859006,0
2025-08-27 13:00:00,edge-5,40.05814297469851,56.647317967155296,62.18191544216678,15.211864654625877,0
2025-08-27 14:00:00,edge-5,46.51813392006029,53.0291196655655,85.01356088008313,9.207836338219055,0
2025-08-27 15:00:00,edge-5,41.63038025393302,79.20966503438783,74.90811052152792,27.58399668020087,0
2025-08-27 16:00:00,edge-5,36.30426346602236,61.07616107600049,126.48952769150095,19.94837687890489,0
2025-08-27 17:00:00,edge-5,35.90222226854997,80.210695353041,106.52857802960423,17.40254653842785,0
2025-08-27 18:00:00,edge-5,65.29754560202811,85.68262942690632,135.20803004608595,20.236697017326588,0
2025-08-27 19:00:00,edge-5,46.41274522231771,60.597940111827484,66.96960185589484,18.154604127365197,0
2025-08-27 20:00:00,edge-5,59.5214644389896,52.81004315400962,91.66196053810405,34.79728859046542,0
2025-08-27 21:00:00,edge-5,61.53627358476195,67.54367797343232,125.00126191541369,17.346462339103393,0
2025-08-27 22:00:00,edge-5,54.74846219010897,71.40373905768497,134.34800601268884,21.63662706154232,0
2025-08-27 23:00:00,edge-5,62.03065214114515,36.934184792176936,42.1686337769859,26.461229415774053,0
2025-08-28 00:00:00,edge-5,50.21463779929325,64.72127616888423,112.71184029190647,26.437135981688193,0
2025-08-28 01:00:00,edge-5,70.45723082733703,54.928807491559816,67.46999231982359,25.47993924455998,0
2025-08-28 02:00:00,edge-5,62.35124604463755,51.59303071919403,136.3720384588285,17.87162120633749,0
2025-08-28 03:00:00,edge-5,64.34664788848627,46.18110044691338,174.4201994223002,19.239506787810697,0
2025-08-28 04:00:00,edge-5,35.92223492328695,47.48559688800342,10.0,9.127676765500972,0
2025-08-28 05:00:00,edge-5,53.9486568035739,85.11281702421549,73.76207389760854,19.627522818153867,0
2025-08-28 06:00:00,edge-5,22.474653046962104,52.72014940859167,110.55082982396729,20.16403355465953,0
2025-08-28 07:00:00,edge-5,71.01534409824733,82.8751701713863,99.84622988054745,23.708616018062305,0
2025-08-28 08:00:00,edge-5,40.65009780445122,62.6205316307368,137.58603672670677,28.977436814884122,0
2025-08-28 09:00:00,edge-5,42.72947004699489,37.345707548703174,103.16257675136104,23.556548219998355,0
2025-08-28 10:00:00,edge-5,29.489554036032995,63.815361326711674,78.81035987339354,25.353225772077955,0
2025-08-28 11:00:00,edge-5,49.455925182591905,36.24160880780332,59.186750111617165,19.912669802853603,0
2025-08-28 12:00:00,edge-5,45.976216816051526,72.14291265587303,52.458633075967526,26.42148781811887,0
2025-08-28 13:00:00,edge-5,77.34046499505246,55.84453296115372,70.29000799369985,20.05566164406308,0
2025-08-28 14:00:00,edge-5,62.88853080449454,77.1036368219313,77.39608055774981,25.703030994684717,0
2025-08-28 15:00:00,edge-5,42.28023330426561,88.67091699999094,115.3500953816446,24.022498048442575,0
2025-08-28 16:00:00,edge-5,25.006505718312134,25.293097344613365,93.73092303097049,21.963628684981096,0
2025-08-28 17:00:00,edge-5,15.744942316340001,50.77708858298465,73.9642398359626,12.29635489932147,0
2025-08-28 18:00:00,edge-5,34.606200800772,35.81079997320694,59.62734788494976,25.466735001334207,0
2025-08-28 19:00:00,edge-5,30.031751785689714,100.0,71.89486516281478,21.890678160899707,0
2025-08-28 20:00:00,edge-5,55.229201283765335,51.193752118205985,77.43868744567123,23.512875059382253,0
2025-08-28 21:00:00,edge-5,47.82579461058834,33.69775492773921,70.07497193716841,21.567706621157146,0
2025-08-28 22:00:00,edge-5,50.25989414073148,100.0,126.92451135095438,22.429651258629338,0
2025-08-28 23:00:00,edge-5,35.766171372770984,45.47854320040821,154.72177535367373,26.503269929723633,0
2025-08-29 00:00:00,edge-5,52.28048592110492,27.562786702822947,52.95749479285589,17.630382302314807,0
2025-08-29 01:00:00,edge-5,28.693902787395775,36.832015241440004,144.77015675048006,22.338192831903843,0
2025-08-29 02:00:00,edge-5,48.67550136437078,62.86382371817811,127.72946952515481,16.1128249056509,0
2025-08-29 03:00:00,edge-5,62.45370744441332,60.91494857461841,107.19474496468037,22.8834006728696,0
2025-08-29 04:00:00,edge-5,44.5185082701687,43.279948044688325,161.06656976500688,21.256435653621043,0
2025-08-29 05:00:00,edge-5,56.654657361024334,50.29904487296394,93.18927090606607,16.845156316767234,0
2025-08-29 06:00:00,edge-5,20.34702832144184,61.06162051235055,116.0758829612509,20.468319694668157,0
2025-08-29 07:00:00,edge-5,19.143728046305412,86.47825437336365,104.9489524782863,17.156453411324094,0
2025-08-29 08:00:00,edge-5,54.90888103394624,66.6655788094299,101.97406828909035,18.1099953507578,0
2025-08-29 09:00:00,edge-5,65.7052856489303,48.73668293479926,118.35994591195804,21.77403465921083,0
2025-08-29 10:00:00,edge-5,46.426490397558105,55.43149819405231,101.85687243443301,21.341994298109306,0
2025-08-29 11:00:00,edge-5,82.1781263338935,75.39419862074442,118.64470140477306,10.397608657029899,0
2025-08-29 12:00:00,edge-5,28.349029838818094,93.60133773769068,73.20719602295287,21.852443935477986,0
2025-08-29 13:00:00,edge-5,39.800242873418576,37.90782778324364,74.45680594095855,18.483334583471745,0
2025-08-29 14:00:00,edge-5,52.10137547076351,82.28219083535961,73.02564534269368,17.928460294720246,0
2025-08-29 15:00:00,edge-5,56.96562270752959,53.74443325165339,85.40809795360644,14.364225451887934,0
2025-08-29 16:00:00,edge-5,41.24145949212768,27.515463379181526,140.53138215070302,19.77304349253305,0
2025-08-29 17:00:00,edge-5,34.111025008567225,23.55530571078578,81.51180743104653,17.384911970145506,1
2025-08-29 18:00:00,edge-5,59.303942978530905,86.68349252596406,126.09843482209746,26.367613971524214,0
2025-08-29 19:00:00,edge-5,51.998609839565724,89.06714683411899,110.61785051860868,11.252843991757883,0
2025-08-29 20:00:00,edge-5,44.830684666876635,48.6183496539902,82.34313467199212,15.180382049707475,0
2025-08-29 21:00:00,edge-5,57.48221837571939,55.75710702037799,152.3673014488412,14.841840146904406,0
2025-08-29 22:00:00,edge-5,47.95478225167645,24.352820910745088,129.44444713941226,21.293288709032666,0
2025-08-29 23:00:00,edge-5,47.90386725205208,75.24081891433559,100.07128357234046,25.86563982239047,0
2025-08-30 00:00:00,edge-5,47.35134603272463,59.432390329927465,96.75445642608732,22.5156089325459,0
2025-08-30 01:00:00,edge-5,37.68413369751924,28.954455028627727,103.74906242616325,14.526764403384153,0
2025-08-30 02:00:00,edge-5,36.15884777029955,64.09481515502908,38.81849424049133,17.853844816708097,0
2025-08-30 03:00:00,edge-5,42.11446520549957,32.21128487875246,67.00155278740056,15.95411639627969,0
2025-08-30 04:00:00,edge-5,50.48106459506293,71.14993360144769,118.50062014754867,22.538656619503726,0
2025-08-30 05:00:00,edge-5,21.930897407614335,38.34387453898063,36.68298772787162,17.752148798929888,0
2025-08-30 06:00:00,edge-5,64.17117052301506,66.74138336795706,70.0950181754946,12.936009923775647,0
2025-08-30 07:00:00,edge-5,50.27661886216693,46.93935052425782,84.2982276752465,22.923532596971107,0
2025-08-30 08:00:00,edge-5,34.023656431186964,12.686016144304986,216.14618565841732,26.316292667838972,0
2025-08-30 09:00:00,edge-5,74.24892758203046,79.9232261186994,126.94948996926581,19.106637761498195,0
2025-08-30 10:00:00,edge-5,50.62688493442862,81.01868778220228,143.89367302329288,20.602001891698567,0
2025-08-30 11:00:00,edge-5,29.972767566191795,49.5643326650716,67.7941111625303,12.468493955450974,0
2025-08-30 12:00:00,edge-5,73.57581370780193,65.48850090804562,114.48223710163845,9.703811747485727,0
2025-08-30 13:00:00,edge-5,70.32302244678557,68.76355902960218,29.593019659796823,10.754581667144286,0
2025-08-30 14:00:00,edge-5,36.368284866395754,69.4097890426648,86.77541256275391,19.776391002694695,0
2025-08-30 15:00:00,edge-5,45.155298228562714,94.51196999069236,120.21463711684254,18.460290018745898,0
2025-08-30 16:00:00,edge-5,43.13619625605034,68.33596280240461,43.29688488290874,22.731163038898842,0
2025-08-30 17:00:00,edge-5,21.65796885346003,52.8468574502199,115.72547759528167,19.011734129345058,0
2025-08-30 18:00:00,edge-5,54.87031258841094,68.55832327279461,119.04285736223025,24.938809183698908,0
2025-08-30 19:00:00,edge-5,62.6771810812302,51.401039852525216,75.89987064056656,24.361332990176184,0
2025-08-30 20:00:00,edge-5,59.85333219657316,38.68892002165597,66.60780885968728,18.387700375659946,0
2025-08-30 21:00:00,edge-5,50.49130700321868,84.39480680519353,71.39032847607588,14.982805630213553,0
2025-08-30 22:00:00,edge-5,64.13238590431413,70.68320975550222,86.12204189238058,10.419193247963257,0
2025-08-30 23:00:00,edge-5,32.96981237975042,22.76760933091031,87.32903923321089,27.167845265798032,0
2025-08-31 00:00:00,edge-5,77.27422387869525,46.3266906282999,120.38435001047198,15.287369975473819,0
2025-08-31 01:00:00,edge-5,38.418768400524755,75.15281971177481,78.6238987872812,12.517830331112654,0
2025-08-31 02:00:00,edge-5,40.08488526239861,28.723508288507112,164.0850457785191,20.6492870154313,0
2025-08-31 03:00:00,edge-5,41.371763563879774,44.941336149941606,163.7949709683286,12.562293321644889,0
2025-08-31 04:00:00,edge-5,40.27779927715353,100.0,109.44805147136267,20.644256452774066,0
2025-08-31 05:00:00,edge-5,47.10913915291568,53.378322275898384,86.21463579819078,18.318445787305276,0
2025-08-31 06:00:00,edge-5,46.528327744166475,81.65387576164719,78.66874805408783,24.618394712494464,0
2025-08-31 07:00:00,edge-5,51.944599769538726,90.00933996512202,112.67034455524995,24.183481660090365,0
2025-08-31 08:00:00,edge-5,37.7195429098814,41.8300514111981,119.6685929667621,25.51661301772264,0
2025-08-31 09:00:00,edge-5,52.49906534030248,65.32730575593901,91.95982530433619,21.03130863920794,0
2025-08-31 10:00:00,edge-5,33.64359059168349,100.0,84.27481957213024,15.708300051332374,0
2025-08-31 11:00:00,edge-5,60.98712079978792,69.19049472949166,114.10973204400534,14.815570810220944,0
2025-08-31 12:00:00,edge-5,60.80105124055572,100.0,102.76165985197619,17.346517133910176,0
2025-08-31 13:00:00,edge-5,49.91319634340954,47.26216766378825,77.11510077886362,29.971374246308862,0
2025-08-31 14:00:00,edge-5,40.25454317970932,95.9419415504507,104.52158090510909,18.75405967670174,0
2025-08-31 15:00:00,edge-5,54.66699968976514,60.33347976613687,75.78922993470634,20.805077482000463,0
2025-08-31 16:00:00,edge-5,36.68529256108991,53.45039865984021,69.93365362909682,27.59297870191721,0
2025-08-31 17:00:00,edge-5,50.51810347004694,72.80081383105588,99.80091152910056,21.273065644409424,0
2025-08-31 18:00:00,edge-5,47.722770761683606,57.77083074490485,77.01322581978165,16.25674330059933,0
2025-08-31 19:00:00,edge-5,89.44862650496395,58.308624632608684,70.6800550913323,23.65078837412674,0
2025-08-31 20:00:00,edge-5,31.59421226022854,69.70385238255378,141.8285608640933,17.85762095706926,0
2025-08-31 21:00:00,edge-5,9.990350649084064,23.845319133870845,84.31178916155206,21.445626284706144,0
2025-08-31 22:00:00,edge-5,40.436293353413866,44.02687629155059,173.73446661366347,22.560784258716875,0
2025-08-31 23:00:00,edge-5,24.26702571284616,74.45286120986636,125.06555848782645,17.52847400575958,0
2025-09-01 00:00:00,edge-5,39.099577085766,79.8306084315177,67.17186440636824,20.931857830549788,0
2025-09-01 01:00:00,edge-5,30.535937935412477,67.14455416799983,146.39038441983797,28.000231009310774,0
2025-09-01 02:00:00,edge-5,36.432490061985916,65.51741100371362,71.33522000119751,16.867326331336596,0
2025-09-01 03:00:00,edge-5,34.026355114838836,68.04684245603333,178.93390037015956,26.584462914946684,0
2025-09-01 04:00:00,edge-5,64.44427224645935,79.1559683836959,109.04772278053568,17.047516009370312,0
2025-09-01 05:00:00,edge-5,49.272057839824164,31.475439922809805,121.70269613214677,29.010344041335927,0
2025-09-01 06:00:00,edge-5,66.13179204712839,49.81052019906336,101.23811227124972,15.72257025511743,0
2025-09-01 07:00:00,edge-5,50.60722226255594,58.51141834942505,110.63530338395844,18.030721486912103,0
2025-09-01 08:00:00,edge-5,63.92884884446326,63.91579391403242,90.83561294017532,27.541278874335717,0
2025-09-01 09:00:00,edge-5,45.46782344844085,17.807224973019686,62.96766561233741,27.761163754332472,0
2025-09-01 10:00:00,edge-5,73.91828045813489,34.85212861390806,113.58700334882936,24.092133300509403,0
2025-09-01 11:00:00,edge-5,57.06452268174097,59.66679047818795,140.9919746341028,14.590752490717666,0
2025-09-01 12:00:00,edge-5,38.30268318550185,80.26281436800343,52.37430637507689,20.412046189856923,0
2025-09-01 13:00:00,edge-5,59.287244028630006,51.61920107540637,161.61895294703427,20.006243262784903,0
2025-09-01 14:00:00,edge-5,50.40647593862758,46.66219811882959,124.04548764746691,15.720934536656936,0
2025-09-01 15:00:00,edge-5,46.96238476806328,70.57336893738872,82.52367280656689,23.484185827261218,0
2025-09-01 16:00:00,edge-5,51.4403192577218,53.438580561335925,81.80889455525258,16.11653451468377,0
2025-09-01 17:00:00,edge-5,61.26874601172988,77.61796937106958,174.56649750592558,13.547053062627013,0
2025-09-01 18:00:00,edge-5,18.237311245033528,55.57348492750282,137.54898806734604,11.89566225856132,0
2025-09-01 19:00:00,edge-5,44.7358932840912,37.69568281222766,145.6020474368619,28.56147642347214,0
2025-09-01 20:00:00,edge-5,60.24006071896346,88.41192549445898,89.95753118504064,17.447583630670934,0
2025-09-01 21:00:00,edge-5,53.7234089753458,84.74521865573873,122.22063526459144,17.55247389239669,0
2025-09-01 22:00:00,edge-5,33.10428515898069,40.89041044794101,113.97514450362833,14.846651172687103,0
2025-09-01 23:00:00,edge-5,14.48356444236677,67.91407197283323,93.01399015202358,26.839623648672173,1
2025-09-02 00:00:00,edge-5,75.51390000193732,53.46661244887017,104.37028447083894,13.098748824990384,0
2025-09-02 01:00:00,edge-5,47.19376925935559,72.38128253500932,144.4020469928663,13.979331079214198,0
2025-09-02 02:00:00,edge-5,72.71074263123562,42.48623096480712,163.98366173261664,18.3908594961853,0
2025-09-02 03:00:00,edge-5,61.9244412473407,77.43684404903647,89.94013140740586,19.89216592255793,0
2025-09-02 04:00:00,edge-5,38.0957966516471,83.89902971534464,47.47774982327368,23.293176252220295,0
2025-09-02 05:00:00,edge-5,12.478493163745078,41.05314522515282,165.74371725606852,16.622023981962336,0
2025-09-02 06:00:00,edge-5,43.06775863708326,61.35400293435952,166.2463169165209,27.72166905195244,0
2025-09-02 07:00:00,edge-5,49.44136450246672,84.31930009434436,116.01549926194917,16.65606132403362,0
2025-09-02 08:00:00,edge-5,56.75990032366404,39.97274803686485,171.70523849899388,14.957095275015156,0
2025-09-02 09:00:00,edge-5,33.33682090031187,46.623467773637984,113.10461300628528,14.48112368852458,0
2025-09-02 10:00:00,edge-5,52.67009874579034,73.23476012725018,63.63764409158937,16.130543762066033,0
2025-09-02 11:00:00,edge-5,52.664628613697325,56.786217398811715,47.51480247664376,14.157287751540657,0
2025-09-02 12:00:00,edge-5,64.78929749392442,28.494504596561928,47.132469865816375,23.754523846661968,0
2025-09-02 13:00:00,edge-5,45.39789479603528,53.5956078514901,100.18227299782401,14.995791320705294,0
2025-09-02 14:00:00,edge-5,56.64139094426838,94.92880937285744,81.35017394622643,19.33585555071455,0
2025-09-02 15:00:00,edge-5,54.32655423715146,100.0,76.8457752084622,14.852253288514142,0
2025-09-02 16:00:00,edge-5,63.13380009676416,47.25827176510794,95.7237349835704,14.127694619853802,0
2025-09-02 17:00:00,edge-5,37.701343594731675,41.73396538834051,134.3188538611702,25.53268256378071,0
2025-09-02 18:00:00,edge-5,3.9371601786710286,50.83976086265663,78.11966893569539,28.013877895717613,0
2025-09-02 19:00:00,edge-5,46.44705484215584,96.03800842467508,71.3842617710452,26.34500604301469,0
2025-09-02 20:00:00,edge-5,46.535506863248514,76.8418740493529,80.75957366389267,12.643320779998312,0
2025-09-02 21:00:00,edge-5,32.63721704176811,89.28170265183378,136.83701917792553,13.337063614063677,0
2025-09-02 22:00:00,edge-5,27.379089355432807,79.97363513796377,97.19928447463542,29.891895379595805,0
2025-09-02 23:00:00,edge-5,41.379485672623616,33.61271631549909,111.19630897397263,18.7283363997915,0
2025-09-03 00:00:00,edge-5,48.2768414313263,41.02304340756161,162.1209416732427,13.126023613304758,0
2025-09-03 01:00:00,edge-5,51.43141830976779,46.07653711027396,213.73092981791567,25.41118502672502,0
2025-09-03 02:00:00,edge-5,15.720416955549567,49.560506181299786,125.61549662489804,20.33692521094462,0
2025-09-03 03:00:00,edge-5,23.696900272921958,46.433860141008,121.65426642614747,22.847485278328627,0
2025-09-03 04:00:00,edge-5,66.94333280895863,48.760702603211925,52.61891829526779,8.810548312960888,0
2025-09-03 05:00:00,edge-5,47.15587784706203,72.80980660053955,114.74062178263122,18.368625648980963,0
2025-09-03 06:00:00,edge-5,49.96349547389715,62.715926971741084,102.47981167445184,24.744017069978156,0
2025-09-03 07:00:00,edge-5,30.001150555018977,84.39556156340838,135.6899301378068,16.798189509027633,0
2025-09-03 08:00:00,edge-5,49.93394498500968,65.03676630313869,84.32612555987903,26.17500183532958,0
2025-09-03 09:00:00,edge-5,44.36493528511648,46.47447087778313,108.02868255392289,13.416224615017082,0
2025-09-03 10:00:00,edge-5,40.72201773330556,63.76923902969606,124.2092930572621,19.437098667421292,0
2025-09-03 11:00:00,edge-5,28.072487444968054,29.773790737276734,175.94170299293344,28.224607414951052,0
2025-09-03 12:00:00,edge-5,36.9726930300238,13.76325585723621,162.550871704467,14.245704938428524,0
2025-09-03 13:00:00,edge-5,79.58026202033412,72.86424326605614,150.6428942658432,21.357385842190514,0
2025-09-03 14:00:00,edge-5,44.75794125445468,80.36620117588343,129.08477081353465,22.925498822568944,0
2025-09-03 15:00:00,edge-5,61.844294285959634,61.44258842119682,82.74693866413739,20.457019228514596,0
2025-09-03 16:00:00,edge-5,47.05403301819004,52.173887802469714,129.06154808464373,18.749759925549707,0
2025-09-03 17:00:00,edge-5,45.31825959277401,33.16259587930447,69.10928285181868,15.61840809726174,0
2025-09-03 18:00:00,edge-5,40.45996048403369,83.33850060209303,91.7512452643343,20.982731271399878,0
2025-09-03 19:00:00,edge-5,70.18447991404963,69.85060262649938,171.13475320413326,19.48671586994585,0
2025-09-03 20:00:00,edge-5,55.596078443466624,65.82347097293925,121.5192689803064,12.81852551341241,0
2025-09-03 21:00:00,edge-5,38.1558634217054,59.90352432209487,109.0805228594064,25.499237265836513,0
2025-09-03 22:00:00,edge-5,44.08834975358428,50.608585624368835,114.22843450016542,15.449746746904886,0
2025-09-03 23:00:00,edge-5,66.13860516918557,37.73434217377148,96.24688518386424,12.948422072469747,0
2025-09-04 00:00:00,edge-5,7.421923813150869,65.05408306696908,13.767264010710505,17.021590719904342,0
2025-09-04 01:00:00,edge-5,54.65753330323196,49.22950175213266,49.42451405612643,15.53640248804276,0
2025-09-04 02:00:00,edge-5,58.06402213234134,51.520779154080344,124.68953398655144,18.708795345225823,0
2025-09-04 03:00:00,edge-5,38.753803616385625,94.35691530273579,63.17819398033044,13.787744328248124,0
2025-09-04 04:00:00,edge-5,52.318914606011894,59.03845213170176,95.6965703752276,22.239857021350314,0
2025-09-04 05:00:00,edge-5,57.53464797446789,10.940890304821153,50.90227512184431,26.905253872460655,0
2025-09-04 06:00:00,edge-5,31.532802581612554,49.29083113175992,71.25409567803547,20.52932462492531,0
2025-09-04 07:00:00,edge-5,62.629028046369186,39.970965038389714,99.82953871284897,12.778572100343418,0
2025-09-04 08:00:00,edge-5,54.46010180062213,57.21560598908988,136.9544254632785,15.433901622846106,0
2025-09-04 09:00:00,edge-5,47.70539489125838,31.5113520412207,144.97309478574732,21.10640047751907,0
2025-09-04 10:00:00,edge-5,51.573925827833115,68.67263254585818,70.61451064711613,10.165231615166542,0
2025-09-04 11:00:00,edge-5,60.607886043220034,54.0786694573433,112.26812954356366,13.836089358239237,0
2025-09-04 12:00:00,edge-5,84.74174692595747,50.485748792290366,42.982851513102254,11.762480854411189,0
2025-09-04 13:00:00,edge-5,59.149196040079275,62.99237282747864,102.25642397268899,20.57714629821969,0
2025-09-04 14:00:00,edge-5,62.15873733217453,58.466863044267235,138.13271682951694,30.810896391349214,0
2025-09-04 15:00:00,edge-5,52.90290245994809,57.30579930004994,97.31810427607115,13.695060775626082,0
2025-09-04 16:00:00,edge-5,78.5247694374871,55.51626618100549,152.62748963855285,24.081648539291457,0
2025-09-04 17:00:00,edge-5,28.010097749386887,59.593715667928485,133.47677210110044,17.180618160544228,0
2025-09-04 18:00:00,edge-5,23.938972902977508,66.86352143257375,109.65298193445273,13.399135818090919,0
2025-09-04 19:00:00,edge-5,52.29549094478886,64.35940593977392,90.01180877404106,27.820644174696,0
2025-09-04 20:00:00,edge-5,59.902132772854536,82.53759157093783,78.62680840564411,30.799221754418653,0
2025-09-04 21:00:00,edge-5,11.380765977320806,49.06620852952524,41.681325329762956,22.05931261146424,0
2025-09-04 22:00:00,edge-5,49.9484655822136,64.7625178813274,48.19370760776765,21.812553192432357,0
2025-09-04 23:00:00,edge-5,47.292653620425426,100.0,139.79738622439734,20.311352975831845,0
2025-09-05 00:00:00,edge-5,61.16237282764984,59.18092745985195,160.54763225004922,19.25876785068012,0
2025-09-05 01:00:00,edge-5,56.431033119807914,59.95640614557267,56.75853379834596,21.700393634810197,0
2025-09-05 02:00:00,edge-5,22.876672176994937,34.73227636577147,102.72747699037393,23.38059208857507,0
2025-09-05 03:00:00,edge-5,33.79914137666388,45.73579033719796,37.021063313151565,28.316703168247617,0
2025-09-05 04:00:00,edge-5,37.89815491944513,57.8726777666212,60.92865734496394,17.386333540748016,0
2025-09-05 05:00:00,edge-5,61.08417703903082,70.66907270290838,110.39317343496164,20.636932755569553,0
2025-09-05 06:00:00,edge-5,55.61969348022813,72.98326405333421,79.25211858838284,19.55773922051315,0
2025-09-05 07:00:00,edge-5,40.68912976967609,66.52547947518146,23.352258984880066,25.120310024394346,0
2025-09-05 08:00:00,edge-5,52.16820853952442,76.08196027769026,168.75459069625236,32.000403791738094,0
2025-09-05 09:00:00,edge-5,34.129901408500956,40.01314087028867,98.03413447565906,25.2928222514581,0
2025-09-05 10:00:00,edge-5,80.74458050921031,69.77833270835418,55.82377807507304,23.991219552794448,0
2025-09-05 11:00:00,edge-5,58.61536100985562,60.26706065408174,105.12136830551918,24.539372034012978,0
2025-09-05 12:00:00,edge-5,61.792654646641395,62.49791059766247,96.76531230248763,26.3371134747932,0
2025-09-05 13:00:00,edge-5,70.65216551578101,52.75362395953246,116.8730232796812,32.0722363953902,0
2025-09-05 14:00:00,edge-5,65.243647898271,40.939393208807644,86.40580802776172,11.573073757917408,0
2025-09-05 15:00:00,edge-5,50.472894669823276,35.696940637347645,112.5703394037302,22.997974700215934,0
2025-09-05 16:00:00,edge-5,47.22552552147691,66.41343600811236,137.74543893707116,7.093951776197272,0
2025-09-05 17:00:00,edge-5,69.32426622767994,69.95703346938174,47.272634415528245,24.756767515082288,0
2025-09-05 18:00:00,edge-5,50.39802923430482,57.40859447792664,72.26983785393566,22.755189771759806,0
2025-09-05 19:00:00,edge-5,38.7647332323448,59.70372951288145,133.57047847507644,17.26586514572952,0
2025-09-05 20:00:00,edge-5,79.49948713853192,45.59578543876691,77.94459486937821,6.649846717444596,0
2025-09-05 21:00:00,edge-5,35.961081732705296,70.06123503476523,96.73310020501674,19.92802614549821,0
2025-09-05 22:00:00,edge-5,23.9794238741996,61.21251174662896,81.18430002473264,21.114211263818504,0
2025-09-05 23:00:00,edge-5,64.89164538405223,52.68772334914764,83.67899899300211,19.68446078724217,0
2025-09-06 00:00:00,edge-5,39.03130414035982,77.32166794228755,80.28259876350477,16.892860129746197,0
2025-09-06 01:00:00,edge-5,56.52645026245012,72.90038888268167,49.652478545986995,15.516057450294623,0
2025-09-06 02:00:00,edge-5,77.25816254283258,29.282621053953,118.36787812649818,19.741072934585148,0
2025-09-06 03:00:00,edge-5,29.377303171926908,60.98300955624069,142.4921276137795,15.990617170849921,0
2025-09-06 04:00:00,edge-5,49.386269394631086,40.83527306235864,92.94037412943315,24.046501545995778,0
2025-09-06 05:00:00,edge-5,72.25113834547788,62.79043210064426,137.97851719840574,19.606486313635536,0
2025-09-06 06:00:00,edge-5,60.22829635097121,0.0,80.3566889914732,11.376670352871523,0
2025-09-06 07:00:00,edge-5,47.30268689831031,63.942881492432974,77.9953666653536,20.883497333277568,0
2025-09-06 08:00:00,edge-5,85.84069315486406,74.23967641682283,116.42787611799629,22.070957319136816,0
2025-09-06 09:00:00,edge-5,48.570238364969605,57.78417147327483,117.09498592897546,28.08993937270234,0
2025-09-06 10:00:00,edge-5,55.95311792792798,36.705629889636846,95.4896508274322,24.64069532245813,0
2025-09-06 11:00:00,edge-5,74.74031743865221,99.12740641709922,127.06352441580637,15.506545555251211,0
2025-09-06 12:00:00,edge-5,64.71295357079909,83.11921065293636,48.520925158064514,27.129132306565268,0
2025-09-06 13:00:00,edge-5,69.82579400333715,49.37877228792336,87.84111761960071,13.069839121074013,0
2025-09-06 14:00:00,edge-5,36.50690754775605,54.77952369061258,138.59271304381977,20.140834701249872,0
2025-09-06 15:00:00,edge-5,68.42262173281415,20.379383353068697,138.48505003144675,23.77034049594255,0
2025-09-06 16:00:00,edge-5,52.543881364609554,69.4680132737869,133.44102757624208,27.29347730219163,0
2025-09-06 17:00:00,edge-5,38.813316283348335,32.61522609374417,140.82956632561604,29.44450508413554,0
2025-09-06 18:00:00,edge-5,53.32916365159445,73.32730872024061,85.09837789722508,26.37361899006744,0
2025-09-06 19:00:00,edge-5,52.85369432235349,80.51883847351401,31.79207666929372,19.31692695911228,0
2025-09-06 20:00:00,edge-5,78.0213275378481,58.59472586111619,89.64854433760267,22.898359460846848,0
2025-09-06 21:00:00,edge-5,55.719435584423024,38.71092466272352,125.43982923841928,21.122020044527513,0
2025-09-06 22:00:00,edge-5,38.2879280842383,84.98033468783551,131.97746956663246,16.452825580992034,0
2025-09-06 23:00:00,edge-5,34.828585821992064,60.043389134671195,78.94914032916965,19.421873836817703,0
2025-09-07 00:00:00,edge-5,49.28903823813076,61.864507598488956,61.27936919631708,28.98910233070289,0
2025-09-07 01:00:00,edge-5,29.804514038606452,41.369323928942265,65.25962553932074,23.23080795136313,0
2025-09-07 02:00:00,edge-5,39.26966117771595,63.86107876703696,78.25325071313574,30.29683793769115,0
2025-09-07 03:00:00,edge-5,46.337129730033716,55.941748549591914,24.11441912464811,14.58750711370679,0
2025-09-07 04:00:00,edge-5,43.671719691284366,33.43024391445704,78.91416771167223,18.092212254563986,0
2025-09-07 05:00:00,edge-5,60.90361403554887,86.79984569905147,101.91506882358485,22.07629247955676,0
2025-09-07 06:00:00,edge-5,38.93258573891669,95.18250210633249,96.08462715329775,23.711789297339884,0
2025-09-07 07:00:00,edge-5,12.95028133044574,80.36404655740266,86.78917621159572,19.41607957138809,0
2025-09-07 08:00:00,edge-5,24.71340636002705,77.37666372047113,72.42959925752528,24.002504267244046,0
2025-09-07 09:00:00,edge-5,49.73272796748213,95.30208321181055,77.08771332856045,23.964790325407193,0
2025-09-07 10:00:00,edge-5,41.19795094989865,39.05004501955223,77.79501323619189,13.060385472948997,0
2025-09-07 11:00:00,edge-5,31.449924020628544,38.80993175271341,128.2192065941604,23.76720787494934,0
2025-09-07 12:00:00,edge-5,79.3767699363404,51.71211698689454,99.96284258762009,25.366321890210383,0
2025-09-07 13:00:00,edge-5,62.431251820795325,65.95708734718555,226.67362706706285,21.480775316547636,0
2025-09-07 14:00:00,edge-5,49.123592597851186,54.14752322794583,86.70652589012676,10.800193468194433,0
2025-09-07 15:00:00,edge-5,53.49945863748803,39.60015380810514,117.51492595688887,18.615818546166167,0
2025-09-07 16:00:00,edge-5,46.02288483489524,60.113126764216695,87.59864863595459,22.18970117155086,0
2025-09-07 17:00:00,edge-5,31.192771329571304,58.11240506577845,86.62659720501017,15.671476850331285,0
2025-09-07 18:00:00,edge-5,65.46080429586226,76.82647791736409,162.4948627147192,24.59153925552228,0
2025-09-07 19:00:00,edge-5,62.76995121663398,60.89080415672084,139.90193500459952,23.647951175734853,0
2025-09-07 20:00:00,edge-5,20.339993253919825,21.908777101330685,29.812407562999226,20.67243338441799,0
2025-09-07 21:00:00,edge-5,53.39648753173632,67.70936177694816,59.098960462366385,20.08720067487424,0
2025-09-07 22:00:00,edge-5,55.052483383663436,91.63570800724258,94.55033572840676,20.96443187171678,0
2025-09-07 23:00:00,edge-5,45.17403156716086,60.57854588232184,79.31548972590728,19.97970248644735,0
2025-09-08 00:00:00,edge-5,81.4589800794715,79.73917248961044,39.66691538150969,13.57256259632677,0
2025-09-08 01:00:00,edge-5,79.83116999389166,49.89752683207132,104.63219937249245,17.849465429608802,0
2025-09-08 02:00:00,edge-5,44.33738052128695,71.31498120760754,24.874994488279768,20.36237783764625,0
2025-09-08 03:00:00,edge-5,46.657711842588576,45.108215614936604,105.07011045536005,27.09301414726466,0
2025-09-08 04:00:00,edge-5,44.89594352886208,55.07001952626559,129.19906653409876,23.460219737540797,0
2025-09-08 05:00:00,edge-5,40.830014404290566,55.227447690097726,134.90943543844156,27.36158985609888,0
2025-09-08 06:00:00,edge-5,36.1885923115933,69.53380192648953,94.22743722177916,12.975224525967656,0
2025-09-08 07:00:00,edge-5,57.602856675378874,43.51686376615511,160.43263010655033,18.21911368239713,0
2025-09-08 08:00:00,edge-5,79.42162155088342,30.70230430887986,113.26504185774868,30.36929061282782,0
2025-09-08 09:00:00,edge-5,73.2512283484297,69.40224361256524,133.8330117997374,16.285159008825573,0
2025-09-08 10:00:00,edge-5,61.83765492360457,68.65050815085645,70.5494507947674,16.185361475420848,0
2025-09-08 11:00:00,edge-5,13.893321230470384,62.249730606031655,160.86539187345133,18.64122666040992,0
2025-09-08 12:00:00,edge-5,22.031757749115584,78.65776716290273,99.88169285954814,30.090558717990056,0
2025-09-08 13:00:00,edge-5,65.9624495974286,55.94723061283305,163.07084307350908,16.642379074024753,0
2025-09-08 14:00:00,edge-5,74.29060171893231,65.62698875711581,154.3261314914413,22.78742239703686,1
2025-09-08 15:00:00,edge-5,58.30601936034166,53.00162512377284,110.30552034019675,21.960170251378464,0
2025-09-08 16:00:00,edge-5,45.41629527424614,54.82776729413623,116.2274772440517,10.357555887295836,0
2025-09-08 17:00:00,edge-5,70.28451514093987,66.80432842177584,92.80254948283286,19.921613508975177,0
2025-09-08 18:00:00,edge-5,61.303906578183664,100.0,67.23268528911706,17.235374034762536,0
2025-09-08 19:00:00,edge-5,67.06167921100042,74.8459521049149,123.80792752221966,23.38986006648028,0
2025-09-08 20:00:00,edge-5,22.151463391076593,70.97218499349513,121.761684809108,28.695351193469932,0
2025-09-08 21:00:00,edge-5,55.15009868047575,75.4687881413628,35.25309773321227,18.27725831402503,0
2025-09-08 22:00:00,edge-5,76.6185672070004,13.044442656132446,96.68883605761717,18.277046566698843,0
2025-09-08 23:00:00,edge-5,57.911726456995474,66.38355677508717,134.72057445634442,32.58914118291155,0
2025-09-09 00:00:00,edge-5,64.22367097433988,78.20947383698353,158.62948377469806,16.442292434280958,0
2025-09-09 01:00:00,edge-5,50.54559365757995,61.688532239434984,129.01266024737834,13.284991748327876,0
2025-09-09 02:00:00,edge-5,51.59112683439736,59.13647940091109,39.30933078521197,26.887859548449427,0
2025-09-09 03:00:00,edge-5,71.0379131356073,41.20122218161392,57.82222090597628,19.746832304398712,0
2025-09-09 04:00:00,edge-5,39.95317477239635,51.331792149684794,86.16011620399713,21.41659719505777,0
2025-09-09 05:00:00,edge-5,38.48541322610322,43.33009092935156,155.9524773740065,31.157530471956,0
2025-09-09 06:00:00,edge-5,42.82678962842914,79.99013690628243,75.71694745913729,12.985104714164772,0
2025-09-09 07:00:00,edge-5,50.35169603704418,90.03335577093284,142.3439967490583,19.02268766240488,0
2025-09-09 08:00:00,edge-5,25.848666329978876,98.70132140938975,75.07469609577281,13.818655785536368,0
2025-09-09 09:00:00,edge-5,60.96588395569512,43.00011242854587,121.30471297207353,21.675917289154736,0
2025-09-09 10:00:00,edge-5,47.53629670891709,46.63175079128159,62.39886059388009,17.2349816922421,0
2025-09-09 11:00:00,edge-5,62.80533890166363,45.0060967188399,92.24746431876711,14.135312060427971,0
2025-09-09 12:00:00,edge-5,18.213951102090622,39.62887736763484,54.735539146980045,23.661387276589608,0
2025-09-09 13:00:00,edge-5,62.86284539727423,39.951636158567766,157.72398097125824,20.051645581912844,0
2025-09-09 14:00:00,edge-5,70.05342415929692,49.69010247438155,72.20590692311434,13.741840957470608,0
2025-09-09 15:00:00,edge-5,56.57821751002593,77.48955052414031,38.114141342904446,14.048185015462941,0
2025-09-09 16:00:00,edge-5,50.450284822518626,45.64329503007966,34.947321153340894,21.039040991678714,0
2025-09-09 17:00:00,edge-5,62.97804949005276,81.06160439527196,96.58268766670037,11.64613084244354,0
2025-09-09 18:00:00,edge-5,69.07142388111373,87.34935701254796,81.67727407555925,21.13742134185972,0
2025-09-09 19:00:00,edge-5,57.84389851765124,65.70192981787757,125.94894828661027,26.69778425352144,0
2025-09-09 20:00:00,edge-5,58.964617714689844,84.58261703837385,90.59534294749844,23.335301474601323,0
2025-09-09 21:00:00,edge-5,74.8541281124944,32.77479409341622,146.63864843874268,16.883374510137,0
2025-09-09 22:00:00,edge-5,61.41735478470168,48.83626857501393,84.58335247416267,21.371701357937905,0
2025-09-09 23:00:00,edge-5,37.99611300919251,63.78833096451677,141.05927830819195,13.742119054049358,0
2025-09-10 00:00:00,edge-5,68.99962852861388,64.46468040961777,61.89771964214365,20.681419270177585,0
2025-09-10 01:00:00,edge-5,48.14418065240732,88.58465049712599,39.86667015235965,18.365752378327606,0
2025-09-10 02:00:00,edge-5,50.49924512904172,40.02309300389503,67.06646426991433,14.803242953165245,0
2025-09-10 03:00:00,edge-5,51.60320641135438,49.26088852826813,54.850289429105516,23.11858351313909,0
2025-09-10 04:00:00,edge-5,64.53301801483809,58.30033858538573,50.374756466768595,10.112630345208027,0
2025-09-10 05:00:00,edge-5,76.23279361484354,49.62761609779197,116.546087147062,14.070936134386482,0
2025-09-10 06:00:00,edge-5,50.36632163169025,39.147474269299266,89.42733591726697,14.672094219065583,0
2025-09-10 07:00:00,edge-5,75.96893165168729,50.468991099174026,105.67101703777719,17.47596221757843,0
2025-09-10 08:00:00,edge-5,52.468824691558666,55.08947074424019,121.1019760286681,26.49668734066715,0
2025-09-10 09:00:00,edge-5,71.03251915584462,88.95088930558262,32.572131365508966,23.7712993483633,0
2025-09-10 10:00:00,edge-5,52.9764960730118,39.5953618252095,122.7972186971504,20.526560314355066,0
2025-09-10 11:00:00,edge-5,42.6136451531394,76.30369104716397,51.791806538036454,20.290820406556037,0
2025-09-10 12:00:00,edge-5,78.8314860165013,85.44270676294158,76.92719966170463,19.94121531203772,0
2025-09-10 13:00:00,edge-5,41.18172801829407,49.74810701800925,24.314976446496075,26.859124749792265,0
2025-09-10 14:00:00,edge-5,40.1778638274678,65.19786203423533,126.18320400232221,10.921557527026609,0
2025-09-10 15:00:00,edge-5,31.159395566835165,71.51872633625368,32.437481308577986,23.85779019143839,0
2025-09-10 16:00:00,edge-5,69.00901278803542,68.2200925234475,51.99564669525448,17.459029175580646,0
2025-09-10 17:00:00,edge-5,72.55170949149988,61.6428644258389,54.89675189344708,22.514951591482074,0
2025-09-10 18:00:00,edge-5,55.5969476203014,46.42348168224623,94.84959987080542,22.538879814920357,0
2025-09-10 19:00:00,edge-5,35.24190295942946,73.24913183268117,93.62923054437272,23.666224709897257,0
2025-09-10 20:00:00,edge-5,49.89831821397614,52.51084219318342,132.47592205920358,27.9182374905471,0
2025-09-10 21:00:00,edge-5,45.46070973487843,60.573018675172904,95.81722038090913,13.144822794567066,0
2025-09-10 22:00:00,edge-5,34.542971043739996,63.516366143014174,138.63081605212068,25.027223508043654,0
2025-09-10 23:00:00,edge-5,42.66662655220867,77.11978450882305,115.17297599480956,19.680725648856267,0
2025-09-11 00:00:00,edge-5,57.586034769455544,98.5588241159576,62.180827724511374,17.695720200117474,0
2025-09-11 01:00:00,edge-5,40.922467592247145,45.24429759061516,73.31222113209225,30.16881060518853,0
2025-09-11 02:00:00,edge-5,54.37600824726635,61.05149441847477,160.4233354015625,23.509556197253566,0
2025-09-11 03:00:00,edge-5,23.35516700387998,30.311660346941164,149.09722741673414,17.913977193690556,0
2025-09-11 04:00:00,edge-5,75.18771586695246,89.62883847781106,132.9631448485996,24.786561632231482,0
2025-09-11 05:00:00,edge-5,44.12882632209282,60.87698891736059,138.2195683099081,19.769707624839562,0
